instant,dteday,seasons,yr,mnth,holiday_num,weekday_num,workingday_num,weathersit,atemp,casual,registered,cnt
1,2018-01-01,winter,0,1,1,0,0,2,18.18125,331,654,985
2,2018-01-02,winter,0,1,0,1,1,2,17.68695,131,670,801
3,2018-01-03,winter,0,1,0,2,1,1,9.47025,120,1229,1349
4,2018-01-04,winter,0,1,0,3,1,1,10.6061,108,1454,1562
5,2018-01-05,winter,0,1,0,4,1,1,11.4635,82,1518,1600
6,2018-01-06,winter,0,1,0,5,0,1,11.66045,88,1518,1606
7,2018-01-07,winter,0,1,0,6,0,2,10.44195,148,1362,1510
8,2018-01-08,winter,0,1,0,0,1,2,8.1127,68,891,959
9,2018-01-09,winter,0,1,0,1,1,1,5.80875,54,768,822
10,2018-01-10,winter,0,1,0,2,1,1,7.5444,41,1280,1321
11,2018-01-11,winter,0,1,0,3,1,2,9.5732,43,1220,1263
12,2018-01-12,winter,0,1,0,4,1,1,8.02365,25,1137,1162
13,2018-01-13,winter,0,1,0,5,0,1,7.54415,38,1368,1406
14,2018-01-14,winter,0,1,0,6,0,1,9.42065,54,1367,1421
15,2018-01-15,winter,0,1,0,0,1,2,12.4056,222,1026,1248
16,2018-01-16,winter,0,1,1,1,0,1,11.71085,251,953,1204
17,2018-01-17,winter,0,1,0,2,1,2,8.83855,117,883,1000
18,2018-01-18,winter,0,1,0,3,1,2,11.61665,9,674,683
19,2018-01-19,winter,0,1,0,4,1,2,14.9211,78,1572,1650
20,2018-01-20,winter,0,1,0,5,0,2,12.7525,83,1844,1927
21,2018-01-21,winter,0,1,0,6,0,1,7.89165,75,1468,1543
22,2018-01-22,winter,0,1,0,0,1,1,3.95348,93,888,981
23,2018-01-23,winter,0,1,0,1,1,1,4.941955,150,836,986
24,2018-01-24,winter,0,1,0,2,1,1,5.8965,86,1330,1416
25,2018-01-25,winter,0,1,0,3,1,2,11.7263,186,1799,1985
26,2018-01-26,winter,0,1,0,4,1,3,10.18,34,472,506
27,2018-01-27,winter,0,1,0,5,0,1,10.985,15,416,431
28,2018-01-28,winter,0,1,0,6,0,2,11.16585,38,1129,1167
29,2018-01-29,winter,0,1,0,0,1,1,10.6063,123,975,1098
30,2018-01-30,winter,0,1,0,1,1,1,12.5161,140,956,1096
31,2018-01-31,winter,0,1,0,2,1,2,9.3125,42,1459,1501
32,2018-02-01,winter,0,2,0,3,1,2,11.7265,47,1313,1360
33,2018-02-02,winter,0,2,0,4,1,2,12.72085,72,1454,1526
34,2018-02-03,winter,0,2,0,5,0,1,8.8939,61,1489,1550
35,2018-02-04,winter,0,2,0,6,0,2,11.42935,88,1620,1708
36,2018-02-05,winter,0,2,0,0,1,2,12.1529,100,905,1005
37,2018-02-06,winter,0,2,0,1,1,1,14.58355,354,1269,1623
38,2018-02-07,winter,0,2,0,2,1,1,15.1829,120,1592,1712
39,2018-02-08,winter,0,2,0,3,1,1,9.9123,64,1466,1530
40,2018-02-09,winter,0,2,0,4,1,2,7.21415,53,1552,1605
41,2018-02-10,winter,0,2,0,5,0,1,7.4774,47,1491,1538
42,2018-02-11,winter,0,2,0,6,0,1,10.67545,149,1597,1746
43,2018-02-12,winter,0,2,0,0,1,1,11.6477,288,1184,1472
44,2018-02-13,winter,0,2,1,1,0,1,16.20565,397,1192,1589
45,2018-02-14,winter,0,2,0,2,1,1,19.9175,208,1705,1913
46,2018-02-15,winter,0,2,0,3,1,1,12.7137,140,1675,1815
47,2018-02-16,winter,0,2,0,4,1,1,15.81,218,1897,2115
48,2018-02-17,winter,0,2,0,5,0,1,21.4329,259,2216,2475
49,2018-02-18,winter,0,2,0,6,0,1,25.59915,579,2348,2927
50,2018-02-19,winter,0,2,0,0,1,1,19.5702,532,1103,1635
51,2018-02-20,winter,0,2,1,1,0,1,13.8665,639,1173,1812
52,2018-02-21,winter,0,2,0,2,1,2,14.20375,195,912,1107
53,2018-02-22,winter,0,2,0,3,1,1,9.30165,74,1376,1450
54,2018-02-23,winter,0,2,0,4,1,1,12.28585,139,1778,1917
55,2018-02-24,winter,0,2,0,5,0,2,14.45955,100,1707,1807
56,2018-02-25,winter,0,2,0,6,0,2,17.52305,120,1341,1461
57,2018-02-26,winter,0,2,0,0,1,1,14.1096,424,1545,1969
58,2018-02-27,winter,0,2,0,1,1,1,17.55545,694,1708,2402
59,2018-02-28,winter,0,2,0,2,1,2,20.0059,81,1365,1446
60,2018-03-01,winter,0,3,0,3,1,1,13.19395,137,1714,1851
61,2018-03-02,winter,0,3,0,4,1,1,16.00355,231,1903,2134
62,2018-03-03,winter,0,3,0,5,0,1,10.00665,123,1562,1685
63,2018-03-04,winter,0,3,0,6,0,2,12.78395,214,1730,1944
64,2018-03-05,winter,0,3,0,0,1,2,18.93895,640,1437,2077
65,2018-03-06,winter,0,3,0,1,1,2,18.3126,114,491,605
66,2018-03-07,winter,0,3,0,2,1,1,11.92305,244,1628,1872
67,2018-03-08,winter,0,3,0,3,1,1,15.12,316,1817,2133
68,2018-03-09,winter,0,3,0,4,1,2,14.3304,191,1700,1891
69,2018-03-10,winter,0,3,0,5,0,3,19.2834,46,577,623
70,2018-03-11,winter,0,3,0,6,0,2,15.25,247,1730,1977
71,2018-03-12,winter,0,3,0,0,1,1,16.2875,724,1408,2132
72,2018-03-13,winter,0,3,0,1,1,1,19.00455,982,1435,2417
73,2018-03-14,winter,0,3,0,2,1,1,16.6,359,1687,2046
74,2018-03-15,winter,0,3,0,3,1,2,15.9089,289,1767,2056
75,2018-03-16,winter,0,3,0,4,1,2,18.3465,321,1871,2192
76,2018-03-17,winter,0,3,0,5,0,1,20.51665,424,2320,2744
77,2018-03-18,winter,0,3,0,6,0,1,26.35045,884,2355,3239
78,2018-03-19,winter,0,3,0,0,1,1,23.32625,1424,1693,3117
79,2018-03-20,winter,0,3,0,1,1,1,16.2875,1047,1424,2471
80,2018-03-21,spring,0,3,0,2,1,2,20.48675,401,1676,2077
81,2018-03-22,spring,0,3,0,3,1,1,22.0321,460,2243,2703
82,2018-03-23,spring,0,3,0,4,1,2,16.89695,203,1918,2121
83,2018-03-24,spring,0,3,0,5,0,2,13.54165,166,1699,1865
84,2018-03-25,spring,0,3,0,6,0,1,12.8156,300,1910,2210
85,2018-03-26,spring,0,3,0,0,1,1,12.87855,981,1515,2496
86,2018-03-27,spring,0,3,0,1,1,2,12.51695,472,1221,1693
87,2018-03-28,spring,0,3,0,2,1,1,12.8787,222,1806,2028
88,2018-03-29,spring,0,3,0,3,1,1,14.6454,317,2108,2425
89,2018-03-30,spring,0,3,0,4,1,2,14.8675,168,1368,1536
90,2018-03-31,spring,0,3,1,5,0,3,12.87875,179,1506,1685
91,2018-04-01,spring,0,4,0,6,0,2,14.1727,307,1920,2227
92,2018-04-02,spring,0,4,0,0,1,2,15.78185,898,1354,2252
93,2018-04-03,spring,0,4,0,1,1,1,18.93835,1651,1598,3249
94,2018-04-04,spring,0,4,0,2,1,1,27.14645,734,2381,3115
95,2018-04-05,spring,0,4,0,3,1,2,19.9175,167,1628,1795
96,2018-04-06,spring,0,4,0,4,1,1,19.3804,413,2395,2808
97,2018-04-07,spring,0,4,0,5,0,1,21.6848,571,2570,3141
98,2018-04-08,spring,0,4,0,6,0,2,16.22395,172,1299,1471
99,2018-04-09,spring,0,4,0,0,1,2,17.07645,879,1576,2455
100,2018-04-10,spring,0,4,0,1,1,2,21.33685,1188,1707,2895
101,2018-04-11,spring,0,4,0,2,1,2,28.26085,855,2493,3348
102,2018-04-12,spring,0,4,0,3,1,2,24.6527,257,1777,2034
103,2018-04-13,spring,0,4,0,4,1,2,20.86415,209,1953,2162
104,2018-04-14,spring,0,4,0,5,0,1,23.1371,529,2738,3267
105,2018-04-15,spring,0,4,0,6,0,1,22.09565,642,2484,3126
106,2018-04-16,spring,0,4,0,0,1,3,21.2746,121,674,795
107,2018-04-17,spring,0,4,0,1,1,1,22.2848,1558,2186,3744
108,2018-04-18,spring,0,4,0,2,1,1,25.1573,669,2760,3429
109,2018-04-19,spring,0,4,0,3,1,2,24.4629,409,2795,3204
110,2018-04-20,spring,0,4,0,4,1,1,28.2196,613,3331,3944
111,2018-04-21,spring,0,4,0,5,0,1,22.6946,745,3444,4189
112,2018-04-22,spring,0,4,0,6,0,2,16.0977,177,1506,1683
113,2018-04-23,spring,0,4,0,0,1,2,22.50605,1462,2574,4036
114,2018-04-24,spring,0,4,0,1,1,2,27.58815,1710,2481,4191
115,2018-04-25,spring,0,4,0,2,1,1,28.725,773,3300,4073
116,2018-04-26,spring,0,4,0,3,1,1,29.70415,678,3722,4400
117,2018-04-27,spring,0,4,0,4,1,2,28.7571,547,3325,3872
118,2018-04-28,spring,0,4,0,5,0,2,28.94645,569,3489,4058
119,2018-04-29,spring,0,4,0,6,0,1,24.87315,878,3717,4595
120,2018-04-30,spring,0,4,0,0,1,1,23.20105,1965,3347,5312
121,2018-05-01,spring,0,5,0,1,1,2,22.4102,1138,2213,3351
122,2018-05-02,spring,0,5,0,2,1,2,26.64165,847,3554,4401
123,2018-05-03,spring,0,5,0,3,1,2,29.10395,603,3848,4451
124,2018-05-04,spring,0,5,0,4,1,2,20.2325,255,2378,2633
125,2018-05-05,spring,0,5,0,5,0,1,22.09585,614,3819,4433
126,2018-05-06,spring,0,5,0,6,0,1,23.70585,894,3714,4608
127,2018-05-07,spring,0,5,0,0,1,1,25.63105,1612,3102,4714
128,2018-05-08,spring,0,5,0,1,1,1,25.94665,1401,2932,4333
129,2018-05-09,spring,0,5,0,2,1,1,26.2623,664,3698,4362
130,2018-05-10,spring,0,5,0,3,1,1,26.13605,694,4109,4803
131,2018-05-11,spring,0,5,0,4,1,1,26.42,550,3632,4182
132,2018-05-12,spring,0,5,0,5,0,1,26.16815,695,4169,4864
133,2018-05-13,spring,0,5,0,6,0,2,24.715,692,3413,4105
134,2018-05-14,spring,0,5,0,0,1,2,25.03145,902,2507,3409
135,2018-05-15,spring,0,5,0,1,1,2,26.8,1582,2971,4553
136,2018-05-16,spring,0,5,0,2,1,1,27.5256,773,3185,3958
137,2018-05-17,spring,0,5,0,3,1,2,26.92645,678,3445,4123
138,2018-05-18,spring,0,5,0,4,1,2,26.3579,536,3319,3855
139,2018-05-19,spring,0,5,0,5,0,2,25.5371,735,3840,4575
140,2018-05-20,spring,0,5,0,6,0,1,26.4521,909,4008,4917
141,2018-05-21,spring,0,5,0,0,1,1,28.59875,2258,3547,5805
142,2018-05-22,spring,0,5,0,1,1,1,28.725,1576,3084,4660
143,2018-05-23,spring,0,5,0,2,1,2,29.5148,836,3438,4274
144,2018-05-24,spring,0,5,0,3,1,2,30.24065,659,3833,4492
145,2018-05-25,spring,0,5,0,4,1,1,30.7771,740,4238,4978
146,2018-05-26,spring,0,5,0,5,0,1,32.7344,758,3919,4677
147,2018-05-27,spring,0,5,0,6,0,1,31.8504,871,3808,4679
148,2018-05-28,spring,0,5,0,0,1,1,30.61895,2001,2757,4758
149,2018-05-29,spring,0,5,1,1,0,1,30.7775,2355,2433,4788
150,2018-05-30,spring,0,5,0,2,1,1,33.5546,1549,2549,4098
151,2018-05-31,spring,0,5,0,3,1,1,36.26915,673,3309,3982
152,2018-06-01,spring,0,6,0,4,1,2,36.04835,513,3461,3974
153,2018-06-02,spring,0,6,0,5,0,1,32.1971,736,4232,4968
154,2018-06-03,spring,0,6,0,6,0,1,29.35665,898,4414,5312
155,2018-06-04,spring,0,6,0,0,1,1,29.7348,1869,3473,5342
156,2018-06-05,spring,0,6,0,1,1,2,30.8402,1685,3221,4906
157,2018-06-06,spring,0,6,0,2,1,1,31.0929,673,3875,4548
158,2018-06-07,spring,0,6,0,3,1,1,32.7975,763,4070,4833
159,2018-06-08,spring,0,6,0,4,1,1,36.36395,676,3725,4401
160,2018-06-09,spring,0,6,0,5,0,2,37.87895,563,3352,3915
161,2018-06-10,spring,0,6,0,6,0,1,35.1646,815,3771,4586
162,2018-06-11,spring,0,6,0,0,1,1,33.9019,1729,3237,4966
163,2018-06-12,spring,0,6,0,1,1,1,32.16625,1467,2993,4460
164,2018-06-13,spring,0,6,0,2,1,1,30.0827,863,4157,5020
165,2018-06-14,spring,0,6,0,3,1,1,29.5773,727,4164,4891
166,2018-06-15,spring,0,6,0,4,1,1,29.3877,769,4411,5180
167,2018-06-16,spring,0,6,0,5,0,2,29.7673,545,3222,3767
168,2018-06-17,spring,0,6,0,6,0,1,30.01915,863,3981,4844
169,2018-06-18,spring,0,6,0,0,1,1,32.1977,1807,3312,5119
170,2018-06-19,spring,0,6,0,1,1,2,32.2923,1639,3105,4744
171,2018-06-20,spring,0,6,0,2,1,2,29.7673,699,3311,4010
172,2018-06-21,summer,0,6,0,3,1,2,31.8823,774,4061,4835
173,2018-06-22,summer,0,6,0,4,1,1,34.69145,661,3846,4507
174,2018-06-23,summer,0,6,0,5,0,2,34.69165,746,4044,4790
175,2018-06-24,summer,0,6,0,6,0,1,32.82915,969,4022,4991
176,2018-06-25,summer,0,6,0,0,1,1,32.16565,1782,3420,5202
177,2018-06-26,summer,0,6,0,1,1,1,31.88145,1920,3385,5305
178,2018-06-27,summer,0,6,0,2,1,2,31.8502,854,3854,4708
179,2018-06-28,summer,0,6,0,3,1,1,34.6279,732,3916,4648
180,2018-06-29,summer,0,6,0,4,1,1,32.7344,848,4377,5225
181,2018-06-30,summer,0,6,0,5,0,1,31.8504,1027,4488,5515
182,2018-07-01,summer,0,7,0,6,0,1,32.6081,1246,4116,5362
183,2018-07-02,summer,0,7,0,0,1,1,33.3654,2204,2915,5119
184,2018-07-03,summer,0,7,0,1,1,2,33.42875,2282,2367,4649
185,2018-07-04,summer,0,7,1,2,0,2,33.27085,3065,2978,6043
186,2018-07-05,summer,0,7,1,3,0,1,34.8169,1031,3634,4665
187,2018-07-06,summer,0,7,0,4,1,1,34.28165,784,3845,4629
188,2018-07-07,summer,0,7,0,5,0,1,34.34355,754,3838,4592
189,2018-07-08,summer,0,7,0,6,0,2,33.52415,692,3348,4040
190,2018-07-09,summer,0,7,0,0,1,1,33.2079,1988,3348,5336
191,2018-07-10,summer,0,7,0,1,1,1,34.50125,1743,3138,4881
192,2018-07-11,summer,0,7,0,2,1,1,36.4902,723,3363,4086
193,2018-07-12,summer,0,7,0,3,1,1,36.96375,662,3596,4258
194,2018-07-13,summer,0,7,0,4,1,1,34.4702,748,3594,4342
195,2018-07-14,summer,0,7,0,5,0,1,31.7552,888,4196,5084
196,2018-07-15,summer,0,7,0,6,0,1,31.21855,1318,4220,5538
197,2018-07-16,summer,0,7,0,0,1,1,31.91315,2418,3505,5923
198,2018-07-17,summer,0,7,0,1,1,1,33.49165,2006,3296,5302
199,2018-07-18,summer,0,7,0,2,1,1,35.19625,841,3617,4458
200,2018-07-19,summer,0,7,0,3,1,1,37.37395,752,3789,4541
201,2018-07-20,summer,0,7,0,4,1,1,37.3425,644,3688,4332
202,2018-07-21,summer,0,7,0,5,0,2,41.31855,632,3152,3784
203,2018-07-22,summer,0,7,0,6,0,1,42.0448,562,2825,3387
204,2018-07-23,summer,0,7,0,0,1,1,40.21435,987,2298,3285
205,2018-07-24,summer,0,7,0,1,1,1,39.74145,1050,2556,3606
206,2018-07-25,summer,0,7,0,2,1,1,36.0479,568,3272,3840
207,2018-07-26,summer,0,7,0,3,1,1,34.84895,750,3840,4590
208,2018-07-27,summer,0,7,0,4,1,1,34.53335,755,3901,4656
209,2018-07-28,summer,0,7,1,5,0,1,36.995,606,3784,4390
210,2018-07-29,summer,0,7,0,6,0,1,39.29835,670,3176,3846
211,2018-07-30,summer,0,7,0,0,1,1,36.42685,1559,2916,4475
212,2018-07-31,summer,0,7,0,1,1,1,36.4898,1524,2778,4302
213,2018-08-01,summer,0,8,0,2,1,1,35.1646,729,3537,4266
214,2018-08-02,summer,0,8,0,3,1,1,35.35355,801,4044,4845
215,2018-08-03,summer,0,8,0,4,1,2,33.99685,467,3107,3574
216,2018-08-04,summer,0,8,0,5,0,2,33.2394,799,3777,4576
217,2018-08-05,summer,0,8,0,6,0,1,32.82835,1023,3843,4866
218,2018-08-06,summer,0,8,0,0,1,2,33.8077,1521,2773,4294
219,2018-08-07,summer,0,8,0,1,1,1,35.7646,1298,2487,3785
220,2018-08-08,summer,0,8,0,2,1,1,35.16415,846,3480,4326
221,2018-08-09,summer,0,8,0,3,1,1,36.20605,907,3695,4602
222,2018-08-10,summer,0,8,0,4,1,1,34.24915,884,3896,4780
223,2018-08-11,summer,0,8,0,5,0,1,32.57605,812,3980,4792
224,2018-08-12,summer,0,8,0,6,0,1,32.7021,1051,3854,4905
225,2018-08-13,summer,0,8,0,0,1,2,32.2929,1504,2646,4150
226,2018-08-14,summer,0,8,0,1,1,2,31.2194,1338,2482,3820
227,2018-08-15,summer,0,8,0,2,1,1,30.80835,775,3563,4338
228,2018-08-16,summer,0,8,0,3,1,1,32.29185,721,4004,4725
229,2018-08-17,summer,0,8,0,4,1,1,33.33355,668,4026,4694
230,2018-08-18,summer,0,8,0,5,0,1,33.1129,639,3166,3805
231,2018-08-19,summer,0,8,0,6,0,2,31.66105,797,3356,4153
232,2018-08-20,summer,0,8,0,0,1,1,32.4498,1914,3277,5191
233,2018-08-21,summer,0,8,0,1,1,1,33.77625,1249,2624,3873
234,2018-08-22,summer,0,8,0,2,1,1,31.9127,833,3925,4758
235,2018-08-23,summer,0,8,0,3,1,1,30.30335,1281,4614,5895
236,2018-08-24,summer,0,8,0,4,1,1,31.5346,949,4181,5130
237,2018-08-25,summer,0,8,0,5,0,2,32.2927,435,3107,3542
238,2018-08-26,summer,0,8,0,6,0,1,32.98665,768,3893,4661
239,2018-08-27,summer,0,8,0,0,1,2,31.7778,226,889,1115
240,2018-08-28,summer,0,8,0,1,1,1,32.39795,1415,2919,4334
241,2018-08-29,summer,0,8,0,2,1,1,30.3979,729,3905,4634
242,2018-08-30,summer,0,8,0,3,1,1,29.7352,775,4429,5204
243,2018-08-31,summer,0,8,0,4,1,1,30.55605,688,4370,5058
244,2018-09-01,summer,0,9,0,5,0,1,30.74605,783,4332,5115
245,2018-09-02,summer,0,9,0,6,0,2,30.2404,875,3852,4727
246,2018-09-03,summer,0,9,0,0,1,1,31.66065,1935,2549,4484
247,2018-09-04,summer,0,9,1,1,0,1,33.27145,2521,2419,4940
248,2018-09-05,summer,0,9,0,2,1,2,31.2823,1236,2115,3351
249,2018-09-06,summer,0,9,0,3,1,3,25.76,204,2506,2710
250,2018-09-07,summer,0,9,0,4,1,3,27.21145,118,1878,1996
251,2018-09-08,summer,0,9,0,5,0,3,27.76805,153,1689,1842
252,2018-09-09,summer,0,9,0,6,0,2,28.9473,417,3127,3544
253,2018-09-10,summer,0,9,0,0,1,1,30.3981,1750,3595,5345
254,2018-09-11,summer,0,9,0,1,1,1,30.46145,1633,3413,5046
255,2018-09-12,summer,0,9,0,2,1,1,30.1065,690,4023,4713
256,2018-09-13,summer,0,9,0,3,1,1,30.1777,701,4062,4763
257,2018-09-14,summer,0,9,0,4,1,1,31.345,647,4138,4785
258,2018-09-15,summer,0,9,0,5,0,2,27.68355,428,3231,3659
259,2018-09-16,summer,0,9,0,6,0,2,23.07375,742,4018,4760
260,2018-09-17,summer,0,9,0,0,1,2,23.9256,1434,3077,4511
261,2018-09-18,summer,0,9,0,1,1,1,24.52685,1353,2921,4274
262,2018-09-19,summer,0,9,0,2,1,2,26.48375,691,3848,4539
263,2018-09-20,summer,0,9,0,3,1,2,26.61085,438,3203,3641
264,2018-09-21,summer,0,9,0,4,1,2,27.52665,539,3813,4352
265,2018-09-22,summer,0,9,0,5,0,2,27.74815,555,4240,4795
266,2018-09-23,autumn,0,9,0,6,0,2,26.10625,258,2137,2395
267,2018-09-24,autumn,0,9,0,0,1,2,28.2206,1776,3647,5423
268,2018-09-25,autumn,0,9,0,1,1,2,28.63185,1544,3466,5010
269,2018-09-26,autumn,0,9,0,2,1,2,29.4521,684,3946,4630
270,2018-09-27,autumn,0,9,0,3,1,2,28.72625,477,3643,4120
271,2018-09-28,autumn,0,9,0,4,1,2,28.7579,480,3427,3907
272,2018-09-29,autumn,0,9,0,5,0,1,28.7256,653,4186,4839
273,2018-09-30,autumn,0,9,0,6,0,1,27.24145,830,4372,5202
274,2018-10-01,autumn,0,10,0,0,1,2,20.64315,480,1949,2429
275,2018-10-02,autumn,0,10,0,1,1,2,17.26585,616,2302,2918
276,2018-10-03,autumn,0,10,0,2,1,2,19.6023,330,3240,3570
277,2018-10-04,autumn,0,10,0,3,1,1,23.6429,486,3970,4456
278,2018-10-05,autumn,0,10,0,4,1,1,26.3569,559,4267,4826
279,2018-10-06,autumn,0,10,0,5,0,1,24.02125,639,4126,4765
280,2018-10-07,autumn,0,10,0,6,0,1,25.2202,949,4036,4985
281,2018-10-08,autumn,0,10,0,0,1,1,25.6621,2235,3174,5409
282,2018-10-09,autumn,0,10,0,1,1,1,26.19915,2397,3114,5511
283,2018-10-10,autumn,0,10,0,2,1,1,27.14625,1514,3603,5117
284,2018-10-11,autumn,0,10,0,3,1,2,27.3048,667,3896,4563
285,2018-10-12,autumn,0,10,0,4,1,3,25.88585,217,2199,2416
286,2018-10-13,autumn,0,10,0,5,0,2,27.5902,290,2623,2913
287,2018-10-14,autumn,0,10,0,6,0,2,26.48375,529,3115,3644
288,2018-10-15,autumn,0,10,0,0,1,1,24.93625,1899,3318,5217
289,2018-10-16,autumn,0,10,0,1,1,1,25.1577,1748,3293,5041
290,2018-10-17,autumn,0,10,0,2,1,1,25.53625,713,3857,4570
291,2018-10-18,autumn,0,10,0,3,1,2,26.13605,637,4111,4748
292,2018-10-19,autumn,0,10,0,4,1,3,25.6924,254,2170,2424
293,2018-10-20,autumn,0,10,0,5,0,1,23.32625,471,3724,4195
294,2018-10-21,autumn,0,10,0,6,0,1,21.1798,676,3628,4304
295,2018-10-22,autumn,0,10,0,0,1,1,21.2746,1499,2809,4308
296,2018-10-23,autumn,0,10,0,1,1,1,21.11665,1619,2762,4381
297,2018-10-24,autumn,0,10,0,2,1,1,22.85335,699,3488,4187
298,2018-10-25,autumn,0,10,0,3,1,1,23.16875,695,3992,4687
299,2018-10-26,autumn,0,10,0,4,1,2,23.6423,404,3490,3894
300,2018-10-27,autumn,0,10,0,5,0,2,22.8523,240,2419,2659
301,2018-10-28,autumn,0,10,0,6,0,2,15.9406,456,3291,3747
302,2018-10-29,autumn,0,10,0,0,1,3,11.39565,57,570,627
303,2018-10-30,autumn,0,10,0,1,1,1,16.06645,885,2446,3331
304,2018-10-31,autumn,0,10,0,2,1,1,17.80315,362,3307,3669
305,2018-11-01,autumn,0,11,0,3,1,1,19.8544,410,3658,4068
306,2018-11-02,autumn,0,11,0,4,1,1,19.50665,370,3816,4186
307,2018-11-03,autumn,0,11,0,5,0,1,20.29605,318,3656,3974
308,2018-11-04,autumn,0,11,0,6,0,2,20.1696,470,3576,4046
309,2018-11-05,autumn,0,11,0,0,1,1,16.1927,1156,2770,3926
310,2018-11-06,autumn,0,11,0,1,1,1,18.1179,952,2697,3649
311,2018-11-07,autumn,0,11,0,2,1,1,20.04355,373,3662,4035
312,2018-11-08,autumn,0,11,0,3,1,1,20.6123,376,3829,4205
313,2018-11-09,autumn,0,11,0,4,1,1,20.45395,305,3804,4109
314,2018-11-10,autumn,0,11,1,5,0,2,18.68605,190,2743,2933
315,2018-11-11,autumn,0,11,0,6,0,1,15.34085,440,2928,3368
316,2018-11-12,autumn,0,11,0,0,1,1,17.8971,1275,2792,4067
317,2018-11-13,autumn,0,11,0,1,1,1,21.5275,1004,2713,3717
318,2018-11-14,autumn,0,11,0,2,1,1,26.2306,595,3891,4486
319,2018-11-15,autumn,0,11,0,3,1,2,25.37895,449,3746,4195
320,2018-11-16,autumn,0,11,0,4,1,3,22.5994,145,1672,1817
321,2018-11-17,autumn,0,11,0,5,0,2,16.16105,139,2914,3053
322,2018-11-18,autumn,0,11,0,6,0,1,13.63605,245,3147,3392
323,2018-11-19,autumn,0,11,0,0,1,1,16.22415,943,2720,3663
324,2018-11-20,autumn,0,11,0,1,1,2,22.8529,787,2733,3520
325,2018-11-21,autumn,0,11,0,2,1,3,22.2531,220,2545,2765
326,2018-11-22,autumn,0,11,0,3,1,3,21.0848,69,1538,1607
327,2018-11-23,autumn,0,11,1,4,0,2,21.52685,112,2454,2566
328,2018-11-24,autumn,0,11,1,5,0,1,18.62355,560,935,1495
329,2018-11-25,autumn,0,11,0,6,0,1,19.03355,1095,1697,2792
330,2018-11-26,autumn,0,11,0,0,1,1,19.25435,1249,1819,3068
331,2018-11-27,autumn,0,11,0,1,1,1,22.79,810,2261,3071
332,2018-11-28,autumn,0,11,0,2,1,1,24.5061,253,3614,3867
333,2018-11-29,autumn,0,11,0,3,1,2,22.56875,96,2818,2914
334,2018-11-30,autumn,0,11,0,4,1,1,15.56105,188,3425,3613
335,2018-12-01,autumn,0,12,0,5,0,1,15.2777,182,3545,3727
336,2018-12-02,autumn,0,12,0,6,0,1,16.57165,268,3672,3940
337,2018-12-03,autumn,0,12,0,0,1,1,15.5302,706,2908,3614
338,2018-12-04,autumn,0,12,0,1,1,1,17.455,634,2851,3485
339,2018-12-05,autumn,0,12,0,2,1,2,19.69625,233,3578,3811
340,2018-12-06,autumn,0,12,0,3,1,3,22.82,126,2468,2594
341,2018-12-07,autumn,0,12,0,4,1,3,20.0123,50,655,705
342,2018-12-08,autumn,0,12,0,5,0,1,12.8469,150,3172,3322
343,2018-12-09,autumn,0,12,0,6,0,1,15.8771,261,3359,3620
344,2018-12-10,autumn,0,12,0,0,1,1,13.3206,502,2688,3190
345,2018-12-11,autumn,0,12,0,1,1,1,12.6577,377,2366,2743
346,2018-12-12,autumn,0,12,0,2,1,1,13.5098,143,3167,3310
347,2018-12-13,autumn,0,12,0,3,1,1,15.0569,155,3368,3523
348,2018-12-14,autumn,0,12,0,4,1,2,16.9181,178,3562,3740
349,2018-12-15,autumn,0,12,0,5,0,2,20.61185,181,3528,3709
350,2018-12-16,autumn,0,12,0,6,0,2,17.99125,178,3399,3577
351,2018-12-17,autumn,0,12,0,0,1,2,12.46855,275,2464,2739
352,2018-12-18,autumn,0,12,0,1,1,1,12.27895,220,2211,2431
353,2018-12-19,autumn,0,12,0,2,1,1,14.04665,260,3143,3403
354,2018-12-20,autumn,0,12,0,3,1,2,19.8227,216,3534,3750
355,2018-12-21,winter,0,12,0,4,1,2,21.40085,107,2553,2660
356,2018-12-22,winter,0,12,0,5,0,2,21.30605,227,2841,3068
357,2018-12-23,winter,0,12,0,6,0,1,18.87565,163,2046,2209
358,2018-12-24,winter,0,12,1,0,0,1,14.9621,155,856,1011
359,2018-12-25,winter,0,12,1,1,0,1,13.99805,303,451,754
360,2018-12-26,winter,0,12,0,2,1,1,15.77675,430,887,1317
361,2018-12-27,winter,0,12,0,3,1,2,16.38165,103,1059,1162
362,2018-12-28,winter,0,12,0,4,1,1,13.9987,255,2047,2302
363,2018-12-29,winter,0,12,0,5,0,1,13.1946,254,2169,2423
364,2018-12-30,winter,0,12,0,6,0,1,15.9406,491,2508,2999
365,2018-12-31,winter,0,12,1,0,0,1,20.70605,665,1820,2485
366,2019-01-01,winter,1,1,1,1,0,1,18.78105,686,1608,2294
367,2019-01-02,winter,1,1,0,2,1,1,12.6152,244,1707,1951
368,2019-01-03,winter,1,1,0,3,1,1,6.31375,89,2147,2236
369,2019-01-04,winter,1,1,0,4,1,2,5.96685,95,2273,2368
370,2019-01-05,winter,1,1,0,5,0,1,13.9206,140,3132,3272
371,2019-01-06,winter,1,1,0,6,0,1,17.01335,307,3791,4098
372,2019-01-07,winter,1,1,0,0,1,1,19.53895,1070,3451,4521
373,2019-01-08,winter,1,1,0,1,1,1,17.0129,599,2826,3425
374,2019-01-09,winter,1,1,0,2,1,2,12.37395,106,2270,2376
375,2019-01-10,winter,1,1,0,3,1,1,15.9413,173,3425,3598
376,2019-01-11,winter,1,1,0,4,1,2,14.14105,92,2085,2177
377,2019-01-12,winter,1,1,0,5,0,2,19.0969,269,3828,4097
378,2019-01-13,winter,1,1,0,6,0,1,12.4681,174,3040,3214
379,2019-01-14,winter,1,1,0,0,1,1,9.15435,333,2160,2493
380,2019-01-15,winter,1,1,0,1,1,1,8.08125,284,2027,2311
381,2019-01-16,winter,1,1,1,2,0,1,9.53315,217,2081,2298
382,2019-01-17,winter,1,1,0,3,1,2,18.2139,127,2808,2935
383,2019-01-18,winter,1,1,0,4,1,1,13.7627,109,3267,3376
384,2019-01-19,winter,1,1,0,5,0,1,9.5019,130,3162,3292
385,2019-01-20,winter,1,1,0,6,0,2,11.0479,115,3048,3163
386,2019-01-21,winter,1,1,0,0,1,2,8.74375,67,1234,1301
387,2019-01-22,winter,1,1,0,1,1,2,8.1125,196,1781,1977
388,2019-01-23,winter,1,1,0,2,1,2,12.1529,145,2287,2432
389,2019-01-24,winter,1,1,0,3,1,1,17.4554,439,3900,4339
390,2019-01-25,winter,1,1,0,4,1,1,14.74105,467,3803,4270
391,2019-01-26,winter,1,1,0,5,0,2,17.8025,244,3831,4075
392,2019-01-27,winter,1,1,0,6,0,2,20.76915,269,3187,3456
393,2019-01-28,winter,1,1,0,0,1,1,16.31895,775,3248,4023
394,2019-01-29,winter,1,1,0,1,1,1,13.63605,558,2685,3243
395,2019-01-30,winter,1,1,0,2,1,1,13.13125,126,3498,3624
396,2019-01-31,winter,1,1,0,3,1,1,19.06585,324,4185,4509
397,2019-02-01,winter,1,2,0,4,1,1,23.3269,304,4275,4579
398,2019-02-02,winter,1,2,0,5,0,2,19.94855,190,3571,3761
399,2019-02-03,winter,1,2,0,6,0,1,15.4673,310,3841,4151
400,2019-02-04,winter,1,2,0,0,1,2,13.63625,384,2448,2832
401,2019-02-05,winter,1,2,0,1,1,2,13.22605,318,2629,2947
402,2019-02-06,winter,1,2,0,2,1,1,14.8213,206,3578,3784
403,2019-02-07,winter,1,2,0,3,1,1,18.0552,199,4176,4375
404,2019-02-08,winter,1,2,0,4,1,2,13.32105,109,2693,2802
405,2019-02-09,winter,1,2,0,5,0,1,13.0994,163,3667,3830
406,2019-02-10,winter,1,2,0,6,0,2,14.6779,227,3604,3831
407,2019-02-11,winter,1,2,0,0,1,3,10.54335,192,1977,2169
408,2019-02-12,winter,1,2,0,1,1,1,5.0829,73,1456,1529
409,2019-02-13,winter,1,2,1,2,0,1,11.39565,94,3328,3422
410,2019-02-14,winter,1,2,0,3,1,2,16.6973,135,3787,3922
411,2019-02-15,winter,1,2,0,4,1,1,17.58145,141,4028,4169
412,2019-02-16,winter,1,2,0,5,0,2,16.5081,74,2931,3005
413,2019-02-17,winter,1,2,0,6,0,1,17.58145,349,3805,4154
414,2019-02-18,winter,1,2,0,0,1,1,17.77125,1435,2883,4318
415,2019-02-19,winter,1,2,0,1,1,2,13.2894,618,2071,2689
416,2019-02-20,winter,1,2,1,2,0,1,13.66955,502,2627,3129
417,2019-02-21,winter,1,2,0,3,1,1,14.75565,163,3614,3777
418,2019-02-22,winter,1,2,0,4,1,1,19.63335,394,4379,4773
419,2019-02-23,winter,1,2,0,5,0,1,22.2223,516,4546,5062
420,2019-02-24,winter,1,2,0,6,0,2,20.54855,246,3241,3487
421,2019-02-25,winter,1,2,0,0,1,1,12.78375,317,2415,2732
422,2019-02-26,winter,1,2,0,1,1,1,13.4154,515,2874,3389
423,2019-02-27,winter,1,2,0,2,1,1,17.8977,253,4069,4322
424,2019-02-28,winter,1,2,0,3,1,1,17.67625,229,4134,4363
425,2019-03-01,winter,1,3,0,4,1,1,23.76855,325,4665,4990
426,2019-03-02,winter,1,3,0,5,0,2,17.9921,246,2948,3194
427,2019-03-03,winter,1,3,0,6,0,2,20.6746,956,3110,4066
428,2019-03-04,winter,1,3,0,0,1,1,15.15105,710,2713,3423
429,2019-03-05,winter,1,3,0,1,1,1,12.05855,203,3130,3333
430,2019-03-06,winter,1,3,0,2,1,1,12.7521,221,3735,3956
431,2019-03-07,winter,1,3,0,3,1,1,19.255,432,4484,4916
432,2019-03-08,winter,1,3,0,4,1,1,26.2302,486,4896,5382
433,2019-03-09,winter,1,3,0,5,0,2,19.85415,447,4122,4569
434,2019-03-10,winter,1,3,0,6,0,1,13.88835,968,3150,4118
435,2019-03-11,winter,1,3,0,0,1,1,17.9835,1658,3253,4911
436,2019-03-12,winter,1,3,0,1,1,1,22.9796,838,4460,5298
437,2019-03-13,winter,1,3,0,2,1,1,27.14645,762,5085,5847
438,2019-03-14,winter,1,3,0,3,1,1,27.43085,997,5315,6312
439,2019-03-15,winter,1,3,0,4,1,1,26.64125,1005,5187,6192
440,2019-03-16,winter,1,3,0,5,0,2,21.81145,548,3830,4378
441,2019-03-17,winter,1,3,0,6,0,2,25.2523,3155,4681,7836
442,2019-03-18,winter,1,3,0,0,1,2,23.2,2207,3685,5892
443,2019-03-19,winter,1,3,0,1,1,1,26.64105,982,5171,6153
444,2019-03-20,winter,1,3,0,2,1,1,26.92665,1051,5042,6093
445,2019-03-21,spring,1,3,0,3,1,2,25.6629,1122,5108,6230
446,2019-03-22,spring,1,3,0,4,1,1,26.57835,1334,5537,6871
447,2019-03-23,spring,1,3,0,5,0,2,28.50335,2469,5893,8362
448,2019-03-24,spring,1,3,0,6,0,2,24.33665,1033,2339,3372
449,2019-03-25,spring,1,3,0,0,1,2,21.8744,1532,3464,4996
450,2019-03-26,spring,1,3,0,1,1,1,21.9375,795,4763,5558
451,2019-03-27,spring,1,3,0,2,1,1,15.7827,531,4571,5102
452,2019-03-28,spring,1,3,0,3,1,1,23.5475,674,5024,5698
453,2019-03-29,spring,1,3,0,4,1,1,24.1152,834,5299,6133
454,2019-03-30,spring,1,3,0,5,0,2,18.78105,796,4663,5459
455,2019-03-31,spring,1,3,1,6,0,2,21.0854,2301,3934,6235
456,2019-04-01,spring,1,4,0,0,1,2,20.86435,2347,3694,6041
457,2019-04-02,spring,1,4,0,1,1,1,21.37565,1208,4728,5936
458,2019-04-03,spring,1,4,0,2,1,1,23.07415,1348,5424,6772
459,2019-04-04,spring,1,4,0,3,1,1,26.6725,1058,5378,6436
460,2019-04-05,spring,1,4,0,4,1,1,21.55815,1192,5265,6457
461,2019-04-06,spring,1,4,0,5,0,1,19.53835,1807,4653,6460
462,2019-04-07,spring,1,4,0,6,0,1,21.30645,3252,3605,6857
463,2019-04-08,spring,1,4,0,0,1,1,24.62125,2230,2939,5169
464,2019-04-09,spring,1,4,0,1,1,1,23.8319,905,4680,5585
465,2019-04-10,spring,1,4,0,2,1,1,21.81165,819,5099,5918
466,2019-04-11,spring,1,4,0,3,1,1,16.8637,482,4380,4862
467,2019-04-12,spring,1,4,0,4,1,1,19.3802,663,4746,5409
468,2019-04-13,spring,1,4,0,5,0,1,21.5904,1252,5146,6398
469,2019-04-14,spring,1,4,0,6,0,1,24.3998,2795,4665,7460
470,2019-04-15,spring,1,4,0,0,1,1,28.69375,2846,4286,7132
471,2019-04-16,spring,1,4,0,1,1,1,30.74625,1198,5172,6370
472,2019-04-17,spring,1,4,0,2,1,1,29.92435,989,5702,6691
473,2019-04-18,spring,1,4,0,3,1,2,22.8519,347,4020,4367
474,2019-04-19,spring,1,4,0,4,1,1,24.6523,846,5719,6565
475,2019-04-20,spring,1,4,0,5,0,1,25.78875,1340,5950,7290
476,2019-04-21,spring,1,4,0,6,0,1,27.14605,2541,4083,6624
477,2019-04-22,spring,1,4,0,0,1,3,19.4752,120,907,1027
478,2019-04-23,spring,1,4,0,1,1,2,15.05625,195,3019,3214
479,2019-04-24,spring,1,4,0,2,1,1,20.26415,518,5115,5633
480,2019-04-25,spring,1,4,0,3,1,1,23.51585,655,5541,6196
481,2019-04-26,spring,1,4,0,4,1,2,24.17915,475,4551,5026
482,2019-04-27,spring,1,4,0,5,0,1,22.63185,1014,5219,6233
483,2019-04-28,spring,1,4,0,6,0,2,18.8752,1120,3100,4220
484,2019-04-29,spring,1,4,0,0,1,1,22.50605,2229,4075,6304
485,2019-04-30,spring,1,4,0,1,1,2,22.8848,665,4907,5572
486,2019-05-01,spring,1,5,0,2,1,2,28.85105,653,5087,5740
487,2019-05-02,spring,1,5,0,3,1,1,26.8948,667,5502,6169
488,2019-05-03,spring,1,5,0,4,1,2,26.8621,764,5657,6421
489,2019-05-04,spring,1,5,0,5,0,1,29.54585,1069,5227,6296
490,2019-05-05,spring,1,5,0,6,0,2,29.2304,2496,4387,6883
491,2019-05-06,spring,1,5,0,0,1,2,27.33685,2135,4224,6359
492,2019-05-07,spring,1,5,0,1,1,2,26.3571,1008,5265,6273
493,2019-05-08,spring,1,5,0,2,1,2,27.87355,738,4990,5728
494,2019-05-09,spring,1,5,0,3,1,2,27.65125,620,4097,4717
495,2019-05-10,spring,1,5,0,4,1,1,24.58915,1026,5546,6572
496,2019-05-11,spring,1,5,0,5,0,1,26.04165,1319,5711,7030
497,2019-05-12,spring,1,5,0,6,0,1,27.24085,2622,4807,7429
498,2019-05-13,spring,1,5,0,0,1,1,29.2619,2172,3946,6118
499,2019-05-14,spring,1,5,0,1,1,2,27.495,342,2501,2843
500,2019-05-15,spring,1,5,0,2,1,2,28.8202,625,4490,5115
501,2019-05-16,spring,1,5,0,3,1,1,29.79875,991,6433,7424
502,2019-05-17,spring,1,5,0,4,1,1,28.63065,1242,6142,7384
503,2019-05-18,spring,1,5,0,5,0,1,27.55605,1521,6118,7639
504,2019-05-19,spring,1,5,0,6,0,1,28.3454,3410,4884,8294
505,2019-05-20,spring,1,5,0,0,1,1,29.19835,2704,4425,7129
506,2019-05-21,spring,1,5,0,1,1,2,28.28335,630,3729,4359
507,2019-05-22,spring,1,5,0,2,1,2,29.04125,819,5254,6073
508,2019-05-23,spring,1,5,0,3,1,2,29.2306,766,4494,5260
509,2019-05-24,spring,1,5,0,4,1,1,30.335,1059,5711,6770
510,2019-05-25,spring,1,5,0,5,0,1,31.37645,1417,5317,6734
511,2019-05-26,spring,1,5,0,6,0,1,32.1348,2855,3681,6536
512,2019-05-27,spring,1,5,0,0,1,1,32.07125,3283,3308,6591
513,2019-05-28,spring,1,5,0,1,1,1,33.965,2557,3486,6043
514,2019-05-29,spring,1,5,1,2,0,1,33.6496,880,4863,5743
515,2019-05-30,spring,1,5,0,3,1,2,30.55645,745,6110,6855
516,2019-05-31,spring,1,5,0,4,1,1,31.56645,1100,6238,7338
517,2019-06-01,spring,1,6,0,5,0,2,30.3981,533,3594,4127
518,2019-06-02,spring,1,6,0,6,0,1,28.3144,2795,5325,8120
519,2019-06-03,spring,1,6,0,0,1,1,28.75665,2494,5147,7641
520,2019-06-04,spring,1,6,0,1,1,1,28.91415,1071,5927,6998
521,2019-06-05,spring,1,6,0,2,1,2,26.2946,968,6033,7001
522,2019-06-06,spring,1,6,0,3,1,1,27.1146,1027,6028,7055
523,2019-06-07,spring,1,6,0,4,1,1,28.4721,1038,6456,7494
524,2019-06-08,spring,1,6,0,5,0,1,29.8931,1488,6248,7736
525,2019-06-09,spring,1,6,0,6,0,1,32.41835,2708,4790,7498
526,2019-06-10,spring,1,6,0,0,1,1,33.17585,2224,4374,6598
527,2019-06-11,spring,1,6,0,1,1,2,32.98605,1017,5647,6664
528,2019-06-12,spring,1,6,0,2,1,2,29.89375,477,4495,4972
529,2019-06-13,spring,1,6,0,3,1,1,30.55585,1173,6248,7421
530,2019-06-14,spring,1,6,0,4,1,1,31.21915,1180,6183,7363
531,2019-06-15,spring,1,6,0,5,0,1,29.9877,1563,6102,7665
532,2019-06-16,spring,1,6,0,6,0,1,29.7354,2963,4739,7702
533,2019-06-17,spring,1,6,0,0,1,1,28.59875,2634,4344,6978
534,2019-06-18,spring,1,6,0,1,1,2,27.2421,653,4446,5099
535,2019-06-19,spring,1,6,0,2,1,1,32.7346,968,5857,6825
536,2019-06-20,spring,1,6,0,3,1,1,36.04875,872,5339,6211
537,2019-06-21,summer,1,6,0,4,1,1,37.6271,778,5127,5905
538,2019-06-22,summer,1,6,0,5,0,1,36.20605,964,4859,5823
539,2019-06-23,summer,1,6,0,6,0,1,32.6396,2657,4801,7458
540,2019-06-24,summer,1,6,0,0,1,1,33.7127,2551,4340,6891
541,2019-06-25,summer,1,6,0,1,1,1,32.7021,1139,5640,6779
542,2019-06-26,summer,1,6,0,2,1,1,29.7352,1077,6365,7442
543,2019-06-27,summer,1,6,0,3,1,1,32.0396,1077,6258,7335
544,2019-06-28,summer,1,6,0,4,1,1,33.7756,921,5958,6879
545,2019-06-29,summer,1,6,0,5,0,1,39.33065,829,4634,5463
546,2019-06-30,summer,1,6,0,6,0,1,34.3754,1455,4232,5687
547,2019-07-01,summer,1,7,0,0,1,1,37.53145,1421,4110,5531
548,2019-07-02,summer,1,7,0,1,1,1,35.1019,904,5323,6227
549,2019-07-03,summer,1,7,0,2,1,1,35.1325,1052,5608,6660
550,2019-07-04,summer,1,7,1,3,0,1,36.61685,2562,4841,7403
551,2019-07-05,summer,1,7,1,4,0,1,38.06835,1405,4836,6241
552,2019-07-06,summer,1,7,0,5,0,1,37.62665,1366,4841,6207
553,2019-07-07,summer,1,7,0,6,0,1,40.24565,1448,3392,4840
554,2019-07-08,summer,1,7,0,0,1,1,39.5198,1203,3469,4672
555,2019-07-09,summer,1,7,0,1,1,2,32.7027,998,5571,6569
556,2019-07-10,summer,1,7,0,2,1,2,33.2398,954,5336,6290
557,2019-07-11,summer,1,7,0,3,1,1,32.51355,975,6289,7264
558,2019-07-12,summer,1,7,0,4,1,1,32.73415,1032,6414,7446
559,2019-07-13,summer,1,7,0,5,0,2,33.39665,1511,5988,7499
560,2019-07-14,summer,1,7,0,6,0,2,33.3021,2355,4614,6969
561,2019-07-15,summer,1,7,0,0,1,1,35.2598,1920,4111,6031
562,2019-07-16,summer,1,7,0,1,1,1,36.20625,1088,5742,6830
563,2019-07-17,summer,1,7,0,2,1,1,37.78415,921,5865,6786
564,2019-07-18,summer,1,7,0,3,1,1,37.27915,799,4914,5713
565,2019-07-19,summer,1,7,0,4,1,1,35.7321,888,5703,6591
566,2019-07-20,summer,1,7,0,5,0,2,30.65125,747,5123,5870
567,2019-07-21,summer,1,7,0,6,0,3,27.4956,1264,3195,4459
568,2019-07-22,summer,1,7,0,0,1,2,31.15625,2544,4866,7410
569,2019-07-23,summer,1,7,0,1,1,1,34.50085,1135,5831,6966
570,2019-07-24,summer,1,7,0,2,1,1,35.3225,1140,6452,7592
571,2019-07-25,summer,1,7,0,3,1,1,32.7027,1383,6790,8173
572,2019-07-26,summer,1,7,0,4,1,1,36.96315,1036,5825,6861
573,2019-07-27,summer,1,7,0,5,0,1,36.71085,1259,5645,6904
574,2019-07-28,summer,1,7,1,6,0,1,34.8802,2234,4451,6685
575,2019-07-29,summer,1,7,0,0,1,1,33.39665,2153,4444,6597
576,2019-07-30,summer,1,7,0,1,1,1,34.24935,1040,6065,7105
577,2019-07-31,summer,1,7,0,2,1,1,33.1448,968,6248,7216
578,2019-08-01,summer,1,8,0,3,1,1,33.3654,1074,6506,7580
579,2019-08-02,summer,1,8,0,4,1,1,35.3544,983,6278,7261
580,2019-08-03,summer,1,8,0,5,0,2,36.14335,1328,5847,7175
581,2019-08-04,summer,1,8,0,6,0,1,37.56335,2345,4479,6824
582,2019-08-05,summer,1,8,0,0,1,1,36.55395,1707,3757,5464
583,2019-08-06,summer,1,8,0,1,1,2,35.5123,1233,5780,7013
584,2019-08-07,summer,1,8,0,2,1,2,34.88105,1278,5995,7273
585,2019-08-08,summer,1,8,0,3,1,2,35.38585,1263,6271,7534
586,2019-08-09,summer,1,8,0,4,1,1,34.9754,1196,6090,7286
587,2019-08-10,summer,1,8,0,5,0,2,33.3971,1065,4721,5786
588,2019-08-11,summer,1,8,0,6,0,2,31.91335,2247,4052,6299
589,2019-08-12,summer,1,8,0,0,1,1,32.22895,2182,4362,6544
590,2019-08-13,summer,1,8,0,1,1,1,33.1127,1207,5676,6883
591,2019-08-14,summer,1,8,0,2,1,1,33.83895,1128,5656,6784
592,2019-08-15,summer,1,8,0,3,1,1,32.70185,1198,6149,7347
593,2019-08-16,summer,1,8,0,4,1,1,32.7344,1338,6267,7605
594,2019-08-17,summer,1,8,0,5,0,1,12.12,1483,5665,7148
595,2019-08-18,summer,1,8,0,6,0,1,30.90355,2827,5038,7865
596,2019-08-19,summer,1,8,0,0,1,2,30.1777,1208,3341,4549
597,2019-08-20,summer,1,8,0,1,1,2,29.79835,1026,5504,6530
598,2019-08-21,summer,1,8,0,2,1,1,30.05125,1081,5925,7006
599,2019-08-22,summer,1,8,0,3,1,1,31.0927,1094,6281,7375
600,2019-08-23,summer,1,8,0,4,1,1,31.8504,1363,6402,7765
601,2019-08-24,summer,1,8,0,5,0,2,32.355,1325,6257,7582
602,2019-08-25,summer,1,8,0,6,0,2,30.9348,1829,4224,6053
603,2019-08-26,summer,1,8,0,0,1,2,29.7998,1483,3772,5255
604,2019-08-27,summer,1,8,0,1,1,1,32.7344,989,5928,6917
605,2019-08-28,summer,1,8,0,2,1,1,33.3025,935,6105,7040
606,2019-08-29,summer,1,8,0,3,1,1,31.78665,1177,6520,7697
607,2019-08-30,summer,1,8,0,4,1,1,32.63895,1172,6541,7713
608,2019-08-31,summer,1,8,0,5,0,1,34.47,1433,5917,7350
609,2019-09-01,summer,1,9,0,6,0,2,35.1327,2352,3788,6140
610,2019-09-02,summer,1,9,0,0,1,2,32.45,2613,3197,5810
611,2019-09-03,summer,1,9,0,1,1,1,33.08145,1965,4069,6034
612,2019-09-04,summer,1,9,1,2,0,1,34.3444,867,5997,6864
613,2019-09-05,summer,1,9,0,3,1,1,35.44915,832,6280,7112
614,2019-09-06,summer,1,9,0,4,1,2,32.76645,611,5592,6203
615,2019-09-07,summer,1,9,0,5,0,1,32.8602,1045,6459,7504
616,2019-09-08,summer,1,9,0,6,0,2,30.55605,1557,4419,5976
617,2019-09-09,summer,1,9,0,0,1,1,28.94625,2570,5657,8227
618,2019-09-10,summer,1,9,0,1,1,1,28.2827,1118,6407,7525
619,2019-09-11,summer,1,9,0,2,1,1,27.7146,1070,6697,7767
620,2019-09-12,summer,1,9,0,3,1,1,28.50375,1050,6820,7870
621,2019-09-13,summer,1,9,0,4,1,1,28.9779,1054,6750,7804
622,2019-09-14,summer,1,9,0,5,0,1,29.70415,1379,6630,8009
623,2019-09-15,summer,1,9,0,6,0,1,29.29335,3160,5554,8714
624,2019-09-16,summer,1,9,0,0,1,1,28.15625,2166,5167,7333
625,2019-09-17,summer,1,9,0,1,1,2,27.6525,1022,5847,6869
626,2019-09-18,summer,1,9,0,2,1,2,28.25335,371,3702,4073
627,2019-09-19,summer,1,9,0,3,1,1,27.0202,788,6803,7591
628,2019-09-20,summer,1,9,0,4,1,1,26.6096,939,6781,7720
629,2019-09-21,summer,1,9,0,5,0,1,28.59855,1250,6917,8167
630,2019-09-22,summer,1,9,0,6,0,1,30.5244,2512,5883,8395
631,2019-09-23,autumn,1,9,0,0,1,1,25.94665,2454,5453,7907
632,2019-09-24,autumn,1,9,0,1,1,1,25.12565,1001,6435,7436
633,2019-09-25,autumn,1,9,0,2,1,1,27.20895,845,6693,7538
634,2019-09-26,autumn,1,9,0,3,1,1,29.83065,787,6946,7733
635,2019-09-27,autumn,1,9,0,4,1,2,30.39875,751,6642,7393
636,2019-09-28,autumn,1,9,0,5,0,2,29.29315,1045,6370,7415
637,2019-09-29,autumn,1,9,0,6,0,1,26.5148,2589,5966,8555
638,2019-09-30,autumn,1,9,0,0,1,1,25.88315,2015,4874,6889
639,2019-10-01,autumn,1,10,0,1,1,2,25.6,763,6015,6778
640,2019-10-02,autumn,1,10,0,2,1,3,27.11665,315,4324,4639
641,2019-10-03,autumn,1,10,0,3,1,2,29.95665,728,6844,7572
642,2019-10-04,autumn,1,10,0,4,1,2,30.39875,891,6437,7328
643,2019-10-05,autumn,1,10,0,5,0,1,29.00935,1516,6640,8156
644,2019-10-06,autumn,1,10,0,6,0,1,26.92605,3031,4934,7965
645,2019-10-07,autumn,1,10,0,0,1,2,20.99065,781,2729,3510
646,2019-10-08,autumn,1,10,0,1,1,2,19.3804,874,4604,5478
647,2019-10-09,autumn,1,10,0,2,1,2,21.9056,601,5791,6392
648,2019-10-10,autumn,1,10,0,3,1,1,25.1571,780,6911,7691
649,2019-10-11,autumn,1,10,0,4,1,1,21.55835,834,6736,7570
650,2019-10-12,autumn,1,10,0,5,0,1,21.65355,1060,6222,7282
651,2019-10-13,autumn,1,10,0,6,0,1,19.5698,2252,4857,7109
652,2019-10-14,autumn,1,10,0,0,1,1,25.4102,2080,4559,6639
653,2019-10-15,autumn,1,10,0,1,1,2,26.9575,760,5115,5875
654,2019-10-16,autumn,1,10,0,2,1,1,23.0423,922,6612,7534
655,2019-10-17,autumn,1,10,0,3,1,1,22.5054,979,6482,7461
656,2019-10-18,autumn,1,10,0,4,1,2,25.63125,1008,6501,7509
657,2019-10-19,autumn,1,10,0,5,0,2,26.8948,753,4671,5424
658,2019-10-20,autumn,1,10,0,6,0,1,23.6421,2806,5284,8090
659,2019-10-21,autumn,1,10,0,0,1,1,22.82145,2132,4692,6824
660,2019-10-22,autumn,1,10,0,1,1,1,24.1471,830,6228,7058
661,2019-10-23,autumn,1,10,0,2,1,1,26.5152,841,6625,7466
662,2019-10-24,autumn,1,10,0,3,1,1,27.93605,795,6898,7693
663,2019-10-25,autumn,1,10,0,4,1,2,26.4844,875,6484,7359
664,2019-10-26,autumn,1,10,0,5,0,2,26.1375,1182,6262,7444
665,2019-10-27,autumn,1,10,0,6,0,2,25.75665,2643,5209,7852
666,2019-10-28,autumn,1,10,0,0,1,2,23.38855,998,3461,4459
667,2019-10-29,autumn,1,10,0,1,1,3,21.97,2,20,22
668,2019-10-30,autumn,1,10,0,2,1,2,15.49545,87,1009,1096
669,2019-10-31,autumn,1,10,0,3,1,2,18.055,419,5147,5566
670,2019-11-01,autumn,1,11,0,4,1,2,18.4971,466,5520,5986
671,2019-11-02,autumn,1,11,0,5,0,1,17.8021,618,5229,5847
672,2019-11-03,autumn,1,11,0,6,0,2,16.1923,1029,4109,5138
673,2019-11-04,autumn,1,11,0,0,1,1,16.4769,1201,3906,5107
674,2019-11-05,autumn,1,11,0,1,1,1,15.40375,378,4881,5259
675,2019-11-06,autumn,1,11,0,2,1,1,14.07835,466,5220,5686
676,2019-11-07,autumn,1,11,0,3,1,2,13.73105,326,4709,5035
677,2019-11-08,autumn,1,11,0,4,1,1,17.09455,340,4975,5315
678,2019-11-09,autumn,1,11,0,5,0,1,17.77065,709,5283,5992
679,2019-11-10,autumn,1,11,1,6,0,1,19.69685,2090,4446,6536
680,2019-11-11,autumn,1,11,0,0,1,1,21.08565,2290,4562,6852
681,2019-11-12,autumn,1,11,0,1,1,1,23.76915,1097,5172,6269
682,2019-11-13,autumn,1,11,0,2,1,2,16.16125,327,3767,4094
683,2019-11-14,autumn,1,11,0,3,1,1,14.07815,373,5122,5495
684,2019-11-15,autumn,1,11,0,4,1,2,16.2246,320,5125,5445
685,2019-11-16,autumn,1,11,0,5,0,1,17.3602,484,5214,5698
686,2019-11-17,autumn,1,11,0,6,0,1,16.31915,1313,4316,5629
687,2019-11-18,autumn,1,11,0,0,1,1,16.8873,922,3747,4669
688,2019-11-19,autumn,1,11,0,1,1,2,18.78105,449,5050,5499
689,2019-11-20,autumn,1,11,0,2,1,2,19.03335,534,5100,5634
690,2019-11-21,autumn,1,11,0,3,1,1,18.2446,615,4531,5146
691,2019-11-22,autumn,1,11,0,4,1,1,17.51855,955,1470,2425
692,2019-11-23,autumn,1,11,1,5,0,1,18.93895,1603,2307,3910
693,2019-11-24,autumn,1,11,1,6,0,1,12.4371,532,1745,2277
694,2019-11-25,autumn,1,11,0,0,1,1,12.87915,309,2115,2424
695,2019-11-26,autumn,1,11,0,1,1,1,16.9502,337,4750,5087
696,2019-11-27,autumn,1,11,0,2,1,2,14.0779,123,3836,3959
697,2019-11-28,autumn,1,11,0,3,1,1,14.4881,198,5062,5260
698,2019-11-29,autumn,1,11,0,4,1,1,14.9211,243,5080,5323
699,2019-11-30,autumn,1,11,0,5,0,1,16.19335,362,5306,5668
700,2019-12-01,autumn,1,12,0,6,0,2,15.8452,951,4240,5191
701,2019-12-02,autumn,1,12,0,0,1,2,17.9604,892,3757,4649
702,2019-12-03,autumn,1,12,0,1,1,1,22.7898,555,5679,6234
703,2019-12-04,autumn,1,12,0,2,1,1,23.4527,551,6055,6606
704,2019-12-05,autumn,1,12,0,3,1,1,21.4006,331,5398,5729
705,2019-12-06,autumn,1,12,0,4,1,1,12.9102,340,5035,5375
706,2019-12-07,autumn,1,12,0,5,0,2,16.0979,349,4659,5008
707,2019-12-08,autumn,1,12,0,6,0,2,19.4754,1153,4429,5582
708,2019-12-09,autumn,1,12,0,0,1,2,19.5073,441,2787,3228
709,2019-12-10,autumn,1,12,0,1,1,2,21.77875,329,4841,5170
710,2019-12-11,autumn,1,12,0,2,1,2,16.91815,282,5219,5501
711,2019-12-12,autumn,1,12,0,3,1,2,14.8669,310,5009,5319
712,2019-12-13,autumn,1,12,0,4,1,1,14.7094,425,5107,5532
713,2019-12-14,autumn,1,12,0,5,0,1,14.7096,429,5182,5611
714,2019-12-15,autumn,1,12,0,6,0,1,16.91915,767,4280,5047
715,2019-12-16,autumn,1,12,0,0,1,2,18.4969,538,3248,3786
716,2019-12-17,autumn,1,12,0,1,1,2,20.075,212,4373,4585
717,2019-12-18,autumn,1,12,0,2,1,1,20.4854,433,5124,5557
718,2019-12-19,autumn,1,12,0,3,1,1,17.1081,333,4934,5267
719,2019-12-20,autumn,1,12,0,4,1,2,16.76085,314,3814,4128
720,2019-12-21,winter,1,12,0,5,0,2,15.08835,221,3402,3623
721,2019-12-22,winter,1,12,0,6,0,1,11.80565,205,1544,1749
722,2019-12-23,winter,1,12,0,0,1,1,12.97355,408,1379,1787
723,2019-12-24,winter,1,12,1,1,0,2,12.945,174,746,920
724,2019-12-25,winter,1,12,1,2,0,2,14.72325,440,573,1013
725,2019-12-26,winter,1,12,0,3,1,3,11.01665,9,432,441
726,2019-12-27,winter,1,12,0,4,1,2,11.3321,247,1867,2114
727,2019-12-28,winter,1,12,0,5,0,2,12.7523,644,2451,3095
728,2019-12-29,winter,1,12,0,6,0,2,12.12,159,1182,1341
729,2019-12-30,winter,1,12,0,0,1,1,11.585,364,1432,1796
730,2019-12-31,winter,1,12,1,1,0,2,11.17435,439,2290,2729
