instant,dteday,seasons,yr,mnth,holiday_num,weekday_num,workingday_num,weathersit,atemp,registered,cnt
1,2018-01-01,winter,0,1,1,0,0,2,18.18125,654,985
2,2018-01-02,winter,0,1,0,1,1,2,17.68695,670,801
3,2018-01-03,winter,0,1,0,2,1,1,9.47025,1229,1349
4,2018-01-04,winter,0,1,0,3,1,1,10.6061,1454,1562
5,2018-01-05,winter,0,1,0,4,1,1,11.4635,1518,1600
6,2018-01-06,winter,0,1,0,5,0,1,11.66045,1518,1606
7,2018-01-07,winter,0,1,0,6,0,2,10.44195,1362,1510
8,2018-01-08,winter,0,1,0,0,1,2,8.1127,891,959
9,2018-01-09,winter,0,1,0,1,1,1,5.80875,768,822
10,2018-01-10,winter,0,1,0,2,1,1,7.5444,1280,1321
11,2018-01-11,winter,0,1,0,3,1,2,9.5732,1220,1263
12,2018-01-12,winter,0,1,0,4,1,1,8.02365,1137,1162
13,2018-01-13,winter,0,1,0,5,0,1,7.54415,1368,1406
14,2018-01-14,winter,0,1,0,6,0,1,9.42065,1367,1421
15,2018-01-15,winter,0,1,0,0,1,2,12.4056,1026,1248
16,2018-01-16,winter,0,1,1,1,0,1,11.71085,953,1204
17,2018-01-17,winter,0,1,0,2,1,2,8.83855,883,1000
18,2018-01-18,winter,0,1,0,3,1,2,11.61665,674,683
19,2018-01-19,winter,0,1,0,4,1,2,14.9211,1572,1650
20,2018-01-20,winter,0,1,0,5,0,2,12.7525,1844,1927
21,2018-01-21,winter,0,1,0,6,0,1,7.89165,1468,1543
22,2018-01-22,winter,0,1,0,0,1,1,3.95348,888,981
23,2018-01-23,winter,0,1,0,1,1,1,4.941955,836,986
24,2018-01-24,winter,0,1,0,2,1,1,5.8965,1330,1416
25,2018-01-25,winter,0,1,0,3,1,2,11.7263,1799,1985
26,2018-01-26,winter,0,1,0,4,1,3,10.18,472,506
27,2018-01-27,winter,0,1,0,5,0,1,10.985,416,431
28,2018-01-28,winter,0,1,0,6,0,2,11.16585,1129,1167
29,2018-01-29,winter,0,1,0,0,1,1,10.6063,975,1098
30,2018-01-30,winter,0,1,0,1,1,1,12.5161,956,1096
31,2018-01-31,winter,0,1,0,2,1,2,9.3125,1459,1501
32,2018-02-01,winter,0,2,0,3,1,2,11.7265,1313,1360
33,2018-02-02,winter,0,2,0,4,1,2,12.72085,1454,1526
34,2018-02-03,winter,0,2,0,5,0,1,8.8939,1489,1550
35,2018-02-04,winter,0,2,0,6,0,2,11.42935,1620,1708
36,2018-02-05,winter,0,2,0,0,1,2,12.1529,905,1005
37,2018-02-06,winter,0,2,0,1,1,1,14.58355,1269,1623
38,2018-02-07,winter,0,2,0,2,1,1,15.1829,1592,1712
39,2018-02-08,winter,0,2,0,3,1,1,9.9123,1466,1530
40,2018-02-09,winter,0,2,0,4,1,2,7.21415,1552,1605
41,2018-02-10,winter,0,2,0,5,0,1,7.4774,1491,1538
42,2018-02-11,winter,0,2,0,6,0,1,10.67545,1597,1746
43,2018-02-12,winter,0,2,0,0,1,1,11.6477,1184,1472
44,2018-02-13,winter,0,2,1,1,0,1,16.20565,1192,1589
45,2018-02-14,winter,0,2,0,2,1,1,19.9175,1705,1913
46,2018-02-15,winter,0,2,0,3,1,1,12.7137,1675,1815
47,2018-02-16,winter,0,2,0,4,1,1,15.81,1897,2115
48,2018-02-17,winter,0,2,0,5,0,1,21.4329,2216,2475
49,2018-02-18,winter,0,2,0,6,0,1,25.59915,2348,2927
50,2018-02-19,winter,0,2,0,0,1,1,19.5702,1103,1635
51,2018-02-20,winter,0,2,1,1,0,1,13.8665,1173,1812
52,2018-02-21,winter,0,2,0,2,1,2,14.20375,912,1107
53,2018-02-22,winter,0,2,0,3,1,1,9.30165,1376,1450
54,2018-02-23,winter,0,2,0,4,1,1,12.28585,1778,1917
55,2018-02-24,winter,0,2,0,5,0,2,14.45955,1707,1807
56,2018-02-25,winter,0,2,0,6,0,2,17.52305,1341,1461
57,2018-02-26,winter,0,2,0,0,1,1,14.1096,1545,1969
58,2018-02-27,winter,0,2,0,1,1,1,17.55545,1708,2402
59,2018-02-28,winter,0,2,0,2,1,2,20.0059,1365,1446
60,2018-03-01,winter,0,3,0,3,1,1,13.19395,1714,1851
61,2018-03-02,winter,0,3,0,4,1,1,16.00355,1903,2134
62,2018-03-03,winter,0,3,0,5,0,1,10.00665,1562,1685
63,2018-03-04,winter,0,3,0,6,0,2,12.78395,1730,1944
64,2018-03-05,winter,0,3,0,0,1,2,18.93895,1437,2077
65,2018-03-06,winter,0,3,0,1,1,2,18.3126,491,605
66,2018-03-07,winter,0,3,0,2,1,1,11.92305,1628,1872
67,2018-03-08,winter,0,3,0,3,1,1,15.12,1817,2133
68,2018-03-09,winter,0,3,0,4,1,2,14.3304,1700,1891
69,2018-03-10,winter,0,3,0,5,0,3,19.2834,577,623
70,2018-03-11,winter,0,3,0,6,0,2,15.25,1730,1977
71,2018-03-12,winter,0,3,0,0,1,1,16.2875,1408,2132
72,2018-03-13,winter,0,3,0,1,1,1,19.00455,1435,2417
73,2018-03-14,winter,0,3,0,2,1,1,16.6,1687,2046
74,2018-03-15,winter,0,3,0,3,1,2,15.9089,1767,2056
75,2018-03-16,winter,0,3,0,4,1,2,18.3465,1871,2192
76,2018-03-17,winter,0,3,0,5,0,1,20.51665,2320,2744
77,2018-03-18,winter,0,3,0,6,0,1,26.35045,2355,3239
78,2018-03-19,winter,0,3,0,0,1,1,23.32625,1693,3117
79,2018-03-20,winter,0,3,0,1,1,1,16.2875,1424,2471
80,2018-03-21,spring,0,3,0,2,1,2,20.48675,1676,2077
81,2018-03-22,spring,0,3,0,3,1,1,22.0321,2243,2703
82,2018-03-23,spring,0,3,0,4,1,2,16.89695,1918,2121
83,2018-03-24,spring,0,3,0,5,0,2,13.54165,1699,1865
84,2018-03-25,spring,0,3,0,6,0,1,12.8156,1910,2210
85,2018-03-26,spring,0,3,0,0,1,1,12.87855,1515,2496
86,2018-03-27,spring,0,3,0,1,1,2,12.51695,1221,1693
87,2018-03-28,spring,0,3,0,2,1,1,12.8787,1806,2028
88,2018-03-29,spring,0,3,0,3,1,1,14.6454,2108,2425
89,2018-03-30,spring,0,3,0,4,1,2,14.8675,1368,1536
90,2018-03-31,spring,0,3,1,5,0,3,12.87875,1506,1685
91,2018-04-01,spring,0,4,0,6,0,2,14.1727,1920,2227
92,2018-04-02,spring,0,4,0,0,1,2,15.78185,1354,2252
93,2018-04-03,spring,0,4,0,1,1,1,18.93835,1598,3249
94,2018-04-04,spring,0,4,0,2,1,1,27.14645,2381,3115
95,2018-04-05,spring,0,4,0,3,1,2,19.9175,1628,1795
96,2018-04-06,spring,0,4,0,4,1,1,19.3804,2395,2808
97,2018-04-07,spring,0,4,0,5,0,1,21.6848,2570,3141
98,2018-04-08,spring,0,4,0,6,0,2,16.22395,1299,1471
99,2018-04-09,spring,0,4,0,0,1,2,17.07645,1576,2455
100,2018-04-10,spring,0,4,0,1,1,2,21.33685,1707,2895
101,2018-04-11,spring,0,4,0,2,1,2,28.26085,2493,3348
102,2018-04-12,spring,0,4,0,3,1,2,24.6527,1777,2034
103,2018-04-13,spring,0,4,0,4,1,2,20.86415,1953,2162
104,2018-04-14,spring,0,4,0,5,0,1,23.1371,2738,3267
105,2018-04-15,spring,0,4,0,6,0,1,22.09565,2484,3126
106,2018-04-16,spring,0,4,0,0,1,3,21.2746,674,795
107,2018-04-17,spring,0,4,0,1,1,1,22.2848,2186,3744
108,2018-04-18,spring,0,4,0,2,1,1,25.1573,2760,3429
109,2018-04-19,spring,0,4,0,3,1,2,24.4629,2795,3204
110,2018-04-20,spring,0,4,0,4,1,1,28.2196,3331,3944
111,2018-04-21,spring,0,4,0,5,0,1,22.6946,3444,4189
112,2018-04-22,spring,0,4,0,6,0,2,16.0977,1506,1683
113,2018-04-23,spring,0,4,0,0,1,2,22.50605,2574,4036
114,2018-04-24,spring,0,4,0,1,1,2,27.58815,2481,4191
115,2018-04-25,spring,0,4,0,2,1,1,28.725,3300,4073
116,2018-04-26,spring,0,4,0,3,1,1,29.70415,3722,4400
117,2018-04-27,spring,0,4,0,4,1,2,28.7571,3325,3872
118,2018-04-28,spring,0,4,0,5,0,2,28.94645,3489,4058
119,2018-04-29,spring,0,4,0,6,0,1,24.87315,3717,4595
120,2018-04-30,spring,0,4,0,0,1,1,23.20105,3347,5312
121,2018-05-01,spring,0,5,0,1,1,2,22.4102,2213,3351
122,2018-05-02,spring,0,5,0,2,1,2,26.64165,3554,4401
123,2018-05-03,spring,0,5,0,3,1,2,29.10395,3848,4451
124,2018-05-04,spring,0,5,0,4,1,2,20.2325,2378,2633
125,2018-05-05,spring,0,5,0,5,0,1,22.09585,3819,4433
126,2018-05-06,spring,0,5,0,6,0,1,23.70585,3714,4608
127,2018-05-07,spring,0,5,0,0,1,1,25.63105,3102,4714
128,2018-05-08,spring,0,5,0,1,1,1,25.94665,2932,4333
129,2018-05-09,spring,0,5,0,2,1,1,26.2623,3698,4362
130,2018-05-10,spring,0,5,0,3,1,1,26.13605,4109,4803
131,2018-05-11,spring,0,5,0,4,1,1,26.42,3632,4182
132,2018-05-12,spring,0,5,0,5,0,1,26.16815,4169,4864
133,2018-05-13,spring,0,5,0,6,0,2,24.715,3413,4105
134,2018-05-14,spring,0,5,0,0,1,2,25.03145,2507,3409
135,2018-05-15,spring,0,5,0,1,1,2,26.8,2971,4553
136,2018-05-16,spring,0,5,0,2,1,1,27.5256,3185,3958
137,2018-05-17,spring,0,5,0,3,1,2,26.92645,3445,4123
138,2018-05-18,spring,0,5,0,4,1,2,26.3579,3319,3855
139,2018-05-19,spring,0,5,0,5,0,2,25.5371,3840,4575
140,2018-05-20,spring,0,5,0,6,0,1,26.4521,4008,4917
141,2018-05-21,spring,0,5,0,0,1,1,28.59875,3547,5805
142,2018-05-22,spring,0,5,0,1,1,1,28.725,3084,4660
143,2018-05-23,spring,0,5,0,2,1,2,29.5148,3438,4274
144,2018-05-24,spring,0,5,0,3,1,2,30.24065,3833,4492
145,2018-05-25,spring,0,5,0,4,1,1,30.7771,4238,4978
146,2018-05-26,spring,0,5,0,5,0,1,32.7344,3919,4677
147,2018-05-27,spring,0,5,0,6,0,1,31.8504,3808,4679
148,2018-05-28,spring,0,5,0,0,1,1,30.61895,2757,4758
149,2018-05-29,spring,0,5,1,1,0,1,30.7775,2433,4788
150,2018-05-30,spring,0,5,0,2,1,1,33.5546,2549,4098
151,2018-05-31,spring,0,5,0,3,1,1,36.26915,3309,3982
152,2018-06-01,spring,0,6,0,4,1,2,36.04835,3461,3974
153,2018-06-02,spring,0,6,0,5,0,1,32.1971,4232,4968
154,2018-06-03,spring,0,6,0,6,0,1,29.35665,4414,5312
155,2018-06-04,spring,0,6,0,0,1,1,29.7348,3473,5342
156,2018-06-05,spring,0,6,0,1,1,2,30.8402,3221,4906
157,2018-06-06,spring,0,6,0,2,1,1,31.0929,3875,4548
158,2018-06-07,spring,0,6,0,3,1,1,32.7975,4070,4833
159,2018-06-08,spring,0,6,0,4,1,1,36.36395,3725,4401
160,2018-06-09,spring,0,6,0,5,0,2,37.87895,3352,3915
161,2018-06-10,spring,0,6,0,6,0,1,35.1646,3771,4586
162,2018-06-11,spring,0,6,0,0,1,1,33.9019,3237,4966
163,2018-06-12,spring,0,6,0,1,1,1,32.16625,2993,4460
164,2018-06-13,spring,0,6,0,2,1,1,30.0827,4157,5020
165,2018-06-14,spring,0,6,0,3,1,1,29.5773,4164,4891
166,2018-06-15,spring,0,6,0,4,1,1,29.3877,4411,5180
167,2018-06-16,spring,0,6,0,5,0,2,29.7673,3222,3767
168,2018-06-17,spring,0,6,0,6,0,1,30.01915,3981,4844
169,2018-06-18,spring,0,6,0,0,1,1,32.1977,3312,5119
170,2018-06-19,spring,0,6,0,1,1,2,32.2923,3105,4744
171,2018-06-20,spring,0,6,0,2,1,2,29.7673,3311,4010
172,2018-06-21,summer,0,6,0,3,1,2,31.8823,4061,4835
173,2018-06-22,summer,0,6,0,4,1,1,34.69145,3846,4507
174,2018-06-23,summer,0,6,0,5,0,2,34.69165,4044,4790
175,2018-06-24,summer,0,6,0,6,0,1,32.82915,4022,4991
176,2018-06-25,summer,0,6,0,0,1,1,32.16565,3420,5202
177,2018-06-26,summer,0,6,0,1,1,1,31.88145,3385,5305
178,2018-06-27,summer,0,6,0,2,1,2,31.8502,3854,4708
179,2018-06-28,summer,0,6,0,3,1,1,34.6279,3916,4648
180,2018-06-29,summer,0,6,0,4,1,1,32.7344,4377,5225
181,2018-06-30,summer,0,6,0,5,0,1,31.8504,4488,5515
182,2018-07-01,summer,0,7,0,6,0,1,32.6081,4116,5362
183,2018-07-02,summer,0,7,0,0,1,1,33.3654,2915,5119
184,2018-07-03,summer,0,7,0,1,1,2,33.42875,2367,4649
185,2018-07-04,summer,0,7,1,2,0,2,33.27085,2978,6043
186,2018-07-05,summer,0,7,1,3,0,1,34.8169,3634,4665
187,2018-07-06,summer,0,7,0,4,1,1,34.28165,3845,4629
188,2018-07-07,summer,0,7,0,5,0,1,34.34355,3838,4592
189,2018-07-08,summer,0,7,0,6,0,2,33.52415,3348,4040
190,2018-07-09,summer,0,7,0,0,1,1,33.2079,3348,5336
191,2018-07-10,summer,0,7,0,1,1,1,34.50125,3138,4881
192,2018-07-11,summer,0,7,0,2,1,1,36.4902,3363,4086
193,2018-07-12,summer,0,7,0,3,1,1,36.96375,3596,4258
194,2018-07-13,summer,0,7,0,4,1,1,34.4702,3594,4342
195,2018-07-14,summer,0,7,0,5,0,1,31.7552,4196,5084
196,2018-07-15,summer,0,7,0,6,0,1,31.21855,4220,5538
197,2018-07-16,summer,0,7,0,0,1,1,31.91315,3505,5923
198,2018-07-17,summer,0,7,0,1,1,1,33.49165,3296,5302
199,2018-07-18,summer,0,7,0,2,1,1,35.19625,3617,4458
200,2018-07-19,summer,0,7,0,3,1,1,37.37395,3789,4541
201,2018-07-20,summer,0,7,0,4,1,1,37.3425,3688,4332
202,2018-07-21,summer,0,7,0,5,0,2,41.31855,3152,3784
203,2018-07-22,summer,0,7,0,6,0,1,42.0448,2825,3387
204,2018-07-23,summer,0,7,0,0,1,1,40.21435,2298,3285
205,2018-07-24,summer,0,7,0,1,1,1,39.74145,2556,3606
206,2018-07-25,summer,0,7,0,2,1,1,36.0479,3272,3840
207,2018-07-26,summer,0,7,0,3,1,1,34.84895,3840,4590
208,2018-07-27,summer,0,7,0,4,1,1,34.53335,3901,4656
209,2018-07-28,summer,0,7,1,5,0,1,36.995,3784,4390
210,2018-07-29,summer,0,7,0,6,0,1,39.29835,3176,3846
211,2018-07-30,summer,0,7,0,0,1,1,36.42685,2916,4475
212,2018-07-31,summer,0,7,0,1,1,1,36.4898,2778,4302
213,2018-08-01,summer,0,8,0,2,1,1,35.1646,3537,4266
214,2018-08-02,summer,0,8,0,3,1,1,35.35355,4044,4845
215,2018-08-03,summer,0,8,0,4,1,2,33.99685,3107,3574
216,2018-08-04,summer,0,8,0,5,0,2,33.2394,3777,4576
217,2018-08-05,summer,0,8,0,6,0,1,32.82835,3843,4866
218,2018-08-06,summer,0,8,0,0,1,2,33.8077,2773,4294
219,2018-08-07,summer,0,8,0,1,1,1,35.7646,2487,3785
220,2018-08-08,summer,0,8,0,2,1,1,35.16415,3480,4326
221,2018-08-09,summer,0,8,0,3,1,1,36.20605,3695,4602
222,2018-08-10,summer,0,8,0,4,1,1,34.24915,3896,4780
223,2018-08-11,summer,0,8,0,5,0,1,32.57605,3980,4792
224,2018-08-12,summer,0,8,0,6,0,1,32.7021,3854,4905
225,2018-08-13,summer,0,8,0,0,1,2,32.2929,2646,4150
226,2018-08-14,summer,0,8,0,1,1,2,31.2194,2482,3820
227,2018-08-15,summer,0,8,0,2,1,1,30.80835,3563,4338
228,2018-08-16,summer,0,8,0,3,1,1,32.29185,4004,4725
229,2018-08-17,summer,0,8,0,4,1,1,33.33355,4026,4694
230,2018-08-18,summer,0,8,0,5,0,1,33.1129,3166,3805
231,2018-08-19,summer,0,8,0,6,0,2,31.66105,3356,4153
232,2018-08-20,summer,0,8,0,0,1,1,32.4498,3277,5191
233,2018-08-21,summer,0,8,0,1,1,1,33.77625,2624,3873
234,2018-08-22,summer,0,8,0,2,1,1,31.9127,3925,4758
235,2018-08-23,summer,0,8,0,3,1,1,30.30335,4614,5895
236,2018-08-24,summer,0,8,0,4,1,1,31.5346,4181,5130
237,2018-08-25,summer,0,8,0,5,0,2,32.2927,3107,3542
238,2018-08-26,summer,0,8,0,6,0,1,32.98665,3893,4661
239,2018-08-27,summer,0,8,0,0,1,2,31.7778,889,1115
240,2018-08-28,summer,0,8,0,1,1,1,32.39795,2919,4334
241,2018-08-29,summer,0,8,0,2,1,1,30.3979,3905,4634
242,2018-08-30,summer,0,8,0,3,1,1,29.7352,4429,5204
243,2018-08-31,summer,0,8,0,4,1,1,30.55605,4370,5058
244,2018-09-01,summer,0,9,0,5,0,1,30.74605,4332,5115
245,2018-09-02,summer,0,9,0,6,0,2,30.2404,3852,4727
246,2018-09-03,summer,0,9,0,0,1,1,31.66065,2549,4484
247,2018-09-04,summer,0,9,1,1,0,1,33.27145,2419,4940
248,2018-09-05,summer,0,9,0,2,1,2,31.2823,2115,3351
249,2018-09-06,summer,0,9,0,3,1,3,25.76,2506,2710
250,2018-09-07,summer,0,9,0,4,1,3,27.21145,1878,1996
251,2018-09-08,summer,0,9,0,5,0,3,27.76805,1689,1842
252,2018-09-09,summer,0,9,0,6,0,2,28.9473,3127,3544
253,2018-09-10,summer,0,9,0,0,1,1,30.3981,3595,5345
254,2018-09-11,summer,0,9,0,1,1,1,30.46145,3413,5046
255,2018-09-12,summer,0,9,0,2,1,1,30.1065,4023,4713
256,2018-09-13,summer,0,9,0,3,1,1,30.1777,4062,4763
257,2018-09-14,summer,0,9,0,4,1,1,31.345,4138,4785
258,2018-09-15,summer,0,9,0,5,0,2,27.68355,3231,3659
259,2018-09-16,summer,0,9,0,6,0,2,23.07375,4018,4760
260,2018-09-17,summer,0,9,0,0,1,2,23.9256,3077,4511
261,2018-09-18,summer,0,9,0,1,1,1,24.52685,2921,4274
262,2018-09-19,summer,0,9,0,2,1,2,26.48375,3848,4539
263,2018-09-20,summer,0,9,0,3,1,2,26.61085,3203,3641
264,2018-09-21,summer,0,9,0,4,1,2,27.52665,3813,4352
265,2018-09-22,summer,0,9,0,5,0,2,27.74815,4240,4795
266,2018-09-23,autumn,0,9,0,6,0,2,26.10625,2137,2395
267,2018-09-24,autumn,0,9,0,0,1,2,28.2206,3647,5423
268,2018-09-25,autumn,0,9,0,1,1,2,28.63185,3466,5010
269,2018-09-26,autumn,0,9,0,2,1,2,29.4521,3946,4630
270,2018-09-27,autumn,0,9,0,3,1,2,28.72625,3643,4120
271,2018-09-28,autumn,0,9,0,4,1,2,28.7579,3427,3907
272,2018-09-29,autumn,0,9,0,5,0,1,28.7256,4186,4839
273,2018-09-30,autumn,0,9,0,6,0,1,27.24145,4372,5202
274,2018-10-01,autumn,0,10,0,0,1,2,20.64315,1949,2429
275,2018-10-02,autumn,0,10,0,1,1,2,17.26585,2302,2918
276,2018-10-03,autumn,0,10,0,2,1,2,19.6023,3240,3570
277,2018-10-04,autumn,0,10,0,3,1,1,23.6429,3970,4456
278,2018-10-05,autumn,0,10,0,4,1,1,26.3569,4267,4826
279,2018-10-06,autumn,0,10,0,5,0,1,24.02125,4126,4765
280,2018-10-07,autumn,0,10,0,6,0,1,25.2202,4036,4985
281,2018-10-08,autumn,0,10,0,0,1,1,25.6621,3174,5409
282,2018-10-09,autumn,0,10,0,1,1,1,26.19915,3114,5511
283,2018-10-10,autumn,0,10,0,2,1,1,27.14625,3603,5117
284,2018-10-11,autumn,0,10,0,3,1,2,27.3048,3896,4563
285,2018-10-12,autumn,0,10,0,4,1,3,25.88585,2199,2416
286,2018-10-13,autumn,0,10,0,5,0,2,27.5902,2623,2913
287,2018-10-14,autumn,0,10,0,6,0,2,26.48375,3115,3644
288,2018-10-15,autumn,0,10,0,0,1,1,24.93625,3318,5217
289,2018-10-16,autumn,0,10,0,1,1,1,25.1577,3293,5041
290,2018-10-17,autumn,0,10,0,2,1,1,25.53625,3857,4570
291,2018-10-18,autumn,0,10,0,3,1,2,26.13605,4111,4748
292,2018-10-19,autumn,0,10,0,4,1,3,25.6924,2170,2424
293,2018-10-20,autumn,0,10,0,5,0,1,23.32625,3724,4195
294,2018-10-21,autumn,0,10,0,6,0,1,21.1798,3628,4304
295,2018-10-22,autumn,0,10,0,0,1,1,21.2746,2809,4308
296,2018-10-23,autumn,0,10,0,1,1,1,21.11665,2762,4381
297,2018-10-24,autumn,0,10,0,2,1,1,22.85335,3488,4187
298,2018-10-25,autumn,0,10,0,3,1,1,23.16875,3992,4687
299,2018-10-26,autumn,0,10,0,4,1,2,23.6423,3490,3894
300,2018-10-27,autumn,0,10,0,5,0,2,22.8523,2419,2659
301,2018-10-28,autumn,0,10,0,6,0,2,15.9406,3291,3747
302,2018-10-29,autumn,0,10,0,0,1,3,11.39565,570,627
303,2018-10-30,autumn,0,10,0,1,1,1,16.06645,2446,3331
304,2018-10-31,autumn,0,10,0,2,1,1,17.80315,3307,3669
305,2018-11-01,autumn,0,11,0,3,1,1,19.8544,3658,4068
306,2018-11-02,autumn,0,11,0,4,1,1,19.50665,3816,4186
307,2018-11-03,autumn,0,11,0,5,0,1,20.29605,3656,3974
308,2018-11-04,autumn,0,11,0,6,0,2,20.1696,3576,4046
309,2018-11-05,autumn,0,11,0,0,1,1,16.1927,2770,3926
310,2018-11-06,autumn,0,11,0,1,1,1,18.1179,2697,3649
311,2018-11-07,autumn,0,11,0,2,1,1,20.04355,3662,4035
312,2018-11-08,autumn,0,11,0,3,1,1,20.6123,3829,4205
313,2018-11-09,autumn,0,11,0,4,1,1,20.45395,3804,4109
314,2018-11-10,autumn,0,11,1,5,0,2,18.68605,2743,2933
315,2018-11-11,autumn,0,11,0,6,0,1,15.34085,2928,3368
316,2018-11-12,autumn,0,11,0,0,1,1,17.8971,2792,4067
317,2018-11-13,autumn,0,11,0,1,1,1,21.5275,2713,3717
318,2018-11-14,autumn,0,11,0,2,1,1,26.2306,3891,4486
319,2018-11-15,autumn,0,11,0,3,1,2,25.37895,3746,4195
320,2018-11-16,autumn,0,11,0,4,1,3,22.5994,1672,1817
321,2018-11-17,autumn,0,11,0,5,0,2,16.16105,2914,3053
322,2018-11-18,autumn,0,11,0,6,0,1,13.63605,3147,3392
323,2018-11-19,autumn,0,11,0,0,1,1,16.22415,2720,3663
324,2018-11-20,autumn,0,11,0,1,1,2,22.8529,2733,3520
325,2018-11-21,autumn,0,11,0,2,1,3,22.2531,2545,2765
326,2018-11-22,autumn,0,11,0,3,1,3,21.0848,1538,1607
327,2018-11-23,autumn,0,11,1,4,0,2,21.52685,2454,2566
328,2018-11-24,autumn,0,11,1,5,0,1,18.62355,935,1495
329,2018-11-25,autumn,0,11,0,6,0,1,19.03355,1697,2792
330,2018-11-26,autumn,0,11,0,0,1,1,19.25435,1819,3068
331,2018-11-27,autumn,0,11,0,1,1,1,22.79,2261,3071
332,2018-11-28,autumn,0,11,0,2,1,1,24.5061,3614,3867
333,2018-11-29,autumn,0,11,0,3,1,2,22.56875,2818,2914
334,2018-11-30,autumn,0,11,0,4,1,1,15.56105,3425,3613
335,2018-12-01,autumn,0,12,0,5,0,1,15.2777,3545,3727
336,2018-12-02,autumn,0,12,0,6,0,1,16.57165,3672,3940
337,2018-12-03,autumn,0,12,0,0,1,1,15.5302,2908,3614
338,2018-12-04,autumn,0,12,0,1,1,1,17.455,2851,3485
339,2018-12-05,autumn,0,12,0,2,1,2,19.69625,3578,3811
340,2018-12-06,autumn,0,12,0,3,1,3,22.82,2468,2594
341,2018-12-07,autumn,0,12,0,4,1,3,20.0123,655,705
342,2018-12-08,autumn,0,12,0,5,0,1,12.8469,3172,3322
343,2018-12-09,autumn,0,12,0,6,0,1,15.8771,3359,3620
344,2018-12-10,autumn,0,12,0,0,1,1,13.3206,2688,3190
345,2018-12-11,autumn,0,12,0,1,1,1,12.6577,2366,2743
346,2018-12-12,autumn,0,12,0,2,1,1,13.5098,3167,3310
347,2018-12-13,autumn,0,12,0,3,1,1,15.0569,3368,3523
348,2018-12-14,autumn,0,12,0,4,1,2,16.9181,3562,3740
349,2018-12-15,autumn,0,12,0,5,0,2,20.61185,3528,3709
350,2018-12-16,autumn,0,12,0,6,0,2,17.99125,3399,3577
351,2018-12-17,autumn,0,12,0,0,1,2,12.46855,2464,2739
352,2018-12-18,autumn,0,12,0,1,1,1,12.27895,2211,2431
353,2018-12-19,autumn,0,12,0,2,1,1,14.04665,3143,3403
354,2018-12-20,autumn,0,12,0,3,1,2,19.8227,3534,3750
355,2018-12-21,winter,0,12,0,4,1,2,21.40085,2553,2660
356,2018-12-22,winter,0,12,0,5,0,2,21.30605,2841,3068
357,2018-12-23,winter,0,12,0,6,0,1,18.87565,2046,2209
358,2018-12-24,winter,0,12,1,0,0,1,14.9621,856,1011
359,2018-12-25,winter,0,12,1,1,0,1,13.99805,451,754
360,2018-12-26,winter,0,12,0,2,1,1,15.77675,887,1317
361,2018-12-27,winter,0,12,0,3,1,2,16.38165,1059,1162
362,2018-12-28,winter,0,12,0,4,1,1,13.9987,2047,2302
363,2018-12-29,winter,0,12,0,5,0,1,13.1946,2169,2423
364,2018-12-30,winter,0,12,0,6,0,1,15.9406,2508,2999
365,2018-12-31,winter,0,12,1,0,0,1,20.70605,1820,2485
366,2019-01-01,winter,1,1,1,1,0,1,18.78105,1608,2294
367,2019-01-02,winter,1,1,0,2,1,1,12.6152,1707,1951
368,2019-01-03,winter,1,1,0,3,1,1,6.31375,2147,2236
369,2019-01-04,winter,1,1,0,4,1,2,5.96685,2273,2368
370,2019-01-05,winter,1,1,0,5,0,1,13.9206,3132,3272
371,2019-01-06,winter,1,1,0,6,0,1,17.01335,3791,4098
372,2019-01-07,winter,1,1,0,0,1,1,19.53895,3451,4521
373,2019-01-08,winter,1,1,0,1,1,1,17.0129,2826,3425
374,2019-01-09,winter,1,1,0,2,1,2,12.37395,2270,2376
375,2019-01-10,winter,1,1,0,3,1,1,15.9413,3425,3598
376,2019-01-11,winter,1,1,0,4,1,2,14.14105,2085,2177
377,2019-01-12,winter,1,1,0,5,0,2,19.0969,3828,4097
378,2019-01-13,winter,1,1,0,6,0,1,12.4681,3040,3214
379,2019-01-14,winter,1,1,0,0,1,1,9.15435,2160,2493
380,2019-01-15,winter,1,1,0,1,1,1,8.08125,2027,2311
381,2019-01-16,winter,1,1,1,2,0,1,9.53315,2081,2298
382,2019-01-17,winter,1,1,0,3,1,2,18.2139,2808,2935
383,2019-01-18,winter,1,1,0,4,1,1,13.7627,3267,3376
384,2019-01-19,winter,1,1,0,5,0,1,9.5019,3162,3292
385,2019-01-20,winter,1,1,0,6,0,2,11.0479,3048,3163
386,2019-01-21,winter,1,1,0,0,1,2,8.74375,1234,1301
387,2019-01-22,winter,1,1,0,1,1,2,8.1125,1781,1977
388,2019-01-23,winter,1,1,0,2,1,2,12.1529,2287,2432
389,2019-01-24,winter,1,1,0,3,1,1,17.4554,3900,4339
390,2019-01-25,winter,1,1,0,4,1,1,14.74105,3803,4270
391,2019-01-26,winter,1,1,0,5,0,2,17.8025,3831,4075
392,2019-01-27,winter,1,1,0,6,0,2,20.76915,3187,3456
393,2019-01-28,winter,1,1,0,0,1,1,16.31895,3248,4023
394,2019-01-29,winter,1,1,0,1,1,1,13.63605,2685,3243
395,2019-01-30,winter,1,1,0,2,1,1,13.13125,3498,3624
396,2019-01-31,winter,1,1,0,3,1,1,19.06585,4185,4509
397,2019-02-01,winter,1,2,0,4,1,1,23.3269,4275,4579
398,2019-02-02,winter,1,2,0,5,0,2,19.94855,3571,3761
399,2019-02-03,winter,1,2,0,6,0,1,15.4673,3841,4151
400,2019-02-04,winter,1,2,0,0,1,2,13.63625,2448,2832
401,2019-02-05,winter,1,2,0,1,1,2,13.22605,2629,2947
402,2019-02-06,winter,1,2,0,2,1,1,14.8213,3578,3784
403,2019-02-07,winter,1,2,0,3,1,1,18.0552,4176,4375
404,2019-02-08,winter,1,2,0,4,1,2,13.32105,2693,2802
405,2019-02-09,winter,1,2,0,5,0,1,13.0994,3667,3830
406,2019-02-10,winter,1,2,0,6,0,2,14.6779,3604,3831
407,2019-02-11,winter,1,2,0,0,1,3,10.54335,1977,2169
408,2019-02-12,winter,1,2,0,1,1,1,5.0829,1456,1529
409,2019-02-13,winter,1,2,1,2,0,1,11.39565,3328,3422
410,2019-02-14,winter,1,2,0,3,1,2,16.6973,3787,3922
411,2019-02-15,winter,1,2,0,4,1,1,17.58145,4028,4169
412,2019-02-16,winter,1,2,0,5,0,2,16.5081,2931,3005
413,2019-02-17,winter,1,2,0,6,0,1,17.58145,3805,4154
414,2019-02-18,winter,1,2,0,0,1,1,17.77125,2883,4318
415,2019-02-19,winter,1,2,0,1,1,2,13.2894,2071,2689
416,2019-02-20,winter,1,2,1,2,0,1,13.66955,2627,3129
417,2019-02-21,winter,1,2,0,3,1,1,14.75565,3614,3777
418,2019-02-22,winter,1,2,0,4,1,1,19.63335,4379,4773
419,2019-02-23,winter,1,2,0,5,0,1,22.2223,4546,5062
420,2019-02-24,winter,1,2,0,6,0,2,20.54855,3241,3487
421,2019-02-25,winter,1,2,0,0,1,1,12.78375,2415,2732
422,2019-02-26,winter,1,2,0,1,1,1,13.4154,2874,3389
423,2019-02-27,winter,1,2,0,2,1,1,17.8977,4069,4322
424,2019-02-28,winter,1,2,0,3,1,1,17.67625,4134,4363
425,2019-03-01,winter,1,3,0,4,1,1,23.76855,4665,4990
426,2019-03-02,winter,1,3,0,5,0,2,17.9921,2948,3194
427,2019-03-03,winter,1,3,0,6,0,2,20.6746,3110,4066
428,2019-03-04,winter,1,3,0,0,1,1,15.15105,2713,3423
429,2019-03-05,winter,1,3,0,1,1,1,12.05855,3130,3333
430,2019-03-06,winter,1,3,0,2,1,1,12.7521,3735,3956
431,2019-03-07,winter,1,3,0,3,1,1,19.255,4484,4916
432,2019-03-08,winter,1,3,0,4,1,1,26.2302,4896,5382
433,2019-03-09,winter,1,3,0,5,0,2,19.85415,4122,4569
434,2019-03-10,winter,1,3,0,6,0,1,13.88835,3150,4118
435,2019-03-11,winter,1,3,0,0,1,1,17.9835,3253,4911
436,2019-03-12,winter,1,3,0,1,1,1,22.9796,4460,5298
437,2019-03-13,winter,1,3,0,2,1,1,27.14645,5085,5847
438,2019-03-14,winter,1,3,0,3,1,1,27.43085,5315,6312
439,2019-03-15,winter,1,3,0,4,1,1,26.64125,5187,6192
440,2019-03-16,winter,1,3,0,5,0,2,21.81145,3830,4378
441,2019-03-17,winter,1,3,0,6,0,2,25.2523,4681,7836
442,2019-03-18,winter,1,3,0,0,1,2,23.2,3685,5892
443,2019-03-19,winter,1,3,0,1,1,1,26.64105,5171,6153
444,2019-03-20,winter,1,3,0,2,1,1,26.92665,5042,6093
445,2019-03-21,spring,1,3,0,3,1,2,25.6629,5108,6230
446,2019-03-22,spring,1,3,0,4,1,1,26.57835,5537,6871
447,2019-03-23,spring,1,3,0,5,0,2,28.50335,5893,8362
448,2019-03-24,spring,1,3,0,6,0,2,24.33665,2339,3372
449,2019-03-25,spring,1,3,0,0,1,2,21.8744,3464,4996
450,2019-03-26,spring,1,3,0,1,1,1,21.9375,4763,5558
451,2019-03-27,spring,1,3,0,2,1,1,15.7827,4571,5102
452,2019-03-28,spring,1,3,0,3,1,1,23.5475,5024,5698
453,2019-03-29,spring,1,3,0,4,1,1,24.1152,5299,6133
454,2019-03-30,spring,1,3,0,5,0,2,18.78105,4663,5459
455,2019-03-31,spring,1,3,1,6,0,2,21.0854,3934,6235
456,2019-04-01,spring,1,4,0,0,1,2,20.86435,3694,6041
457,2019-04-02,spring,1,4,0,1,1,1,21.37565,4728,5936
458,2019-04-03,spring,1,4,0,2,1,1,23.07415,5424,6772
459,2019-04-04,spring,1,4,0,3,1,1,26.6725,5378,6436
460,2019-04-05,spring,1,4,0,4,1,1,21.55815,5265,6457
461,2019-04-06,spring,1,4,0,5,0,1,19.53835,4653,6460
462,2019-04-07,spring,1,4,0,6,0,1,21.30645,3605,6857
463,2019-04-08,spring,1,4,0,0,1,1,24.62125,2939,5169
464,2019-04-09,spring,1,4,0,1,1,1,23.8319,4680,5585
465,2019-04-10,spring,1,4,0,2,1,1,21.81165,5099,5918
466,2019-04-11,spring,1,4,0,3,1,1,16.8637,4380,4862
467,2019-04-12,spring,1,4,0,4,1,1,19.3802,4746,5409
468,2019-04-13,spring,1,4,0,5,0,1,21.5904,5146,6398
469,2019-04-14,spring,1,4,0,6,0,1,24.3998,4665,7460
470,2019-04-15,spring,1,4,0,0,1,1,28.69375,4286,7132
471,2019-04-16,spring,1,4,0,1,1,1,30.74625,5172,6370
472,2019-04-17,spring,1,4,0,2,1,1,29.92435,5702,6691
473,2019-04-18,spring,1,4,0,3,1,2,22.8519,4020,4367
474,2019-04-19,spring,1,4,0,4,1,1,24.6523,5719,6565
475,2019-04-20,spring,1,4,0,5,0,1,25.78875,5950,7290
476,2019-04-21,spring,1,4,0,6,0,1,27.14605,4083,6624
477,2019-04-22,spring,1,4,0,0,1,3,19.4752,907,1027
478,2019-04-23,spring,1,4,0,1,1,2,15.05625,3019,3214
479,2019-04-24,spring,1,4,0,2,1,1,20.26415,5115,5633
480,2019-04-25,spring,1,4,0,3,1,1,23.51585,5541,6196
481,2019-04-26,spring,1,4,0,4,1,2,24.17915,4551,5026
482,2019-04-27,spring,1,4,0,5,0,1,22.63185,5219,6233
483,2019-04-28,spring,1,4,0,6,0,2,18.8752,3100,4220
484,2019-04-29,spring,1,4,0,0,1,1,22.50605,4075,6304
485,2019-04-30,spring,1,4,0,1,1,2,22.8848,4907,5572
486,2019-05-01,spring,1,5,0,2,1,2,28.85105,5087,5740
487,2019-05-02,spring,1,5,0,3,1,1,26.8948,5502,6169
488,2019-05-03,spring,1,5,0,4,1,2,26.8621,5657,6421
489,2019-05-04,spring,1,5,0,5,0,1,29.54585,5227,6296
490,2019-05-05,spring,1,5,0,6,0,2,29.2304,4387,6883
491,2019-05-06,spring,1,5,0,0,1,2,27.33685,4224,6359
492,2019-05-07,spring,1,5,0,1,1,2,26.3571,5265,6273
493,2019-05-08,spring,1,5,0,2,1,2,27.87355,4990,5728
494,2019-05-09,spring,1,5,0,3,1,2,27.65125,4097,4717
495,2019-05-10,spring,1,5,0,4,1,1,24.58915,5546,6572
496,2019-05-11,spring,1,5,0,5,0,1,26.04165,5711,7030
497,2019-05-12,spring,1,5,0,6,0,1,27.24085,4807,7429
498,2019-05-13,spring,1,5,0,0,1,1,29.2619,3946,6118
499,2019-05-14,spring,1,5,0,1,1,2,27.495,2501,2843
500,2019-05-15,spring,1,5,0,2,1,2,28.8202,4490,5115
501,2019-05-16,spring,1,5,0,3,1,1,29.79875,6433,7424
502,2019-05-17,spring,1,5,0,4,1,1,28.63065,6142,7384
503,2019-05-18,spring,1,5,0,5,0,1,27.55605,6118,7639
504,2019-05-19,spring,1,5,0,6,0,1,28.3454,4884,8294
505,2019-05-20,spring,1,5,0,0,1,1,29.19835,4425,7129
506,2019-05-21,spring,1,5,0,1,1,2,28.28335,3729,4359
507,2019-05-22,spring,1,5,0,2,1,2,29.04125,5254,6073
508,2019-05-23,spring,1,5,0,3,1,2,29.2306,4494,5260
509,2019-05-24,spring,1,5,0,4,1,1,30.335,5711,6770
510,2019-05-25,spring,1,5,0,5,0,1,31.37645,5317,6734
511,2019-05-26,spring,1,5,0,6,0,1,32.1348,3681,6536
512,2019-05-27,spring,1,5,0,0,1,1,32.07125,3308,6591
513,2019-05-28,spring,1,5,0,1,1,1,33.965,3486,6043
514,2019-05-29,spring,1,5,1,2,0,1,33.6496,4863,5743
515,2019-05-30,spring,1,5,0,3,1,2,30.55645,6110,6855
516,2019-05-31,spring,1,5,0,4,1,1,31.56645,6238,7338
517,2019-06-01,spring,1,6,0,5,0,2,30.3981,3594,4127
518,2019-06-02,spring,1,6,0,6,0,1,28.3144,5325,8120
519,2019-06-03,spring,1,6,0,0,1,1,28.75665,5147,7641
520,2019-06-04,spring,1,6,0,1,1,1,28.91415,5927,6998
521,2019-06-05,spring,1,6,0,2,1,2,26.2946,6033,7001
522,2019-06-06,spring,1,6,0,3,1,1,27.1146,6028,7055
523,2019-06-07,spring,1,6,0,4,1,1,28.4721,6456,7494
524,2019-06-08,spring,1,6,0,5,0,1,29.8931,6248,7736
525,2019-06-09,spring,1,6,0,6,0,1,32.41835,4790,7498
526,2019-06-10,spring,1,6,0,0,1,1,33.17585,4374,6598
527,2019-06-11,spring,1,6,0,1,1,2,32.98605,5647,6664
528,2019-06-12,spring,1,6,0,2,1,2,29.89375,4495,4972
529,2019-06-13,spring,1,6,0,3,1,1,30.55585,6248,7421
530,2019-06-14,spring,1,6,0,4,1,1,31.21915,6183,7363
531,2019-06-15,spring,1,6,0,5,0,1,29.9877,6102,7665
532,2019-06-16,spring,1,6,0,6,0,1,29.7354,4739,7702
533,2019-06-17,spring,1,6,0,0,1,1,28.59875,4344,6978
534,2019-06-18,spring,1,6,0,1,1,2,27.2421,4446,5099
535,2019-06-19,spring,1,6,0,2,1,1,32.7346,5857,6825
536,2019-06-20,spring,1,6,0,3,1,1,36.04875,5339,6211
537,2019-06-21,summer,1,6,0,4,1,1,37.6271,5127,5905
538,2019-06-22,summer,1,6,0,5,0,1,36.20605,4859,5823
539,2019-06-23,summer,1,6,0,6,0,1,32.6396,4801,7458
540,2019-06-24,summer,1,6,0,0,1,1,33.7127,4340,6891
541,2019-06-25,summer,1,6,0,1,1,1,32.7021,5640,6779
542,2019-06-26,summer,1,6,0,2,1,1,29.7352,6365,7442
543,2019-06-27,summer,1,6,0,3,1,1,32.0396,6258,7335
544,2019-06-28,summer,1,6,0,4,1,1,33.7756,5958,6879
545,2019-06-29,summer,1,6,0,5,0,1,39.33065,4634,5463
546,2019-06-30,summer,1,6,0,6,0,1,34.3754,4232,5687
547,2019-07-01,summer,1,7,0,0,1,1,37.53145,4110,5531
548,2019-07-02,summer,1,7,0,1,1,1,35.1019,5323,6227
549,2019-07-03,summer,1,7,0,2,1,1,35.1325,5608,6660
550,2019-07-04,summer,1,7,1,3,0,1,36.61685,4841,7403
551,2019-07-05,summer,1,7,1,4,0,1,38.06835,4836,6241
552,2019-07-06,summer,1,7,0,5,0,1,37.62665,4841,6207
553,2019-07-07,summer,1,7,0,6,0,1,40.24565,3392,4840
554,2019-07-08,summer,1,7,0,0,1,1,39.5198,3469,4672
555,2019-07-09,summer,1,7,0,1,1,2,32.7027,5571,6569
556,2019-07-10,summer,1,7,0,2,1,2,33.2398,5336,6290
557,2019-07-11,summer,1,7,0,3,1,1,32.51355,6289,7264
558,2019-07-12,summer,1,7,0,4,1,1,32.73415,6414,7446
559,2019-07-13,summer,1,7,0,5,0,2,33.39665,5988,7499
560,2019-07-14,summer,1,7,0,6,0,2,33.3021,4614,6969
561,2019-07-15,summer,1,7,0,0,1,1,35.2598,4111,6031
562,2019-07-16,summer,1,7,0,1,1,1,36.20625,5742,6830
563,2019-07-17,summer,1,7,0,2,1,1,37.78415,5865,6786
564,2019-07-18,summer,1,7,0,3,1,1,37.27915,4914,5713
565,2019-07-19,summer,1,7,0,4,1,1,35.7321,5703,6591
566,2019-07-20,summer,1,7,0,5,0,2,30.65125,5123,5870
567,2019-07-21,summer,1,7,0,6,0,3,27.4956,3195,4459
568,2019-07-22,summer,1,7,0,0,1,2,31.15625,4866,7410
569,2019-07-23,summer,1,7,0,1,1,1,34.50085,5831,6966
570,2019-07-24,summer,1,7,0,2,1,1,35.3225,6452,7592
571,2019-07-25,summer,1,7,0,3,1,1,32.7027,6790,8173
572,2019-07-26,summer,1,7,0,4,1,1,36.96315,5825,6861
573,2019-07-27,summer,1,7,0,5,0,1,36.71085,5645,6904
574,2019-07-28,summer,1,7,1,6,0,1,34.8802,4451,6685
575,2019-07-29,summer,1,7,0,0,1,1,33.39665,4444,6597
576,2019-07-30,summer,1,7,0,1,1,1,34.24935,6065,7105
577,2019-07-31,summer,1,7,0,2,1,1,33.1448,6248,7216
578,2019-08-01,summer,1,8,0,3,1,1,33.3654,6506,7580
579,2019-08-02,summer,1,8,0,4,1,1,35.3544,6278,7261
580,2019-08-03,summer,1,8,0,5,0,2,36.14335,5847,7175
581,2019-08-04,summer,1,8,0,6,0,1,37.56335,4479,6824
582,2019-08-05,summer,1,8,0,0,1,1,36.55395,3757,5464
583,2019-08-06,summer,1,8,0,1,1,2,35.5123,5780,7013
584,2019-08-07,summer,1,8,0,2,1,2,34.88105,5995,7273
585,2019-08-08,summer,1,8,0,3,1,2,35.38585,6271,7534
586,2019-08-09,summer,1,8,0,4,1,1,34.9754,6090,7286
587,2019-08-10,summer,1,8,0,5,0,2,33.3971,4721,5786
588,2019-08-11,summer,1,8,0,6,0,2,31.91335,4052,6299
589,2019-08-12,summer,1,8,0,0,1,1,32.22895,4362,6544
590,2019-08-13,summer,1,8,0,1,1,1,33.1127,5676,6883
591,2019-08-14,summer,1,8,0,2,1,1,33.83895,5656,6784
592,2019-08-15,summer,1,8,0,3,1,1,32.70185,6149,7347
593,2019-08-16,summer,1,8,0,4,1,1,32.7344,6267,7605
594,2019-08-17,summer,1,8,0,5,0,1,12.12,5665,7148
595,2019-08-18,summer,1,8,0,6,0,1,30.90355,5038,7865
596,2019-08-19,summer,1,8,0,0,1,2,30.1777,3341,4549
597,2019-08-20,summer,1,8,0,1,1,2,29.79835,5504,6530
598,2019-08-21,summer,1,8,0,2,1,1,30.05125,5925,7006
599,2019-08-22,summer,1,8,0,3,1,1,31.0927,6281,7375
600,2019-08-23,summer,1,8,0,4,1,1,31.8504,6402,7765
601,2019-08-24,summer,1,8,0,5,0,2,32.355,6257,7582
602,2019-08-25,summer,1,8,0,6,0,2,30.9348,4224,6053
603,2019-08-26,summer,1,8,0,0,1,2,29.7998,3772,5255
604,2019-08-27,summer,1,8,0,1,1,1,32.7344,5928,6917
605,2019-08-28,summer,1,8,0,2,1,1,33.3025,6105,7040
606,2019-08-29,summer,1,8,0,3,1,1,31.78665,6520,7697
607,2019-08-30,summer,1,8,0,4,1,1,32.63895,6541,7713
608,2019-08-31,summer,1,8,0,5,0,1,34.47,5917,7350
609,2019-09-01,summer,1,9,0,6,0,2,35.1327,3788,6140
610,2019-09-02,summer,1,9,0,0,1,2,32.45,3197,5810
611,2019-09-03,summer,1,9,0,1,1,1,33.08145,4069,6034
612,2019-09-04,summer,1,9,1,2,0,1,34.3444,5997,6864
613,2019-09-05,summer,1,9,0,3,1,1,35.44915,6280,7112
614,2019-09-06,summer,1,9,0,4,1,2,32.76645,5592,6203
615,2019-09-07,summer,1,9,0,5,0,1,32.8602,6459,7504
616,2019-09-08,summer,1,9,0,6,0,2,30.55605,4419,5976
617,2019-09-09,summer,1,9,0,0,1,1,28.94625,5657,8227
618,2019-09-10,summer,1,9,0,1,1,1,28.2827,6407,7525
619,2019-09-11,summer,1,9,0,2,1,1,27.7146,6697,7767
620,2019-09-12,summer,1,9,0,3,1,1,28.50375,6820,7870
621,2019-09-13,summer,1,9,0,4,1,1,28.9779,6750,7804
622,2019-09-14,summer,1,9,0,5,0,1,29.70415,6630,8009
623,2019-09-15,summer,1,9,0,6,0,1,29.29335,5554,8714
624,2019-09-16,summer,1,9,0,0,1,1,28.15625,5167,7333
625,2019-09-17,summer,1,9,0,1,1,2,27.6525,5847,6869
626,2019-09-18,summer,1,9,0,2,1,2,28.25335,3702,4073
627,2019-09-19,summer,1,9,0,3,1,1,27.0202,6803,7591
628,2019-09-20,summer,1,9,0,4,1,1,26.6096,6781,7720
629,2019-09-21,summer,1,9,0,5,0,1,28.59855,6917,8167
630,2019-09-22,summer,1,9,0,6,0,1,30.5244,5883,8395
631,2019-09-23,autumn,1,9,0,0,1,1,25.94665,5453,7907
632,2019-09-24,autumn,1,9,0,1,1,1,25.12565,6435,7436
633,2019-09-25,autumn,1,9,0,2,1,1,27.20895,6693,7538
634,2019-09-26,autumn,1,9,0,3,1,1,29.83065,6946,7733
635,2019-09-27,autumn,1,9,0,4,1,2,30.39875,6642,7393
636,2019-09-28,autumn,1,9,0,5,0,2,29.29315,6370,7415
637,2019-09-29,autumn,1,9,0,6,0,1,26.5148,5966,8555
638,2019-09-30,autumn,1,9,0,0,1,1,25.88315,4874,6889
639,2019-10-01,autumn,1,10,0,1,1,2,25.6,6015,6778
640,2019-10-02,autumn,1,10,0,2,1,3,27.11665,4324,4639
641,2019-10-03,autumn,1,10,0,3,1,2,29.95665,6844,7572
642,2019-10-04,autumn,1,10,0,4,1,2,30.39875,6437,7328
643,2019-10-05,autumn,1,10,0,5,0,1,29.00935,6640,8156
644,2019-10-06,autumn,1,10,0,6,0,1,26.92605,4934,7965
645,2019-10-07,autumn,1,10,0,0,1,2,20.99065,2729,3510
646,2019-10-08,autumn,1,10,0,1,1,2,19.3804,4604,5478
647,2019-10-09,autumn,1,10,0,2,1,2,21.9056,5791,6392
648,2019-10-10,autumn,1,10,0,3,1,1,25.1571,6911,7691
649,2019-10-11,autumn,1,10,0,4,1,1,21.55835,6736,7570
650,2019-10-12,autumn,1,10,0,5,0,1,21.65355,6222,7282
651,2019-10-13,autumn,1,10,0,6,0,1,19.5698,4857,7109
652,2019-10-14,autumn,1,10,0,0,1,1,25.4102,4559,6639
653,2019-10-15,autumn,1,10,0,1,1,2,26.9575,5115,5875
654,2019-10-16,autumn,1,10,0,2,1,1,23.0423,6612,7534
655,2019-10-17,autumn,1,10,0,3,1,1,22.5054,6482,7461
656,2019-10-18,autumn,1,10,0,4,1,2,25.63125,6501,7509
657,2019-10-19,autumn,1,10,0,5,0,2,26.8948,4671,5424
658,2019-10-20,autumn,1,10,0,6,0,1,23.6421,5284,8090
659,2019-10-21,autumn,1,10,0,0,1,1,22.82145,4692,6824
660,2019-10-22,autumn,1,10,0,1,1,1,24.1471,6228,7058
661,2019-10-23,autumn,1,10,0,2,1,1,26.5152,6625,7466
662,2019-10-24,autumn,1,10,0,3,1,1,27.93605,6898,7693
663,2019-10-25,autumn,1,10,0,4,1,2,26.4844,6484,7359
664,2019-10-26,autumn,1,10,0,5,0,2,26.1375,6262,7444
665,2019-10-27,autumn,1,10,0,6,0,2,25.75665,5209,7852
666,2019-10-28,autumn,1,10,0,0,1,2,23.38855,3461,4459
667,2019-10-29,autumn,1,10,0,1,1,3,21.97,20,22
668,2019-10-30,autumn,1,10,0,2,1,2,15.49545,1009,1096
669,2019-10-31,autumn,1,10,0,3,1,2,18.055,5147,5566
670,2019-11-01,autumn,1,11,0,4,1,2,18.4971,5520,5986
671,2019-11-02,autumn,1,11,0,5,0,1,17.8021,5229,5847
672,2019-11-03,autumn,1,11,0,6,0,2,16.1923,4109,5138
673,2019-11-04,autumn,1,11,0,0,1,1,16.4769,3906,5107
674,2019-11-05,autumn,1,11,0,1,1,1,15.40375,4881,5259
675,2019-11-06,autumn,1,11,0,2,1,1,14.07835,5220,5686
676,2019-11-07,autumn,1,11,0,3,1,2,13.73105,4709,5035
677,2019-11-08,autumn,1,11,0,4,1,1,17.09455,4975,5315
678,2019-11-09,autumn,1,11,0,5,0,1,17.77065,5283,5992
679,2019-11-10,autumn,1,11,1,6,0,1,19.69685,4446,6536
680,2019-11-11,autumn,1,11,0,0,1,1,21.08565,4562,6852
681,2019-11-12,autumn,1,11,0,1,1,1,23.76915,5172,6269
682,2019-11-13,autumn,1,11,0,2,1,2,16.16125,3767,4094
683,2019-11-14,autumn,1,11,0,3,1,1,14.07815,5122,5495
684,2019-11-15,autumn,1,11,0,4,1,2,16.2246,5125,5445
685,2019-11-16,autumn,1,11,0,5,0,1,17.3602,5214,5698
686,2019-11-17,autumn,1,11,0,6,0,1,16.31915,4316,5629
687,2019-11-18,autumn,1,11,0,0,1,1,16.8873,3747,4669
688,2019-11-19,autumn,1,11,0,1,1,2,18.78105,5050,5499
689,2019-11-20,autumn,1,11,0,2,1,2,19.03335,5100,5634
690,2019-11-21,autumn,1,11,0,3,1,1,18.2446,4531,5146
691,2019-11-22,autumn,1,11,0,4,1,1,17.51855,1470,2425
692,2019-11-23,autumn,1,11,1,5,0,1,18.93895,2307,3910
693,2019-11-24,autumn,1,11,1,6,0,1,12.4371,1745,2277
694,2019-11-25,autumn,1,11,0,0,1,1,12.87915,2115,2424
695,2019-11-26,autumn,1,11,0,1,1,1,16.9502,4750,5087
696,2019-11-27,autumn,1,11,0,2,1,2,14.0779,3836,3959
697,2019-11-28,autumn,1,11,0,3,1,1,14.4881,5062,5260
698,2019-11-29,autumn,1,11,0,4,1,1,14.9211,5080,5323
699,2019-11-30,autumn,1,11,0,5,0,1,16.19335,5306,5668
700,2019-12-01,autumn,1,12,0,6,0,2,15.8452,4240,5191
701,2019-12-02,autumn,1,12,0,0,1,2,17.9604,3757,4649
702,2019-12-03,autumn,1,12,0,1,1,1,22.7898,5679,6234
703,2019-12-04,autumn,1,12,0,2,1,1,23.4527,6055,6606
704,2019-12-05,autumn,1,12,0,3,1,1,21.4006,5398,5729
705,2019-12-06,autumn,1,12,0,4,1,1,12.9102,5035,5375
706,2019-12-07,autumn,1,12,0,5,0,2,16.0979,4659,5008
707,2019-12-08,autumn,1,12,0,6,0,2,19.4754,4429,5582
708,2019-12-09,autumn,1,12,0,0,1,2,19.5073,2787,3228
709,2019-12-10,autumn,1,12,0,1,1,2,21.77875,4841,5170
710,2019-12-11,autumn,1,12,0,2,1,2,16.91815,5219,5501
711,2019-12-12,autumn,1,12,0,3,1,2,14.8669,5009,5319
712,2019-12-13,autumn,1,12,0,4,1,1,14.7094,5107,5532
713,2019-12-14,autumn,1,12,0,5,0,1,14.7096,5182,5611
714,2019-12-15,autumn,1,12,0,6,0,1,16.91915,4280,5047
715,2019-12-16,autumn,1,12,0,0,1,2,18.4969,3248,3786
716,2019-12-17,autumn,1,12,0,1,1,2,20.075,4373,4585
717,2019-12-18,autumn,1,12,0,2,1,1,20.4854,5124,5557
718,2019-12-19,autumn,1,12,0,3,1,1,17.1081,4934,5267
719,2019-12-20,autumn,1,12,0,4,1,2,16.76085,3814,4128
720,2019-12-21,winter,1,12,0,5,0,2,15.08835,3402,3623
721,2019-12-22,winter,1,12,0,6,0,1,11.80565,1544,1749
722,2019-12-23,winter,1,12,0,0,1,1,12.97355,1379,1787
723,2019-12-24,winter,1,12,1,1,0,2,12.945,746,920
724,2019-12-25,winter,1,12,1,2,0,2,14.72325,573,1013
725,2019-12-26,winter,1,12,0,3,1,3,11.01665,432,441
726,2019-12-27,winter,1,12,0,4,1,2,11.3321,1867,2114
727,2019-12-28,winter,1,12,0,5,0,2,12.7523,2451,3095
728,2019-12-29,winter,1,12,0,6,0,2,12.12,1182,1341
729,2019-12-30,winter,1,12,0,0,1,1,11.585,1432,1796
730,2019-12-31,winter,1,12,1,1,0,2,11.17435,2290,2729
