,yr,mnth,dia_anual,holiday_num,weekday_num,workingday_num,weathersit,atemp,casual,registered,cnt,seasons_autumn,seasons_spring,seasons_summer,seasons_winter
0,0,1,1,1,0,0,2,18.18125,331,654,985,0.0,0.0,0.0,1.0
1,0,1,2,0,1,1,2,17.68695,131,670,801,0.0,0.0,0.0,1.0
2,0,1,3,0,2,1,1,9.47025,120,1229,1349,0.0,0.0,0.0,1.0
3,0,1,4,0,3,1,1,10.6061,108,1454,1562,0.0,0.0,0.0,1.0
4,0,1,5,0,4,1,1,11.4635,82,1518,1600,0.0,0.0,0.0,1.0
5,0,1,6,0,5,0,1,11.66045,88,1518,1606,0.0,0.0,0.0,1.0
6,0,1,7,0,6,0,2,10.44195,148,1362,1510,0.0,0.0,0.0,1.0
7,0,1,8,0,0,1,2,8.1127,68,891,959,0.0,0.0,0.0,1.0
8,0,1,9,0,1,1,1,5.80875,54,768,822,0.0,0.0,0.0,1.0
9,0,1,10,0,2,1,1,7.5444,41,1280,1321,0.0,0.0,0.0,1.0
10,0,1,11,0,3,1,2,9.5732,43,1220,1263,0.0,0.0,0.0,1.0
11,0,1,12,0,4,1,1,8.02365,25,1137,1162,0.0,0.0,0.0,1.0
12,0,1,13,0,5,0,1,7.54415,38,1368,1406,0.0,0.0,0.0,1.0
13,0,1,14,0,6,0,1,9.42065,54,1367,1421,0.0,0.0,0.0,1.0
14,0,1,15,0,0,1,2,12.4056,222,1026,1248,0.0,0.0,0.0,1.0
15,0,1,16,1,1,0,1,11.71085,251,953,1204,0.0,0.0,0.0,1.0
16,0,1,17,0,2,1,2,8.83855,117,883,1000,0.0,0.0,0.0,1.0
17,0,1,18,0,3,1,2,11.61665,9,674,683,0.0,0.0,0.0,1.0
18,0,1,19,0,4,1,2,14.9211,78,1572,1650,0.0,0.0,0.0,1.0
19,0,1,20,0,5,0,2,12.7525,83,1844,1927,0.0,0.0,0.0,1.0
20,0,1,21,0,6,0,1,7.89165,75,1468,1543,0.0,0.0,0.0,1.0
21,0,1,22,0,0,1,1,3.95348,93,888,981,0.0,0.0,0.0,1.0
22,0,1,23,0,1,1,1,4.941955,150,836,986,0.0,0.0,0.0,1.0
23,0,1,24,0,2,1,1,5.8965,86,1330,1416,0.0,0.0,0.0,1.0
24,0,1,25,0,3,1,2,11.7263,186,1799,1985,0.0,0.0,0.0,1.0
25,0,1,26,0,4,1,3,10.18,34,472,506,0.0,0.0,0.0,1.0
26,0,1,27,0,5,0,1,10.985,15,416,431,0.0,0.0,0.0,1.0
27,0,1,28,0,6,0,2,11.16585,38,1129,1167,0.0,0.0,0.0,1.0
28,0,1,29,0,0,1,1,10.6063,123,975,1098,0.0,0.0,0.0,1.0
29,0,1,30,0,1,1,1,12.5161,140,956,1096,0.0,0.0,0.0,1.0
30,0,1,31,0,2,1,2,9.3125,42,1459,1501,0.0,0.0,0.0,1.0
31,0,2,32,0,3,1,2,11.7265,47,1313,1360,0.0,0.0,0.0,1.0
32,0,2,33,0,4,1,2,12.72085,72,1454,1526,0.0,0.0,0.0,1.0
33,0,2,34,0,5,0,1,8.8939,61,1489,1550,0.0,0.0,0.0,1.0
34,0,2,35,0,6,0,2,11.42935,88,1620,1708,0.0,0.0,0.0,1.0
35,0,2,36,0,0,1,2,12.1529,100,905,1005,0.0,0.0,0.0,1.0
36,0,2,37,0,1,1,1,14.58355,354,1269,1623,0.0,0.0,0.0,1.0
37,0,2,38,0,2,1,1,15.1829,120,1592,1712,0.0,0.0,0.0,1.0
38,0,2,39,0,3,1,1,9.9123,64,1466,1530,0.0,0.0,0.0,1.0
39,0,2,40,0,4,1,2,7.21415,53,1552,1605,0.0,0.0,0.0,1.0
40,0,2,41,0,5,0,1,7.4774,47,1491,1538,0.0,0.0,0.0,1.0
41,0,2,42,0,6,0,1,10.67545,149,1597,1746,0.0,0.0,0.0,1.0
42,0,2,43,0,0,1,1,11.6477,288,1184,1472,0.0,0.0,0.0,1.0
43,0,2,44,1,1,0,1,16.20565,397,1192,1589,0.0,0.0,0.0,1.0
44,0,2,45,0,2,1,1,19.9175,208,1705,1913,0.0,0.0,0.0,1.0
45,0,2,46,0,3,1,1,12.7137,140,1675,1815,0.0,0.0,0.0,1.0
46,0,2,47,0,4,1,1,15.81,218,1897,2115,0.0,0.0,0.0,1.0
47,0,2,48,0,5,0,1,21.4329,259,2216,2475,0.0,0.0,0.0,1.0
48,0,2,49,0,6,0,1,25.59915,579,2348,2927,0.0,0.0,0.0,1.0
49,0,2,50,0,0,1,1,19.5702,532,1103,1635,0.0,0.0,0.0,1.0
50,0,2,51,1,1,0,1,13.8665,639,1173,1812,0.0,0.0,0.0,1.0
51,0,2,52,0,2,1,2,14.20375,195,912,1107,0.0,0.0,0.0,1.0
52,0,2,53,0,3,1,1,9.30165,74,1376,1450,0.0,0.0,0.0,1.0
53,0,2,54,0,4,1,1,12.28585,139,1778,1917,0.0,0.0,0.0,1.0
54,0,2,55,0,5,0,2,14.45955,100,1707,1807,0.0,0.0,0.0,1.0
55,0,2,56,0,6,0,2,17.52305,120,1341,1461,0.0,0.0,0.0,1.0
56,0,2,57,0,0,1,1,14.1096,424,1545,1969,0.0,0.0,0.0,1.0
57,0,2,58,0,1,1,1,17.55545,694,1708,2402,0.0,0.0,0.0,1.0
58,0,2,59,0,2,1,2,20.0059,81,1365,1446,0.0,0.0,0.0,1.0
59,0,3,60,0,3,1,1,13.19395,137,1714,1851,0.0,0.0,0.0,1.0
60,0,3,61,0,4,1,1,16.00355,231,1903,2134,0.0,0.0,0.0,1.0
61,0,3,62,0,5,0,1,10.00665,123,1562,1685,0.0,0.0,0.0,1.0
62,0,3,63,0,6,0,2,12.78395,214,1730,1944,0.0,0.0,0.0,1.0
63,0,3,64,0,0,1,2,18.93895,640,1437,2077,0.0,0.0,0.0,1.0
64,0,3,65,0,1,1,2,18.3126,114,491,605,0.0,0.0,0.0,1.0
65,0,3,66,0,2,1,1,11.92305,244,1628,1872,0.0,0.0,0.0,1.0
66,0,3,67,0,3,1,1,15.12,316,1817,2133,0.0,0.0,0.0,1.0
67,0,3,68,0,4,1,2,14.3304,191,1700,1891,0.0,0.0,0.0,1.0
68,0,3,69,0,5,0,3,19.2834,46,577,623,0.0,0.0,0.0,1.0
69,0,3,70,0,6,0,2,15.25,247,1730,1977,0.0,0.0,0.0,1.0
70,0,3,71,0,0,1,1,16.2875,724,1408,2132,0.0,0.0,0.0,1.0
71,0,3,72,0,1,1,1,19.00455,982,1435,2417,0.0,0.0,0.0,1.0
72,0,3,73,0,2,1,1,16.6,359,1687,2046,0.0,0.0,0.0,1.0
73,0,3,74,0,3,1,2,15.9089,289,1767,2056,0.0,0.0,0.0,1.0
74,0,3,75,0,4,1,2,18.3465,321,1871,2192,0.0,0.0,0.0,1.0
75,0,3,76,0,5,0,1,20.51665,424,2320,2744,0.0,0.0,0.0,1.0
76,0,3,77,0,6,0,1,26.35045,884,2355,3239,0.0,0.0,0.0,1.0
77,0,3,78,0,0,1,1,23.32625,1424,1693,3117,0.0,0.0,0.0,1.0
78,0,3,79,0,1,1,1,16.2875,1047,1424,2471,0.0,0.0,0.0,1.0
79,0,3,80,0,2,1,2,20.48675,401,1676,2077,0.0,1.0,0.0,0.0
80,0,3,81,0,3,1,1,22.0321,460,2243,2703,0.0,1.0,0.0,0.0
81,0,3,82,0,4,1,2,16.89695,203,1918,2121,0.0,1.0,0.0,0.0
82,0,3,83,0,5,0,2,13.54165,166,1699,1865,0.0,1.0,0.0,0.0
83,0,3,84,0,6,0,1,12.8156,300,1910,2210,0.0,1.0,0.0,0.0
84,0,3,85,0,0,1,1,12.87855,981,1515,2496,0.0,1.0,0.0,0.0
85,0,3,86,0,1,1,2,12.51695,472,1221,1693,0.0,1.0,0.0,0.0
86,0,3,87,0,2,1,1,12.8787,222,1806,2028,0.0,1.0,0.0,0.0
87,0,3,88,0,3,1,1,14.6454,317,2108,2425,0.0,1.0,0.0,0.0
88,0,3,89,0,4,1,2,14.8675,168,1368,1536,0.0,1.0,0.0,0.0
89,0,3,90,1,5,0,3,12.87875,179,1506,1685,0.0,1.0,0.0,0.0
90,0,4,91,0,6,0,2,14.1727,307,1920,2227,0.0,1.0,0.0,0.0
91,0,4,92,0,0,1,2,15.78185,898,1354,2252,0.0,1.0,0.0,0.0
92,0,4,93,0,1,1,1,18.93835,1651,1598,3249,0.0,1.0,0.0,0.0
93,0,4,94,0,2,1,1,27.14645,734,2381,3115,0.0,1.0,0.0,0.0
94,0,4,95,0,3,1,2,19.9175,167,1628,1795,0.0,1.0,0.0,0.0
95,0,4,96,0,4,1,1,19.3804,413,2395,2808,0.0,1.0,0.0,0.0
96,0,4,97,0,5,0,1,21.6848,571,2570,3141,0.0,1.0,0.0,0.0
97,0,4,98,0,6,0,2,16.22395,172,1299,1471,0.0,1.0,0.0,0.0
98,0,4,99,0,0,1,2,17.07645,879,1576,2455,0.0,1.0,0.0,0.0
99,0,4,100,0,1,1,2,21.33685,1188,1707,2895,0.0,1.0,0.0,0.0
100,0,4,101,0,2,1,2,28.26085,855,2493,3348,0.0,1.0,0.0,0.0
101,0,4,102,0,3,1,2,24.6527,257,1777,2034,0.0,1.0,0.0,0.0
102,0,4,103,0,4,1,2,20.86415,209,1953,2162,0.0,1.0,0.0,0.0
103,0,4,104,0,5,0,1,23.1371,529,2738,3267,0.0,1.0,0.0,0.0
104,0,4,105,0,6,0,1,22.09565,642,2484,3126,0.0,1.0,0.0,0.0
105,0,4,106,0,0,1,3,21.2746,121,674,795,0.0,1.0,0.0,0.0
106,0,4,107,0,1,1,1,22.2848,1558,2186,3744,0.0,1.0,0.0,0.0
107,0,4,108,0,2,1,1,25.1573,669,2760,3429,0.0,1.0,0.0,0.0
108,0,4,109,0,3,1,2,24.4629,409,2795,3204,0.0,1.0,0.0,0.0
109,0,4,110,0,4,1,1,28.2196,613,3331,3944,0.0,1.0,0.0,0.0
110,0,4,111,0,5,0,1,22.6946,745,3444,4189,0.0,1.0,0.0,0.0
111,0,4,112,0,6,0,2,16.0977,177,1506,1683,0.0,1.0,0.0,0.0
112,0,4,113,0,0,1,2,22.50605,1462,2574,4036,0.0,1.0,0.0,0.0
113,0,4,114,0,1,1,2,27.58815,1710,2481,4191,0.0,1.0,0.0,0.0
114,0,4,115,0,2,1,1,28.725,773,3300,4073,0.0,1.0,0.0,0.0
115,0,4,116,0,3,1,1,29.70415,678,3722,4400,0.0,1.0,0.0,0.0
116,0,4,117,0,4,1,2,28.7571,547,3325,3872,0.0,1.0,0.0,0.0
117,0,4,118,0,5,0,2,28.94645,569,3489,4058,0.0,1.0,0.0,0.0
118,0,4,119,0,6,0,1,24.87315,878,3717,4595,0.0,1.0,0.0,0.0
119,0,4,120,0,0,1,1,23.20105,1965,3347,5312,0.0,1.0,0.0,0.0
120,0,5,121,0,1,1,2,22.4102,1138,2213,3351,0.0,1.0,0.0,0.0
121,0,5,122,0,2,1,2,26.64165,847,3554,4401,0.0,1.0,0.0,0.0
122,0,5,123,0,3,1,2,29.10395,603,3848,4451,0.0,1.0,0.0,0.0
123,0,5,124,0,4,1,2,20.2325,255,2378,2633,0.0,1.0,0.0,0.0
124,0,5,125,0,5,0,1,22.09585,614,3819,4433,0.0,1.0,0.0,0.0
125,0,5,126,0,6,0,1,23.70585,894,3714,4608,0.0,1.0,0.0,0.0
126,0,5,127,0,0,1,1,25.63105,1612,3102,4714,0.0,1.0,0.0,0.0
127,0,5,128,0,1,1,1,25.94665,1401,2932,4333,0.0,1.0,0.0,0.0
128,0,5,129,0,2,1,1,26.2623,664,3698,4362,0.0,1.0,0.0,0.0
129,0,5,130,0,3,1,1,26.13605,694,4109,4803,0.0,1.0,0.0,0.0
130,0,5,131,0,4,1,1,26.42,550,3632,4182,0.0,1.0,0.0,0.0
131,0,5,132,0,5,0,1,26.16815,695,4169,4864,0.0,1.0,0.0,0.0
132,0,5,133,0,6,0,2,24.715,692,3413,4105,0.0,1.0,0.0,0.0
133,0,5,134,0,0,1,2,25.03145,902,2507,3409,0.0,1.0,0.0,0.0
134,0,5,135,0,1,1,2,26.8,1582,2971,4553,0.0,1.0,0.0,0.0
135,0,5,136,0,2,1,1,27.5256,773,3185,3958,0.0,1.0,0.0,0.0
136,0,5,137,0,3,1,2,26.92645,678,3445,4123,0.0,1.0,0.0,0.0
137,0,5,138,0,4,1,2,26.3579,536,3319,3855,0.0,1.0,0.0,0.0
138,0,5,139,0,5,0,2,25.5371,735,3840,4575,0.0,1.0,0.0,0.0
139,0,5,140,0,6,0,1,26.4521,909,4008,4917,0.0,1.0,0.0,0.0
140,0,5,141,0,0,1,1,28.59875,2258,3547,5805,0.0,1.0,0.0,0.0
141,0,5,142,0,1,1,1,28.725,1576,3084,4660,0.0,1.0,0.0,0.0
142,0,5,143,0,2,1,2,29.5148,836,3438,4274,0.0,1.0,0.0,0.0
143,0,5,144,0,3,1,2,30.24065,659,3833,4492,0.0,1.0,0.0,0.0
144,0,5,145,0,4,1,1,30.7771,740,4238,4978,0.0,1.0,0.0,0.0
145,0,5,146,0,5,0,1,32.7344,758,3919,4677,0.0,1.0,0.0,0.0
146,0,5,147,0,6,0,1,31.8504,871,3808,4679,0.0,1.0,0.0,0.0
147,0,5,148,0,0,1,1,30.61895,2001,2757,4758,0.0,1.0,0.0,0.0
148,0,5,149,1,1,0,1,30.7775,2355,2433,4788,0.0,1.0,0.0,0.0
149,0,5,150,0,2,1,1,33.5546,1549,2549,4098,0.0,1.0,0.0,0.0
150,0,5,151,0,3,1,1,36.26915,673,3309,3982,0.0,1.0,0.0,0.0
151,0,6,152,0,4,1,2,36.04835,513,3461,3974,0.0,1.0,0.0,0.0
152,0,6,153,0,5,0,1,32.1971,736,4232,4968,0.0,1.0,0.0,0.0
153,0,6,154,0,6,0,1,29.35665,898,4414,5312,0.0,1.0,0.0,0.0
154,0,6,155,0,0,1,1,29.7348,1869,3473,5342,0.0,1.0,0.0,0.0
155,0,6,156,0,1,1,2,30.8402,1685,3221,4906,0.0,1.0,0.0,0.0
156,0,6,157,0,2,1,1,31.0929,673,3875,4548,0.0,1.0,0.0,0.0
157,0,6,158,0,3,1,1,32.7975,763,4070,4833,0.0,1.0,0.0,0.0
158,0,6,159,0,4,1,1,36.36395,676,3725,4401,0.0,1.0,0.0,0.0
159,0,6,160,0,5,0,2,37.87895,563,3352,3915,0.0,1.0,0.0,0.0
160,0,6,161,0,6,0,1,35.1646,815,3771,4586,0.0,1.0,0.0,0.0
161,0,6,162,0,0,1,1,33.9019,1729,3237,4966,0.0,1.0,0.0,0.0
162,0,6,163,0,1,1,1,32.16625,1467,2993,4460,0.0,1.0,0.0,0.0
163,0,6,164,0,2,1,1,30.0827,863,4157,5020,0.0,1.0,0.0,0.0
164,0,6,165,0,3,1,1,29.5773,727,4164,4891,0.0,1.0,0.0,0.0
165,0,6,166,0,4,1,1,29.3877,769,4411,5180,0.0,1.0,0.0,0.0
166,0,6,167,0,5,0,2,29.7673,545,3222,3767,0.0,1.0,0.0,0.0
167,0,6,168,0,6,0,1,30.01915,863,3981,4844,0.0,1.0,0.0,0.0
168,0,6,169,0,0,1,1,32.1977,1807,3312,5119,0.0,1.0,0.0,0.0
169,0,6,170,0,1,1,2,32.2923,1639,3105,4744,0.0,1.0,0.0,0.0
170,0,6,171,0,2,1,2,29.7673,699,3311,4010,0.0,1.0,0.0,0.0
171,0,6,172,0,3,1,2,31.8823,774,4061,4835,0.0,0.0,1.0,0.0
172,0,6,173,0,4,1,1,34.69145,661,3846,4507,0.0,0.0,1.0,0.0
173,0,6,174,0,5,0,2,34.69165,746,4044,4790,0.0,0.0,1.0,0.0
174,0,6,175,0,6,0,1,32.82915,969,4022,4991,0.0,0.0,1.0,0.0
175,0,6,176,0,0,1,1,32.16565,1782,3420,5202,0.0,0.0,1.0,0.0
176,0,6,177,0,1,1,1,31.88145,1920,3385,5305,0.0,0.0,1.0,0.0
177,0,6,178,0,2,1,2,31.8502,854,3854,4708,0.0,0.0,1.0,0.0
178,0,6,179,0,3,1,1,34.6279,732,3916,4648,0.0,0.0,1.0,0.0
179,0,6,180,0,4,1,1,32.7344,848,4377,5225,0.0,0.0,1.0,0.0
180,0,6,181,0,5,0,1,31.8504,1027,4488,5515,0.0,0.0,1.0,0.0
181,0,7,182,0,6,0,1,32.6081,1246,4116,5362,0.0,0.0,1.0,0.0
182,0,7,183,0,0,1,1,33.3654,2204,2915,5119,0.0,0.0,1.0,0.0
183,0,7,184,0,1,1,2,33.42875,2282,2367,4649,0.0,0.0,1.0,0.0
184,0,7,185,1,2,0,2,33.27085,3065,2978,6043,0.0,0.0,1.0,0.0
185,0,7,186,1,3,0,1,34.8169,1031,3634,4665,0.0,0.0,1.0,0.0
186,0,7,187,0,4,1,1,34.28165,784,3845,4629,0.0,0.0,1.0,0.0
187,0,7,188,0,5,0,1,34.34355,754,3838,4592,0.0,0.0,1.0,0.0
188,0,7,189,0,6,0,2,33.52415,692,3348,4040,0.0,0.0,1.0,0.0
189,0,7,190,0,0,1,1,33.2079,1988,3348,5336,0.0,0.0,1.0,0.0
190,0,7,191,0,1,1,1,34.50125,1743,3138,4881,0.0,0.0,1.0,0.0
191,0,7,192,0,2,1,1,36.4902,723,3363,4086,0.0,0.0,1.0,0.0
192,0,7,193,0,3,1,1,36.96375,662,3596,4258,0.0,0.0,1.0,0.0
193,0,7,194,0,4,1,1,34.4702,748,3594,4342,0.0,0.0,1.0,0.0
194,0,7,195,0,5,0,1,31.7552,888,4196,5084,0.0,0.0,1.0,0.0
195,0,7,196,0,6,0,1,31.21855,1318,4220,5538,0.0,0.0,1.0,0.0
196,0,7,197,0,0,1,1,31.91315,2418,3505,5923,0.0,0.0,1.0,0.0
197,0,7,198,0,1,1,1,33.49165,2006,3296,5302,0.0,0.0,1.0,0.0
198,0,7,199,0,2,1,1,35.19625,841,3617,4458,0.0,0.0,1.0,0.0
199,0,7,200,0,3,1,1,37.37395,752,3789,4541,0.0,0.0,1.0,0.0
200,0,7,201,0,4,1,1,37.3425,644,3688,4332,0.0,0.0,1.0,0.0
201,0,7,202,0,5,0,2,41.31855,632,3152,3784,0.0,0.0,1.0,0.0
202,0,7,203,0,6,0,1,42.0448,562,2825,3387,0.0,0.0,1.0,0.0
203,0,7,204,0,0,1,1,40.21435,987,2298,3285,0.0,0.0,1.0,0.0
204,0,7,205,0,1,1,1,39.74145,1050,2556,3606,0.0,0.0,1.0,0.0
205,0,7,206,0,2,1,1,36.0479,568,3272,3840,0.0,0.0,1.0,0.0
206,0,7,207,0,3,1,1,34.84895,750,3840,4590,0.0,0.0,1.0,0.0
207,0,7,208,0,4,1,1,34.53335,755,3901,4656,0.0,0.0,1.0,0.0
208,0,7,209,1,5,0,1,36.995,606,3784,4390,0.0,0.0,1.0,0.0
209,0,7,210,0,6,0,1,39.29835,670,3176,3846,0.0,0.0,1.0,0.0
210,0,7,211,0,0,1,1,36.42685,1559,2916,4475,0.0,0.0,1.0,0.0
211,0,7,212,0,1,1,1,36.4898,1524,2778,4302,0.0,0.0,1.0,0.0
212,0,8,213,0,2,1,1,35.1646,729,3537,4266,0.0,0.0,1.0,0.0
213,0,8,214,0,3,1,1,35.35355,801,4044,4845,0.0,0.0,1.0,0.0
214,0,8,215,0,4,1,2,33.99685,467,3107,3574,0.0,0.0,1.0,0.0
215,0,8,216,0,5,0,2,33.2394,799,3777,4576,0.0,0.0,1.0,0.0
216,0,8,217,0,6,0,1,32.82835,1023,3843,4866,0.0,0.0,1.0,0.0
217,0,8,218,0,0,1,2,33.8077,1521,2773,4294,0.0,0.0,1.0,0.0
218,0,8,219,0,1,1,1,35.7646,1298,2487,3785,0.0,0.0,1.0,0.0
219,0,8,220,0,2,1,1,35.16415,846,3480,4326,0.0,0.0,1.0,0.0
220,0,8,221,0,3,1,1,36.20605,907,3695,4602,0.0,0.0,1.0,0.0
221,0,8,222,0,4,1,1,34.24915,884,3896,4780,0.0,0.0,1.0,0.0
222,0,8,223,0,5,0,1,32.57605,812,3980,4792,0.0,0.0,1.0,0.0
223,0,8,224,0,6,0,1,32.7021,1051,3854,4905,0.0,0.0,1.0,0.0
224,0,8,225,0,0,1,2,32.2929,1504,2646,4150,0.0,0.0,1.0,0.0
225,0,8,226,0,1,1,2,31.2194,1338,2482,3820,0.0,0.0,1.0,0.0
226,0,8,227,0,2,1,1,30.80835,775,3563,4338,0.0,0.0,1.0,0.0
227,0,8,228,0,3,1,1,32.29185,721,4004,4725,0.0,0.0,1.0,0.0
228,0,8,229,0,4,1,1,33.33355,668,4026,4694,0.0,0.0,1.0,0.0
229,0,8,230,0,5,0,1,33.1129,639,3166,3805,0.0,0.0,1.0,0.0
230,0,8,231,0,6,0,2,31.66105,797,3356,4153,0.0,0.0,1.0,0.0
231,0,8,232,0,0,1,1,32.4498,1914,3277,5191,0.0,0.0,1.0,0.0
232,0,8,233,0,1,1,1,33.77625,1249,2624,3873,0.0,0.0,1.0,0.0
233,0,8,234,0,2,1,1,31.9127,833,3925,4758,0.0,0.0,1.0,0.0
234,0,8,235,0,3,1,1,30.30335,1281,4614,5895,0.0,0.0,1.0,0.0
235,0,8,236,0,4,1,1,31.5346,949,4181,5130,0.0,0.0,1.0,0.0
236,0,8,237,0,5,0,2,32.2927,435,3107,3542,0.0,0.0,1.0,0.0
237,0,8,238,0,6,0,1,32.98665,768,3893,4661,0.0,0.0,1.0,0.0
238,0,8,239,0,0,1,2,31.7778,226,889,1115,0.0,0.0,1.0,0.0
239,0,8,240,0,1,1,1,32.39795,1415,2919,4334,0.0,0.0,1.0,0.0
240,0,8,241,0,2,1,1,30.3979,729,3905,4634,0.0,0.0,1.0,0.0
241,0,8,242,0,3,1,1,29.7352,775,4429,5204,0.0,0.0,1.0,0.0
242,0,8,243,0,4,1,1,30.55605,688,4370,5058,0.0,0.0,1.0,0.0
243,0,9,244,0,5,0,1,30.74605,783,4332,5115,0.0,0.0,1.0,0.0
244,0,9,245,0,6,0,2,30.2404,875,3852,4727,0.0,0.0,1.0,0.0
245,0,9,246,0,0,1,1,31.66065,1935,2549,4484,0.0,0.0,1.0,0.0
246,0,9,247,1,1,0,1,33.27145,2521,2419,4940,0.0,0.0,1.0,0.0
247,0,9,248,0,2,1,2,31.2823,1236,2115,3351,0.0,0.0,1.0,0.0
248,0,9,249,0,3,1,3,25.76,204,2506,2710,0.0,0.0,1.0,0.0
249,0,9,250,0,4,1,3,27.21145,118,1878,1996,0.0,0.0,1.0,0.0
250,0,9,251,0,5,0,3,27.76805,153,1689,1842,0.0,0.0,1.0,0.0
251,0,9,252,0,6,0,2,28.9473,417,3127,3544,0.0,0.0,1.0,0.0
252,0,9,253,0,0,1,1,30.3981,1750,3595,5345,0.0,0.0,1.0,0.0
253,0,9,254,0,1,1,1,30.46145,1633,3413,5046,0.0,0.0,1.0,0.0
254,0,9,255,0,2,1,1,30.1065,690,4023,4713,0.0,0.0,1.0,0.0
255,0,9,256,0,3,1,1,30.1777,701,4062,4763,0.0,0.0,1.0,0.0
256,0,9,257,0,4,1,1,31.345,647,4138,4785,0.0,0.0,1.0,0.0
257,0,9,258,0,5,0,2,27.68355,428,3231,3659,0.0,0.0,1.0,0.0
258,0,9,259,0,6,0,2,23.07375,742,4018,4760,0.0,0.0,1.0,0.0
259,0,9,260,0,0,1,2,23.9256,1434,3077,4511,0.0,0.0,1.0,0.0
260,0,9,261,0,1,1,1,24.52685,1353,2921,4274,0.0,0.0,1.0,0.0
261,0,9,262,0,2,1,2,26.48375,691,3848,4539,0.0,0.0,1.0,0.0
262,0,9,263,0,3,1,2,26.61085,438,3203,3641,0.0,0.0,1.0,0.0
263,0,9,264,0,4,1,2,27.52665,539,3813,4352,0.0,0.0,1.0,0.0
264,0,9,265,0,5,0,2,27.74815,555,4240,4795,0.0,0.0,1.0,0.0
265,0,9,266,0,6,0,2,26.10625,258,2137,2395,1.0,0.0,0.0,0.0
266,0,9,267,0,0,1,2,28.2206,1776,3647,5423,1.0,0.0,0.0,0.0
267,0,9,268,0,1,1,2,28.63185,1544,3466,5010,1.0,0.0,0.0,0.0
268,0,9,269,0,2,1,2,29.4521,684,3946,4630,1.0,0.0,0.0,0.0
269,0,9,270,0,3,1,2,28.72625,477,3643,4120,1.0,0.0,0.0,0.0
270,0,9,271,0,4,1,2,28.7579,480,3427,3907,1.0,0.0,0.0,0.0
271,0,9,272,0,5,0,1,28.7256,653,4186,4839,1.0,0.0,0.0,0.0
272,0,9,273,0,6,0,1,27.24145,830,4372,5202,1.0,0.0,0.0,0.0
273,0,10,274,0,0,1,2,20.64315,480,1949,2429,1.0,0.0,0.0,0.0
274,0,10,275,0,1,1,2,17.26585,616,2302,2918,1.0,0.0,0.0,0.0
275,0,10,276,0,2,1,2,19.6023,330,3240,3570,1.0,0.0,0.0,0.0
276,0,10,277,0,3,1,1,23.6429,486,3970,4456,1.0,0.0,0.0,0.0
277,0,10,278,0,4,1,1,26.3569,559,4267,4826,1.0,0.0,0.0,0.0
278,0,10,279,0,5,0,1,24.02125,639,4126,4765,1.0,0.0,0.0,0.0
279,0,10,280,0,6,0,1,25.2202,949,4036,4985,1.0,0.0,0.0,0.0
280,0,10,281,0,0,1,1,25.6621,2235,3174,5409,1.0,0.0,0.0,0.0
281,0,10,282,0,1,1,1,26.19915,2397,3114,5511,1.0,0.0,0.0,0.0
282,0,10,283,0,2,1,1,27.14625,1514,3603,5117,1.0,0.0,0.0,0.0
283,0,10,284,0,3,1,2,27.3048,667,3896,4563,1.0,0.0,0.0,0.0
284,0,10,285,0,4,1,3,25.88585,217,2199,2416,1.0,0.0,0.0,0.0
285,0,10,286,0,5,0,2,27.5902,290,2623,2913,1.0,0.0,0.0,0.0
286,0,10,287,0,6,0,2,26.48375,529,3115,3644,1.0,0.0,0.0,0.0
287,0,10,288,0,0,1,1,24.93625,1899,3318,5217,1.0,0.0,0.0,0.0
288,0,10,289,0,1,1,1,25.1577,1748,3293,5041,1.0,0.0,0.0,0.0
289,0,10,290,0,2,1,1,25.53625,713,3857,4570,1.0,0.0,0.0,0.0
290,0,10,291,0,3,1,2,26.13605,637,4111,4748,1.0,0.0,0.0,0.0
291,0,10,292,0,4,1,3,25.6924,254,2170,2424,1.0,0.0,0.0,0.0
292,0,10,293,0,5,0,1,23.32625,471,3724,4195,1.0,0.0,0.0,0.0
293,0,10,294,0,6,0,1,21.1798,676,3628,4304,1.0,0.0,0.0,0.0
294,0,10,295,0,0,1,1,21.2746,1499,2809,4308,1.0,0.0,0.0,0.0
295,0,10,296,0,1,1,1,21.11665,1619,2762,4381,1.0,0.0,0.0,0.0
296,0,10,297,0,2,1,1,22.85335,699,3488,4187,1.0,0.0,0.0,0.0
297,0,10,298,0,3,1,1,23.16875,695,3992,4687,1.0,0.0,0.0,0.0
298,0,10,299,0,4,1,2,23.6423,404,3490,3894,1.0,0.0,0.0,0.0
299,0,10,300,0,5,0,2,22.8523,240,2419,2659,1.0,0.0,0.0,0.0
300,0,10,301,0,6,0,2,15.9406,456,3291,3747,1.0,0.0,0.0,0.0
301,0,10,302,0,0,1,3,11.39565,57,570,627,1.0,0.0,0.0,0.0
302,0,10,303,0,1,1,1,16.06645,885,2446,3331,1.0,0.0,0.0,0.0
303,0,10,304,0,2,1,1,17.80315,362,3307,3669,1.0,0.0,0.0,0.0
304,0,11,305,0,3,1,1,19.8544,410,3658,4068,1.0,0.0,0.0,0.0
305,0,11,306,0,4,1,1,19.50665,370,3816,4186,1.0,0.0,0.0,0.0
306,0,11,307,0,5,0,1,20.29605,318,3656,3974,1.0,0.0,0.0,0.0
307,0,11,308,0,6,0,2,20.1696,470,3576,4046,1.0,0.0,0.0,0.0
308,0,11,309,0,0,1,1,16.1927,1156,2770,3926,1.0,0.0,0.0,0.0
309,0,11,310,0,1,1,1,18.1179,952,2697,3649,1.0,0.0,0.0,0.0
310,0,11,311,0,2,1,1,20.04355,373,3662,4035,1.0,0.0,0.0,0.0
311,0,11,312,0,3,1,1,20.6123,376,3829,4205,1.0,0.0,0.0,0.0
312,0,11,313,0,4,1,1,20.45395,305,3804,4109,1.0,0.0,0.0,0.0
313,0,11,314,1,5,0,2,18.68605,190,2743,2933,1.0,0.0,0.0,0.0
314,0,11,315,0,6,0,1,15.34085,440,2928,3368,1.0,0.0,0.0,0.0
315,0,11,316,0,0,1,1,17.8971,1275,2792,4067,1.0,0.0,0.0,0.0
316,0,11,317,0,1,1,1,21.5275,1004,2713,3717,1.0,0.0,0.0,0.0
317,0,11,318,0,2,1,1,26.2306,595,3891,4486,1.0,0.0,0.0,0.0
318,0,11,319,0,3,1,2,25.37895,449,3746,4195,1.0,0.0,0.0,0.0
319,0,11,320,0,4,1,3,22.5994,145,1672,1817,1.0,0.0,0.0,0.0
320,0,11,321,0,5,0,2,16.16105,139,2914,3053,1.0,0.0,0.0,0.0
321,0,11,322,0,6,0,1,13.63605,245,3147,3392,1.0,0.0,0.0,0.0
322,0,11,323,0,0,1,1,16.22415,943,2720,3663,1.0,0.0,0.0,0.0
323,0,11,324,0,1,1,2,22.8529,787,2733,3520,1.0,0.0,0.0,0.0
324,0,11,325,0,2,1,3,22.2531,220,2545,2765,1.0,0.0,0.0,0.0
325,0,11,326,0,3,1,3,21.0848,69,1538,1607,1.0,0.0,0.0,0.0
326,0,11,327,1,4,0,2,21.52685,112,2454,2566,1.0,0.0,0.0,0.0
327,0,11,328,1,5,0,1,18.62355,560,935,1495,1.0,0.0,0.0,0.0
328,0,11,329,0,6,0,1,19.03355,1095,1697,2792,1.0,0.0,0.0,0.0
329,0,11,330,0,0,1,1,19.25435,1249,1819,3068,1.0,0.0,0.0,0.0
330,0,11,331,0,1,1,1,22.79,810,2261,3071,1.0,0.0,0.0,0.0
331,0,11,332,0,2,1,1,24.5061,253,3614,3867,1.0,0.0,0.0,0.0
332,0,11,333,0,3,1,2,22.56875,96,2818,2914,1.0,0.0,0.0,0.0
333,0,11,334,0,4,1,1,15.56105,188,3425,3613,1.0,0.0,0.0,0.0
334,0,12,335,0,5,0,1,15.2777,182,3545,3727,1.0,0.0,0.0,0.0
335,0,12,336,0,6,0,1,16.57165,268,3672,3940,1.0,0.0,0.0,0.0
336,0,12,337,0,0,1,1,15.5302,706,2908,3614,1.0,0.0,0.0,0.0
337,0,12,338,0,1,1,1,17.455,634,2851,3485,1.0,0.0,0.0,0.0
338,0,12,339,0,2,1,2,19.69625,233,3578,3811,1.0,0.0,0.0,0.0
339,0,12,340,0,3,1,3,22.82,126,2468,2594,1.0,0.0,0.0,0.0
340,0,12,341,0,4,1,3,20.0123,50,655,705,1.0,0.0,0.0,0.0
341,0,12,342,0,5,0,1,12.8469,150,3172,3322,1.0,0.0,0.0,0.0
342,0,12,343,0,6,0,1,15.8771,261,3359,3620,1.0,0.0,0.0,0.0
343,0,12,344,0,0,1,1,13.3206,502,2688,3190,1.0,0.0,0.0,0.0
344,0,12,345,0,1,1,1,12.6577,377,2366,2743,1.0,0.0,0.0,0.0
345,0,12,346,0,2,1,1,13.5098,143,3167,3310,1.0,0.0,0.0,0.0
346,0,12,347,0,3,1,1,15.0569,155,3368,3523,1.0,0.0,0.0,0.0
347,0,12,348,0,4,1,2,16.9181,178,3562,3740,1.0,0.0,0.0,0.0
348,0,12,349,0,5,0,2,20.61185,181,3528,3709,1.0,0.0,0.0,0.0
349,0,12,350,0,6,0,2,17.99125,178,3399,3577,1.0,0.0,0.0,0.0
350,0,12,351,0,0,1,2,12.46855,275,2464,2739,1.0,0.0,0.0,0.0
351,0,12,352,0,1,1,1,12.27895,220,2211,2431,1.0,0.0,0.0,0.0
352,0,12,353,0,2,1,1,14.04665,260,3143,3403,1.0,0.0,0.0,0.0
353,0,12,354,0,3,1,2,19.8227,216,3534,3750,1.0,0.0,0.0,0.0
354,0,12,355,0,4,1,2,21.40085,107,2553,2660,0.0,0.0,0.0,1.0
355,0,12,356,0,5,0,2,21.30605,227,2841,3068,0.0,0.0,0.0,1.0
356,0,12,357,0,6,0,1,18.87565,163,2046,2209,0.0,0.0,0.0,1.0
357,0,12,358,1,0,0,1,14.9621,155,856,1011,0.0,0.0,0.0,1.0
358,0,12,359,1,1,0,1,13.99805,303,451,754,0.0,0.0,0.0,1.0
359,0,12,360,0,2,1,1,15.77675,430,887,1317,0.0,0.0,0.0,1.0
360,0,12,361,0,3,1,2,16.38165,103,1059,1162,0.0,0.0,0.0,1.0
361,0,12,362,0,4,1,1,13.9987,255,2047,2302,0.0,0.0,0.0,1.0
362,0,12,363,0,5,0,1,13.1946,254,2169,2423,0.0,0.0,0.0,1.0
363,0,12,364,0,6,0,1,15.9406,491,2508,2999,0.0,0.0,0.0,1.0
364,0,12,365,1,0,0,1,20.70605,665,1820,2485,0.0,0.0,0.0,1.0
365,1,1,1,1,1,0,1,18.78105,686,1608,2294,0.0,0.0,0.0,1.0
366,1,1,2,0,2,1,1,12.6152,244,1707,1951,0.0,0.0,0.0,1.0
367,1,1,3,0,3,1,1,6.31375,89,2147,2236,0.0,0.0,0.0,1.0
368,1,1,4,0,4,1,2,5.96685,95,2273,2368,0.0,0.0,0.0,1.0
369,1,1,5,0,5,0,1,13.9206,140,3132,3272,0.0,0.0,0.0,1.0
370,1,1,6,0,6,0,1,17.01335,307,3791,4098,0.0,0.0,0.0,1.0
371,1,1,7,0,0,1,1,19.53895,1070,3451,4521,0.0,0.0,0.0,1.0
372,1,1,8,0,1,1,1,17.0129,599,2826,3425,0.0,0.0,0.0,1.0
373,1,1,9,0,2,1,2,12.37395,106,2270,2376,0.0,0.0,0.0,1.0
374,1,1,10,0,3,1,1,15.9413,173,3425,3598,0.0,0.0,0.0,1.0
375,1,1,11,0,4,1,2,14.14105,92,2085,2177,0.0,0.0,0.0,1.0
376,1,1,12,0,5,0,2,19.0969,269,3828,4097,0.0,0.0,0.0,1.0
377,1,1,13,0,6,0,1,12.4681,174,3040,3214,0.0,0.0,0.0,1.0
378,1,1,14,0,0,1,1,9.15435,333,2160,2493,0.0,0.0,0.0,1.0
379,1,1,15,0,1,1,1,8.08125,284,2027,2311,0.0,0.0,0.0,1.0
380,1,1,16,1,2,0,1,9.53315,217,2081,2298,0.0,0.0,0.0,1.0
381,1,1,17,0,3,1,2,18.2139,127,2808,2935,0.0,0.0,0.0,1.0
382,1,1,18,0,4,1,1,13.7627,109,3267,3376,0.0,0.0,0.0,1.0
383,1,1,19,0,5,0,1,9.5019,130,3162,3292,0.0,0.0,0.0,1.0
384,1,1,20,0,6,0,2,11.0479,115,3048,3163,0.0,0.0,0.0,1.0
385,1,1,21,0,0,1,2,8.74375,67,1234,1301,0.0,0.0,0.0,1.0
386,1,1,22,0,1,1,2,8.1125,196,1781,1977,0.0,0.0,0.0,1.0
387,1,1,23,0,2,1,2,12.1529,145,2287,2432,0.0,0.0,0.0,1.0
388,1,1,24,0,3,1,1,17.4554,439,3900,4339,0.0,0.0,0.0,1.0
389,1,1,25,0,4,1,1,14.74105,467,3803,4270,0.0,0.0,0.0,1.0
390,1,1,26,0,5,0,2,17.8025,244,3831,4075,0.0,0.0,0.0,1.0
391,1,1,27,0,6,0,2,20.76915,269,3187,3456,0.0,0.0,0.0,1.0
392,1,1,28,0,0,1,1,16.31895,775,3248,4023,0.0,0.0,0.0,1.0
393,1,1,29,0,1,1,1,13.63605,558,2685,3243,0.0,0.0,0.0,1.0
394,1,1,30,0,2,1,1,13.13125,126,3498,3624,0.0,0.0,0.0,1.0
395,1,1,31,0,3,1,1,19.06585,324,4185,4509,0.0,0.0,0.0,1.0
396,1,2,32,0,4,1,1,23.3269,304,4275,4579,0.0,0.0,0.0,1.0
397,1,2,33,0,5,0,2,19.94855,190,3571,3761,0.0,0.0,0.0,1.0
398,1,2,34,0,6,0,1,15.4673,310,3841,4151,0.0,0.0,0.0,1.0
399,1,2,35,0,0,1,2,13.63625,384,2448,2832,0.0,0.0,0.0,1.0
400,1,2,36,0,1,1,2,13.22605,318,2629,2947,0.0,0.0,0.0,1.0
401,1,2,37,0,2,1,1,14.8213,206,3578,3784,0.0,0.0,0.0,1.0
402,1,2,38,0,3,1,1,18.0552,199,4176,4375,0.0,0.0,0.0,1.0
403,1,2,39,0,4,1,2,13.32105,109,2693,2802,0.0,0.0,0.0,1.0
404,1,2,40,0,5,0,1,13.0994,163,3667,3830,0.0,0.0,0.0,1.0
405,1,2,41,0,6,0,2,14.6779,227,3604,3831,0.0,0.0,0.0,1.0
406,1,2,42,0,0,1,3,10.54335,192,1977,2169,0.0,0.0,0.0,1.0
407,1,2,43,0,1,1,1,5.0829,73,1456,1529,0.0,0.0,0.0,1.0
408,1,2,44,1,2,0,1,11.39565,94,3328,3422,0.0,0.0,0.0,1.0
409,1,2,45,0,3,1,2,16.6973,135,3787,3922,0.0,0.0,0.0,1.0
410,1,2,46,0,4,1,1,17.58145,141,4028,4169,0.0,0.0,0.0,1.0
411,1,2,47,0,5,0,2,16.5081,74,2931,3005,0.0,0.0,0.0,1.0
412,1,2,48,0,6,0,1,17.58145,349,3805,4154,0.0,0.0,0.0,1.0
413,1,2,49,0,0,1,1,17.77125,1435,2883,4318,0.0,0.0,0.0,1.0
414,1,2,50,0,1,1,2,13.2894,618,2071,2689,0.0,0.0,0.0,1.0
415,1,2,51,1,2,0,1,13.66955,502,2627,3129,0.0,0.0,0.0,1.0
416,1,2,52,0,3,1,1,14.75565,163,3614,3777,0.0,0.0,0.0,1.0
417,1,2,53,0,4,1,1,19.63335,394,4379,4773,0.0,0.0,0.0,1.0
418,1,2,54,0,5,0,1,22.2223,516,4546,5062,0.0,0.0,0.0,1.0
419,1,2,55,0,6,0,2,20.54855,246,3241,3487,0.0,0.0,0.0,1.0
420,1,2,56,0,0,1,1,12.78375,317,2415,2732,0.0,0.0,0.0,1.0
421,1,2,57,0,1,1,1,13.4154,515,2874,3389,0.0,0.0,0.0,1.0
422,1,2,58,0,2,1,1,17.8977,253,4069,4322,0.0,0.0,0.0,1.0
423,1,2,59,0,3,1,1,17.67625,229,4134,4363,0.0,0.0,0.0,1.0
424,1,3,60,0,4,1,1,23.76855,325,4665,4990,0.0,0.0,0.0,1.0
425,1,3,61,0,5,0,2,17.9921,246,2948,3194,0.0,0.0,0.0,1.0
426,1,3,62,0,6,0,2,20.6746,956,3110,4066,0.0,0.0,0.0,1.0
427,1,3,63,0,0,1,1,15.15105,710,2713,3423,0.0,0.0,0.0,1.0
428,1,3,64,0,1,1,1,12.05855,203,3130,3333,0.0,0.0,0.0,1.0
429,1,3,65,0,2,1,1,12.7521,221,3735,3956,0.0,0.0,0.0,1.0
430,1,3,66,0,3,1,1,19.255,432,4484,4916,0.0,0.0,0.0,1.0
431,1,3,67,0,4,1,1,26.2302,486,4896,5382,0.0,0.0,0.0,1.0
432,1,3,68,0,5,0,2,19.85415,447,4122,4569,0.0,0.0,0.0,1.0
433,1,3,69,0,6,0,1,13.88835,968,3150,4118,0.0,0.0,0.0,1.0
434,1,3,70,0,0,1,1,17.9835,1658,3253,4911,0.0,0.0,0.0,1.0
435,1,3,71,0,1,1,1,22.9796,838,4460,5298,0.0,0.0,0.0,1.0
436,1,3,72,0,2,1,1,27.14645,762,5085,5847,0.0,0.0,0.0,1.0
437,1,3,73,0,3,1,1,27.43085,997,5315,6312,0.0,0.0,0.0,1.0
438,1,3,74,0,4,1,1,26.64125,1005,5187,6192,0.0,0.0,0.0,1.0
439,1,3,75,0,5,0,2,21.81145,548,3830,4378,0.0,0.0,0.0,1.0
440,1,3,76,0,6,0,2,25.2523,3155,4681,7836,0.0,0.0,0.0,1.0
441,1,3,77,0,0,1,2,23.2,2207,3685,5892,0.0,0.0,0.0,1.0
442,1,3,78,0,1,1,1,26.64105,982,5171,6153,0.0,0.0,0.0,1.0
443,1,3,79,0,2,1,1,26.92665,1051,5042,6093,0.0,0.0,0.0,1.0
444,1,3,80,0,3,1,2,25.6629,1122,5108,6230,0.0,1.0,0.0,0.0
445,1,3,81,0,4,1,1,26.57835,1334,5537,6871,0.0,1.0,0.0,0.0
446,1,3,82,0,5,0,2,28.50335,2469,5893,8362,0.0,1.0,0.0,0.0
447,1,3,83,0,6,0,2,24.33665,1033,2339,3372,0.0,1.0,0.0,0.0
448,1,3,84,0,0,1,2,21.8744,1532,3464,4996,0.0,1.0,0.0,0.0
449,1,3,85,0,1,1,1,21.9375,795,4763,5558,0.0,1.0,0.0,0.0
450,1,3,86,0,2,1,1,15.7827,531,4571,5102,0.0,1.0,0.0,0.0
451,1,3,87,0,3,1,1,23.5475,674,5024,5698,0.0,1.0,0.0,0.0
452,1,3,88,0,4,1,1,24.1152,834,5299,6133,0.0,1.0,0.0,0.0
453,1,3,89,0,5,0,2,18.78105,796,4663,5459,0.0,1.0,0.0,0.0
454,1,3,90,1,6,0,2,21.0854,2301,3934,6235,0.0,1.0,0.0,0.0
455,1,4,91,0,0,1,2,20.86435,2347,3694,6041,0.0,1.0,0.0,0.0
456,1,4,92,0,1,1,1,21.37565,1208,4728,5936,0.0,1.0,0.0,0.0
457,1,4,93,0,2,1,1,23.07415,1348,5424,6772,0.0,1.0,0.0,0.0
458,1,4,94,0,3,1,1,26.6725,1058,5378,6436,0.0,1.0,0.0,0.0
459,1,4,95,0,4,1,1,21.55815,1192,5265,6457,0.0,1.0,0.0,0.0
460,1,4,96,0,5,0,1,19.53835,1807,4653,6460,0.0,1.0,0.0,0.0
461,1,4,97,0,6,0,1,21.30645,3252,3605,6857,0.0,1.0,0.0,0.0
462,1,4,98,0,0,1,1,24.62125,2230,2939,5169,0.0,1.0,0.0,0.0
463,1,4,99,0,1,1,1,23.8319,905,4680,5585,0.0,1.0,0.0,0.0
464,1,4,100,0,2,1,1,21.81165,819,5099,5918,0.0,1.0,0.0,0.0
465,1,4,101,0,3,1,1,16.8637,482,4380,4862,0.0,1.0,0.0,0.0
466,1,4,102,0,4,1,1,19.3802,663,4746,5409,0.0,1.0,0.0,0.0
467,1,4,103,0,5,0,1,21.5904,1252,5146,6398,0.0,1.0,0.0,0.0
468,1,4,104,0,6,0,1,24.3998,2795,4665,7460,0.0,1.0,0.0,0.0
469,1,4,105,0,0,1,1,28.69375,2846,4286,7132,0.0,1.0,0.0,0.0
470,1,4,106,0,1,1,1,30.74625,1198,5172,6370,0.0,1.0,0.0,0.0
471,1,4,107,0,2,1,1,29.92435,989,5702,6691,0.0,1.0,0.0,0.0
472,1,4,108,0,3,1,2,22.8519,347,4020,4367,0.0,1.0,0.0,0.0
473,1,4,109,0,4,1,1,24.6523,846,5719,6565,0.0,1.0,0.0,0.0
474,1,4,110,0,5,0,1,25.78875,1340,5950,7290,0.0,1.0,0.0,0.0
475,1,4,111,0,6,0,1,27.14605,2541,4083,6624,0.0,1.0,0.0,0.0
476,1,4,112,0,0,1,3,19.4752,120,907,1027,0.0,1.0,0.0,0.0
477,1,4,113,0,1,1,2,15.05625,195,3019,3214,0.0,1.0,0.0,0.0
478,1,4,114,0,2,1,1,20.26415,518,5115,5633,0.0,1.0,0.0,0.0
479,1,4,115,0,3,1,1,23.51585,655,5541,6196,0.0,1.0,0.0,0.0
480,1,4,116,0,4,1,2,24.17915,475,4551,5026,0.0,1.0,0.0,0.0
481,1,4,117,0,5,0,1,22.63185,1014,5219,6233,0.0,1.0,0.0,0.0
482,1,4,118,0,6,0,2,18.8752,1120,3100,4220,0.0,1.0,0.0,0.0
483,1,4,119,0,0,1,1,22.50605,2229,4075,6304,0.0,1.0,0.0,0.0
484,1,4,120,0,1,1,2,22.8848,665,4907,5572,0.0,1.0,0.0,0.0
485,1,5,121,0,2,1,2,28.85105,653,5087,5740,0.0,1.0,0.0,0.0
486,1,5,122,0,3,1,1,26.8948,667,5502,6169,0.0,1.0,0.0,0.0
487,1,5,123,0,4,1,2,26.8621,764,5657,6421,0.0,1.0,0.0,0.0
488,1,5,124,0,5,0,1,29.54585,1069,5227,6296,0.0,1.0,0.0,0.0
489,1,5,125,0,6,0,2,29.2304,2496,4387,6883,0.0,1.0,0.0,0.0
490,1,5,126,0,0,1,2,27.33685,2135,4224,6359,0.0,1.0,0.0,0.0
491,1,5,127,0,1,1,2,26.3571,1008,5265,6273,0.0,1.0,0.0,0.0
492,1,5,128,0,2,1,2,27.87355,738,4990,5728,0.0,1.0,0.0,0.0
493,1,5,129,0,3,1,2,27.65125,620,4097,4717,0.0,1.0,0.0,0.0
494,1,5,130,0,4,1,1,24.58915,1026,5546,6572,0.0,1.0,0.0,0.0
495,1,5,131,0,5,0,1,26.04165,1319,5711,7030,0.0,1.0,0.0,0.0
496,1,5,132,0,6,0,1,27.24085,2622,4807,7429,0.0,1.0,0.0,0.0
497,1,5,133,0,0,1,1,29.2619,2172,3946,6118,0.0,1.0,0.0,0.0
498,1,5,134,0,1,1,2,27.495,342,2501,2843,0.0,1.0,0.0,0.0
499,1,5,135,0,2,1,2,28.8202,625,4490,5115,0.0,1.0,0.0,0.0
500,1,5,136,0,3,1,1,29.79875,991,6433,7424,0.0,1.0,0.0,0.0
501,1,5,137,0,4,1,1,28.63065,1242,6142,7384,0.0,1.0,0.0,0.0
502,1,5,138,0,5,0,1,27.55605,1521,6118,7639,0.0,1.0,0.0,0.0
503,1,5,139,0,6,0,1,28.3454,3410,4884,8294,0.0,1.0,0.0,0.0
504,1,5,140,0,0,1,1,29.19835,2704,4425,7129,0.0,1.0,0.0,0.0
505,1,5,141,0,1,1,2,28.28335,630,3729,4359,0.0,1.0,0.0,0.0
506,1,5,142,0,2,1,2,29.04125,819,5254,6073,0.0,1.0,0.0,0.0
507,1,5,143,0,3,1,2,29.2306,766,4494,5260,0.0,1.0,0.0,0.0
508,1,5,144,0,4,1,1,30.335,1059,5711,6770,0.0,1.0,0.0,0.0
509,1,5,145,0,5,0,1,31.37645,1417,5317,6734,0.0,1.0,0.0,0.0
510,1,5,146,0,6,0,1,32.1348,2855,3681,6536,0.0,1.0,0.0,0.0
511,1,5,147,0,0,1,1,32.07125,3283,3308,6591,0.0,1.0,0.0,0.0
512,1,5,148,0,1,1,1,33.965,2557,3486,6043,0.0,1.0,0.0,0.0
513,1,5,149,1,2,0,1,33.6496,880,4863,5743,0.0,1.0,0.0,0.0
514,1,5,150,0,3,1,2,30.55645,745,6110,6855,0.0,1.0,0.0,0.0
515,1,5,151,0,4,1,1,31.56645,1100,6238,7338,0.0,1.0,0.0,0.0
516,1,6,152,0,5,0,2,30.3981,533,3594,4127,0.0,1.0,0.0,0.0
517,1,6,153,0,6,0,1,28.3144,2795,5325,8120,0.0,1.0,0.0,0.0
518,1,6,154,0,0,1,1,28.75665,2494,5147,7641,0.0,1.0,0.0,0.0
519,1,6,155,0,1,1,1,28.91415,1071,5927,6998,0.0,1.0,0.0,0.0
520,1,6,156,0,2,1,2,26.2946,968,6033,7001,0.0,1.0,0.0,0.0
521,1,6,157,0,3,1,1,27.1146,1027,6028,7055,0.0,1.0,0.0,0.0
522,1,6,158,0,4,1,1,28.4721,1038,6456,7494,0.0,1.0,0.0,0.0
523,1,6,159,0,5,0,1,29.8931,1488,6248,7736,0.0,1.0,0.0,0.0
524,1,6,160,0,6,0,1,32.41835,2708,4790,7498,0.0,1.0,0.0,0.0
525,1,6,161,0,0,1,1,33.17585,2224,4374,6598,0.0,1.0,0.0,0.0
526,1,6,162,0,1,1,2,32.98605,1017,5647,6664,0.0,1.0,0.0,0.0
527,1,6,163,0,2,1,2,29.89375,477,4495,4972,0.0,1.0,0.0,0.0
528,1,6,164,0,3,1,1,30.55585,1173,6248,7421,0.0,1.0,0.0,0.0
529,1,6,165,0,4,1,1,31.21915,1180,6183,7363,0.0,1.0,0.0,0.0
530,1,6,166,0,5,0,1,29.9877,1563,6102,7665,0.0,1.0,0.0,0.0
531,1,6,167,0,6,0,1,29.7354,2963,4739,7702,0.0,1.0,0.0,0.0
532,1,6,168,0,0,1,1,28.59875,2634,4344,6978,0.0,1.0,0.0,0.0
533,1,6,169,0,1,1,2,27.2421,653,4446,5099,0.0,1.0,0.0,0.0
534,1,6,170,0,2,1,1,32.7346,968,5857,6825,0.0,1.0,0.0,0.0
535,1,6,171,0,3,1,1,36.04875,872,5339,6211,0.0,1.0,0.0,0.0
536,1,6,172,0,4,1,1,37.6271,778,5127,5905,0.0,0.0,1.0,0.0
537,1,6,173,0,5,0,1,36.20605,964,4859,5823,0.0,0.0,1.0,0.0
538,1,6,174,0,6,0,1,32.6396,2657,4801,7458,0.0,0.0,1.0,0.0
539,1,6,175,0,0,1,1,33.7127,2551,4340,6891,0.0,0.0,1.0,0.0
540,1,6,176,0,1,1,1,32.7021,1139,5640,6779,0.0,0.0,1.0,0.0
541,1,6,177,0,2,1,1,29.7352,1077,6365,7442,0.0,0.0,1.0,0.0
542,1,6,178,0,3,1,1,32.0396,1077,6258,7335,0.0,0.0,1.0,0.0
543,1,6,179,0,4,1,1,33.7756,921,5958,6879,0.0,0.0,1.0,0.0
544,1,6,180,0,5,0,1,39.33065,829,4634,5463,0.0,0.0,1.0,0.0
545,1,6,181,0,6,0,1,34.3754,1455,4232,5687,0.0,0.0,1.0,0.0
546,1,7,182,0,0,1,1,37.53145,1421,4110,5531,0.0,0.0,1.0,0.0
547,1,7,183,0,1,1,1,35.1019,904,5323,6227,0.0,0.0,1.0,0.0
548,1,7,184,0,2,1,1,35.1325,1052,5608,6660,0.0,0.0,1.0,0.0
549,1,7,185,1,3,0,1,36.61685,2562,4841,7403,0.0,0.0,1.0,0.0
550,1,7,186,1,4,0,1,38.06835,1405,4836,6241,0.0,0.0,1.0,0.0
551,1,7,187,0,5,0,1,37.62665,1366,4841,6207,0.0,0.0,1.0,0.0
552,1,7,188,0,6,0,1,40.24565,1448,3392,4840,0.0,0.0,1.0,0.0
553,1,7,189,0,0,1,1,39.5198,1203,3469,4672,0.0,0.0,1.0,0.0
554,1,7,190,0,1,1,2,32.7027,998,5571,6569,0.0,0.0,1.0,0.0
555,1,7,191,0,2,1,2,33.2398,954,5336,6290,0.0,0.0,1.0,0.0
556,1,7,192,0,3,1,1,32.51355,975,6289,7264,0.0,0.0,1.0,0.0
557,1,7,193,0,4,1,1,32.73415,1032,6414,7446,0.0,0.0,1.0,0.0
558,1,7,194,0,5,0,2,33.39665,1511,5988,7499,0.0,0.0,1.0,0.0
559,1,7,195,0,6,0,2,33.3021,2355,4614,6969,0.0,0.0,1.0,0.0
560,1,7,196,0,0,1,1,35.2598,1920,4111,6031,0.0,0.0,1.0,0.0
561,1,7,197,0,1,1,1,36.20625,1088,5742,6830,0.0,0.0,1.0,0.0
562,1,7,198,0,2,1,1,37.78415,921,5865,6786,0.0,0.0,1.0,0.0
563,1,7,199,0,3,1,1,37.27915,799,4914,5713,0.0,0.0,1.0,0.0
564,1,7,200,0,4,1,1,35.7321,888,5703,6591,0.0,0.0,1.0,0.0
565,1,7,201,0,5,0,2,30.65125,747,5123,5870,0.0,0.0,1.0,0.0
566,1,7,202,0,6,0,3,27.4956,1264,3195,4459,0.0,0.0,1.0,0.0
567,1,7,203,0,0,1,2,31.15625,2544,4866,7410,0.0,0.0,1.0,0.0
568,1,7,204,0,1,1,1,34.50085,1135,5831,6966,0.0,0.0,1.0,0.0
569,1,7,205,0,2,1,1,35.3225,1140,6452,7592,0.0,0.0,1.0,0.0
570,1,7,206,0,3,1,1,32.7027,1383,6790,8173,0.0,0.0,1.0,0.0
571,1,7,207,0,4,1,1,36.96315,1036,5825,6861,0.0,0.0,1.0,0.0
572,1,7,208,0,5,0,1,36.71085,1259,5645,6904,0.0,0.0,1.0,0.0
573,1,7,209,1,6,0,1,34.8802,2234,4451,6685,0.0,0.0,1.0,0.0
574,1,7,210,0,0,1,1,33.39665,2153,4444,6597,0.0,0.0,1.0,0.0
575,1,7,211,0,1,1,1,34.24935,1040,6065,7105,0.0,0.0,1.0,0.0
576,1,7,212,0,2,1,1,33.1448,968,6248,7216,0.0,0.0,1.0,0.0
577,1,8,213,0,3,1,1,33.3654,1074,6506,7580,0.0,0.0,1.0,0.0
578,1,8,214,0,4,1,1,35.3544,983,6278,7261,0.0,0.0,1.0,0.0
579,1,8,215,0,5,0,2,36.14335,1328,5847,7175,0.0,0.0,1.0,0.0
580,1,8,216,0,6,0,1,37.56335,2345,4479,6824,0.0,0.0,1.0,0.0
581,1,8,217,0,0,1,1,36.55395,1707,3757,5464,0.0,0.0,1.0,0.0
582,1,8,218,0,1,1,2,35.5123,1233,5780,7013,0.0,0.0,1.0,0.0
583,1,8,219,0,2,1,2,34.88105,1278,5995,7273,0.0,0.0,1.0,0.0
584,1,8,220,0,3,1,2,35.38585,1263,6271,7534,0.0,0.0,1.0,0.0
585,1,8,221,0,4,1,1,34.9754,1196,6090,7286,0.0,0.0,1.0,0.0
586,1,8,222,0,5,0,2,33.3971,1065,4721,5786,0.0,0.0,1.0,0.0
587,1,8,223,0,6,0,2,31.91335,2247,4052,6299,0.0,0.0,1.0,0.0
588,1,8,224,0,0,1,1,32.22895,2182,4362,6544,0.0,0.0,1.0,0.0
589,1,8,225,0,1,1,1,33.1127,1207,5676,6883,0.0,0.0,1.0,0.0
590,1,8,226,0,2,1,1,33.83895,1128,5656,6784,0.0,0.0,1.0,0.0
591,1,8,227,0,3,1,1,32.70185,1198,6149,7347,0.0,0.0,1.0,0.0
592,1,8,228,0,4,1,1,32.7344,1338,6267,7605,0.0,0.0,1.0,0.0
593,1,8,229,0,5,0,1,12.12,1483,5665,7148,0.0,0.0,1.0,0.0
594,1,8,230,0,6,0,1,30.90355,2827,5038,7865,0.0,0.0,1.0,0.0
595,1,8,231,0,0,1,2,30.1777,1208,3341,4549,0.0,0.0,1.0,0.0
596,1,8,232,0,1,1,2,29.79835,1026,5504,6530,0.0,0.0,1.0,0.0
597,1,8,233,0,2,1,1,30.05125,1081,5925,7006,0.0,0.0,1.0,0.0
598,1,8,234,0,3,1,1,31.0927,1094,6281,7375,0.0,0.0,1.0,0.0
599,1,8,235,0,4,1,1,31.8504,1363,6402,7765,0.0,0.0,1.0,0.0
600,1,8,236,0,5,0,2,32.355,1325,6257,7582,0.0,0.0,1.0,0.0
601,1,8,237,0,6,0,2,30.9348,1829,4224,6053,0.0,0.0,1.0,0.0
602,1,8,238,0,0,1,2,29.7998,1483,3772,5255,0.0,0.0,1.0,0.0
603,1,8,239,0,1,1,1,32.7344,989,5928,6917,0.0,0.0,1.0,0.0
604,1,8,240,0,2,1,1,33.3025,935,6105,7040,0.0,0.0,1.0,0.0
605,1,8,241,0,3,1,1,31.78665,1177,6520,7697,0.0,0.0,1.0,0.0
606,1,8,242,0,4,1,1,32.63895,1172,6541,7713,0.0,0.0,1.0,0.0
607,1,8,243,0,5,0,1,34.47,1433,5917,7350,0.0,0.0,1.0,0.0
608,1,9,244,0,6,0,2,35.1327,2352,3788,6140,0.0,0.0,1.0,0.0
609,1,9,245,0,0,1,2,32.45,2613,3197,5810,0.0,0.0,1.0,0.0
610,1,9,246,0,1,1,1,33.08145,1965,4069,6034,0.0,0.0,1.0,0.0
611,1,9,247,1,2,0,1,34.3444,867,5997,6864,0.0,0.0,1.0,0.0
612,1,9,248,0,3,1,1,35.44915,832,6280,7112,0.0,0.0,1.0,0.0
613,1,9,249,0,4,1,2,32.76645,611,5592,6203,0.0,0.0,1.0,0.0
614,1,9,250,0,5,0,1,32.8602,1045,6459,7504,0.0,0.0,1.0,0.0
615,1,9,251,0,6,0,2,30.55605,1557,4419,5976,0.0,0.0,1.0,0.0
616,1,9,252,0,0,1,1,28.94625,2570,5657,8227,0.0,0.0,1.0,0.0
617,1,9,253,0,1,1,1,28.2827,1118,6407,7525,0.0,0.0,1.0,0.0
618,1,9,254,0,2,1,1,27.7146,1070,6697,7767,0.0,0.0,1.0,0.0
619,1,9,255,0,3,1,1,28.50375,1050,6820,7870,0.0,0.0,1.0,0.0
620,1,9,256,0,4,1,1,28.9779,1054,6750,7804,0.0,0.0,1.0,0.0
621,1,9,257,0,5,0,1,29.70415,1379,6630,8009,0.0,0.0,1.0,0.0
622,1,9,258,0,6,0,1,29.29335,3160,5554,8714,0.0,0.0,1.0,0.0
623,1,9,259,0,0,1,1,28.15625,2166,5167,7333,0.0,0.0,1.0,0.0
624,1,9,260,0,1,1,2,27.6525,1022,5847,6869,0.0,0.0,1.0,0.0
625,1,9,261,0,2,1,2,28.25335,371,3702,4073,0.0,0.0,1.0,0.0
626,1,9,262,0,3,1,1,27.0202,788,6803,7591,0.0,0.0,1.0,0.0
627,1,9,263,0,4,1,1,26.6096,939,6781,7720,0.0,0.0,1.0,0.0
628,1,9,264,0,5,0,1,28.59855,1250,6917,8167,0.0,0.0,1.0,0.0
629,1,9,265,0,6,0,1,30.5244,2512,5883,8395,0.0,0.0,1.0,0.0
630,1,9,266,0,0,1,1,25.94665,2454,5453,7907,1.0,0.0,0.0,0.0
631,1,9,267,0,1,1,1,25.12565,1001,6435,7436,1.0,0.0,0.0,0.0
632,1,9,268,0,2,1,1,27.20895,845,6693,7538,1.0,0.0,0.0,0.0
633,1,9,269,0,3,1,1,29.83065,787,6946,7733,1.0,0.0,0.0,0.0
634,1,9,270,0,4,1,2,30.39875,751,6642,7393,1.0,0.0,0.0,0.0
635,1,9,271,0,5,0,2,29.29315,1045,6370,7415,1.0,0.0,0.0,0.0
636,1,9,272,0,6,0,1,26.5148,2589,5966,8555,1.0,0.0,0.0,0.0
637,1,9,273,0,0,1,1,25.88315,2015,4874,6889,1.0,0.0,0.0,0.0
638,1,10,274,0,1,1,2,25.6,763,6015,6778,1.0,0.0,0.0,0.0
639,1,10,275,0,2,1,3,27.11665,315,4324,4639,1.0,0.0,0.0,0.0
640,1,10,276,0,3,1,2,29.95665,728,6844,7572,1.0,0.0,0.0,0.0
641,1,10,277,0,4,1,2,30.39875,891,6437,7328,1.0,0.0,0.0,0.0
642,1,10,278,0,5,0,1,29.00935,1516,6640,8156,1.0,0.0,0.0,0.0
643,1,10,279,0,6,0,1,26.92605,3031,4934,7965,1.0,0.0,0.0,0.0
644,1,10,280,0,0,1,2,20.99065,781,2729,3510,1.0,0.0,0.0,0.0
645,1,10,281,0,1,1,2,19.3804,874,4604,5478,1.0,0.0,0.0,0.0
646,1,10,282,0,2,1,2,21.9056,601,5791,6392,1.0,0.0,0.0,0.0
647,1,10,283,0,3,1,1,25.1571,780,6911,7691,1.0,0.0,0.0,0.0
648,1,10,284,0,4,1,1,21.55835,834,6736,7570,1.0,0.0,0.0,0.0
649,1,10,285,0,5,0,1,21.65355,1060,6222,7282,1.0,0.0,0.0,0.0
650,1,10,286,0,6,0,1,19.5698,2252,4857,7109,1.0,0.0,0.0,0.0
651,1,10,287,0,0,1,1,25.4102,2080,4559,6639,1.0,0.0,0.0,0.0
652,1,10,288,0,1,1,2,26.9575,760,5115,5875,1.0,0.0,0.0,0.0
653,1,10,289,0,2,1,1,23.0423,922,6612,7534,1.0,0.0,0.0,0.0
654,1,10,290,0,3,1,1,22.5054,979,6482,7461,1.0,0.0,0.0,0.0
655,1,10,291,0,4,1,2,25.63125,1008,6501,7509,1.0,0.0,0.0,0.0
656,1,10,292,0,5,0,2,26.8948,753,4671,5424,1.0,0.0,0.0,0.0
657,1,10,293,0,6,0,1,23.6421,2806,5284,8090,1.0,0.0,0.0,0.0
658,1,10,294,0,0,1,1,22.82145,2132,4692,6824,1.0,0.0,0.0,0.0
659,1,10,295,0,1,1,1,24.1471,830,6228,7058,1.0,0.0,0.0,0.0
660,1,10,296,0,2,1,1,26.5152,841,6625,7466,1.0,0.0,0.0,0.0
661,1,10,297,0,3,1,1,27.93605,795,6898,7693,1.0,0.0,0.0,0.0
662,1,10,298,0,4,1,2,26.4844,875,6484,7359,1.0,0.0,0.0,0.0
663,1,10,299,0,5,0,2,26.1375,1182,6262,7444,1.0,0.0,0.0,0.0
664,1,10,300,0,6,0,2,25.75665,2643,5209,7852,1.0,0.0,0.0,0.0
665,1,10,301,0,0,1,2,23.38855,998,3461,4459,1.0,0.0,0.0,0.0
666,1,10,302,0,1,1,3,21.97,2,20,22,1.0,0.0,0.0,0.0
667,1,10,303,0,2,1,2,15.49545,87,1009,1096,1.0,0.0,0.0,0.0
668,1,10,304,0,3,1,2,18.055,419,5147,5566,1.0,0.0,0.0,0.0
669,1,11,305,0,4,1,2,18.4971,466,5520,5986,1.0,0.0,0.0,0.0
670,1,11,306,0,5,0,1,17.8021,618,5229,5847,1.0,0.0,0.0,0.0
671,1,11,307,0,6,0,2,16.1923,1029,4109,5138,1.0,0.0,0.0,0.0
672,1,11,308,0,0,1,1,16.4769,1201,3906,5107,1.0,0.0,0.0,0.0
673,1,11,309,0,1,1,1,15.40375,378,4881,5259,1.0,0.0,0.0,0.0
674,1,11,310,0,2,1,1,14.07835,466,5220,5686,1.0,0.0,0.0,0.0
675,1,11,311,0,3,1,2,13.73105,326,4709,5035,1.0,0.0,0.0,0.0
676,1,11,312,0,4,1,1,17.09455,340,4975,5315,1.0,0.0,0.0,0.0
677,1,11,313,0,5,0,1,17.77065,709,5283,5992,1.0,0.0,0.0,0.0
678,1,11,314,1,6,0,1,19.69685,2090,4446,6536,1.0,0.0,0.0,0.0
679,1,11,315,0,0,1,1,21.08565,2290,4562,6852,1.0,0.0,0.0,0.0
680,1,11,316,0,1,1,1,23.76915,1097,5172,6269,1.0,0.0,0.0,0.0
681,1,11,317,0,2,1,2,16.16125,327,3767,4094,1.0,0.0,0.0,0.0
682,1,11,318,0,3,1,1,14.07815,373,5122,5495,1.0,0.0,0.0,0.0
683,1,11,319,0,4,1,2,16.2246,320,5125,5445,1.0,0.0,0.0,0.0
684,1,11,320,0,5,0,1,17.3602,484,5214,5698,1.0,0.0,0.0,0.0
685,1,11,321,0,6,0,1,16.31915,1313,4316,5629,1.0,0.0,0.0,0.0
686,1,11,322,0,0,1,1,16.8873,922,3747,4669,1.0,0.0,0.0,0.0
687,1,11,323,0,1,1,2,18.78105,449,5050,5499,1.0,0.0,0.0,0.0
688,1,11,324,0,2,1,2,19.03335,534,5100,5634,1.0,0.0,0.0,0.0
689,1,11,325,0,3,1,1,18.2446,615,4531,5146,1.0,0.0,0.0,0.0
690,1,11,326,0,4,1,1,17.51855,955,1470,2425,1.0,0.0,0.0,0.0
691,1,11,327,1,5,0,1,18.93895,1603,2307,3910,1.0,0.0,0.0,0.0
692,1,11,328,1,6,0,1,12.4371,532,1745,2277,1.0,0.0,0.0,0.0
693,1,11,329,0,0,1,1,12.87915,309,2115,2424,1.0,0.0,0.0,0.0
694,1,11,330,0,1,1,1,16.9502,337,4750,5087,1.0,0.0,0.0,0.0
695,1,11,331,0,2,1,2,14.0779,123,3836,3959,1.0,0.0,0.0,0.0
696,1,11,332,0,3,1,1,14.4881,198,5062,5260,1.0,0.0,0.0,0.0
697,1,11,333,0,4,1,1,14.9211,243,5080,5323,1.0,0.0,0.0,0.0
698,1,11,334,0,5,0,1,16.19335,362,5306,5668,1.0,0.0,0.0,0.0
699,1,12,335,0,6,0,2,15.8452,951,4240,5191,1.0,0.0,0.0,0.0
700,1,12,336,0,0,1,2,17.9604,892,3757,4649,1.0,0.0,0.0,0.0
701,1,12,337,0,1,1,1,22.7898,555,5679,6234,1.0,0.0,0.0,0.0
702,1,12,338,0,2,1,1,23.4527,551,6055,6606,1.0,0.0,0.0,0.0
703,1,12,339,0,3,1,1,21.4006,331,5398,5729,1.0,0.0,0.0,0.0
704,1,12,340,0,4,1,1,12.9102,340,5035,5375,1.0,0.0,0.0,0.0
705,1,12,341,0,5,0,2,16.0979,349,4659,5008,1.0,0.0,0.0,0.0
706,1,12,342,0,6,0,2,19.4754,1153,4429,5582,1.0,0.0,0.0,0.0
707,1,12,343,0,0,1,2,19.5073,441,2787,3228,1.0,0.0,0.0,0.0
708,1,12,344,0,1,1,2,21.77875,329,4841,5170,1.0,0.0,0.0,0.0
709,1,12,345,0,2,1,2,16.91815,282,5219,5501,1.0,0.0,0.0,0.0
710,1,12,346,0,3,1,2,14.8669,310,5009,5319,1.0,0.0,0.0,0.0
711,1,12,347,0,4,1,1,14.7094,425,5107,5532,1.0,0.0,0.0,0.0
712,1,12,348,0,5,0,1,14.7096,429,5182,5611,1.0,0.0,0.0,0.0
713,1,12,349,0,6,0,1,16.91915,767,4280,5047,1.0,0.0,0.0,0.0
714,1,12,350,0,0,1,2,18.4969,538,3248,3786,1.0,0.0,0.0,0.0
715,1,12,351,0,1,1,2,20.075,212,4373,4585,1.0,0.0,0.0,0.0
716,1,12,352,0,2,1,1,20.4854,433,5124,5557,1.0,0.0,0.0,0.0
717,1,12,353,0,3,1,1,17.1081,333,4934,5267,1.0,0.0,0.0,0.0
718,1,12,354,0,4,1,2,16.76085,314,3814,4128,1.0,0.0,0.0,0.0
719,1,12,355,0,5,0,2,15.08835,221,3402,3623,0.0,0.0,0.0,1.0
720,1,12,356,0,6,0,1,11.80565,205,1544,1749,0.0,0.0,0.0,1.0
721,1,12,357,0,0,1,1,12.97355,408,1379,1787,0.0,0.0,0.0,1.0
722,1,12,358,1,1,0,2,12.945,174,746,920,0.0,0.0,0.0,1.0
723,1,12,359,1,2,0,2,14.72325,440,573,1013,0.0,0.0,0.0,1.0
724,1,12,360,0,3,1,3,11.01665,9,432,441,0.0,0.0,0.0,1.0
725,1,12,361,0,4,1,2,11.3321,247,1867,2114,0.0,0.0,0.0,1.0
726,1,12,362,0,5,0,2,12.7523,644,2451,3095,0.0,0.0,0.0,1.0
727,1,12,363,0,6,0,2,12.12,159,1182,1341,0.0,0.0,0.0,1.0
728,1,12,364,0,0,1,1,11.585,364,1432,1796,0.0,0.0,0.0,1.0
729,1,12,365,1,1,0,2,11.17435,439,2290,2729,0.0,0.0,0.0,1.0
