,dteday,yr,mnth,holiday_num,weekday_num,workingday_num,weathersit,atemp,casual,registered,cnt,registered_cat,casual_cat,cnt_cat,seasons_autumn,seasons_spring,seasons_summer,seasons_winter
0,2018-01-01,0,1,1,0,0,2,18.18125,331,654,985,bajo,bajo,bajo,0.0,0.0,0.0,1.0
1,2018-01-02,0,1,0,1,1,2,17.68695,131,670,801,bajo,bajo,bajo,0.0,0.0,0.0,1.0
2,2018-01-03,0,1,0,2,1,1,9.47025,120,1229,1349,bajo,bajo,bajo,0.0,0.0,0.0,1.0
3,2018-01-04,0,1,0,3,1,1,10.6061,108,1454,1562,bajo,bajo,bajo,0.0,0.0,0.0,1.0
4,2018-01-05,0,1,0,4,1,1,11.4635,82,1518,1600,bajo,bajo,bajo,0.0,0.0,0.0,1.0
5,2018-01-06,0,1,0,5,0,1,11.66045,88,1518,1606,bajo,bajo,bajo,0.0,0.0,0.0,1.0
6,2018-01-07,0,1,0,6,0,2,10.44195,148,1362,1510,bajo,bajo,bajo,0.0,0.0,0.0,1.0
7,2018-01-08,0,1,0,0,1,2,8.1127,68,891,959,bajo,bajo,bajo,0.0,0.0,0.0,1.0
8,2018-01-09,0,1,0,1,1,1,5.80875,54,768,822,bajo,bajo,bajo,0.0,0.0,0.0,1.0
9,2018-01-10,0,1,0,2,1,1,7.5444,41,1280,1321,bajo,bajo,bajo,0.0,0.0,0.0,1.0
10,2018-01-11,0,1,0,3,1,2,9.5732,43,1220,1263,bajo,bajo,bajo,0.0,0.0,0.0,1.0
11,2018-01-12,0,1,0,4,1,1,8.02365,25,1137,1162,bajo,bajo,bajo,0.0,0.0,0.0,1.0
12,2018-01-13,0,1,0,5,0,1,7.54415,38,1368,1406,bajo,bajo,bajo,0.0,0.0,0.0,1.0
13,2018-01-14,0,1,0,6,0,1,9.42065,54,1367,1421,bajo,bajo,bajo,0.0,0.0,0.0,1.0
14,2018-01-15,0,1,0,0,1,2,12.4056,222,1026,1248,bajo,bajo,bajo,0.0,0.0,0.0,1.0
15,2018-01-16,0,1,1,1,0,1,11.71085,251,953,1204,bajo,bajo,bajo,0.0,0.0,0.0,1.0
16,2018-01-17,0,1,0,2,1,2,8.83855,117,883,1000,bajo,bajo,bajo,0.0,0.0,0.0,1.0
17,2018-01-18,0,1,0,3,1,2,11.61665,9,674,683,bajo,bajo,bajo,0.0,0.0,0.0,1.0
18,2018-01-19,0,1,0,4,1,2,14.9211,78,1572,1650,bajo,bajo,bajo,0.0,0.0,0.0,1.0
19,2018-01-20,0,1,0,5,0,2,12.7525,83,1844,1927,bajo,bajo,bajo,0.0,0.0,0.0,1.0
20,2018-01-21,0,1,0,6,0,1,7.89165,75,1468,1543,bajo,bajo,bajo,0.0,0.0,0.0,1.0
21,2018-01-22,0,1,0,0,1,1,3.95348,93,888,981,bajo,bajo,bajo,0.0,0.0,0.0,1.0
22,2018-01-23,0,1,0,1,1,1,4.941955,150,836,986,bajo,bajo,bajo,0.0,0.0,0.0,1.0
23,2018-01-24,0,1,0,2,1,1,5.8965,86,1330,1416,bajo,bajo,bajo,0.0,0.0,0.0,1.0
24,2018-01-25,0,1,0,3,1,2,11.7263,186,1799,1985,bajo,bajo,bajo,0.0,0.0,0.0,1.0
25,2018-01-26,0,1,0,4,1,3,10.18,34,472,506,bajo,bajo,bajo,0.0,0.0,0.0,1.0
26,2018-01-27,0,1,0,5,0,1,10.985,15,416,431,bajo,bajo,bajo,0.0,0.0,0.0,1.0
27,2018-01-28,0,1,0,6,0,2,11.16585,38,1129,1167,bajo,bajo,bajo,0.0,0.0,0.0,1.0
28,2018-01-29,0,1,0,0,1,1,10.6063,123,975,1098,bajo,bajo,bajo,0.0,0.0,0.0,1.0
29,2018-01-30,0,1,0,1,1,1,12.5161,140,956,1096,bajo,bajo,bajo,0.0,0.0,0.0,1.0
30,2018-01-31,0,1,0,2,1,2,9.3125,42,1459,1501,bajo,bajo,bajo,0.0,0.0,0.0,1.0
31,2018-02-01,0,2,0,3,1,2,11.7265,47,1313,1360,bajo,bajo,bajo,0.0,0.0,0.0,1.0
32,2018-02-02,0,2,0,4,1,2,12.72085,72,1454,1526,bajo,bajo,bajo,0.0,0.0,0.0,1.0
33,2018-02-03,0,2,0,5,0,1,8.8939,61,1489,1550,bajo,bajo,bajo,0.0,0.0,0.0,1.0
34,2018-02-04,0,2,0,6,0,2,11.42935,88,1620,1708,bajo,bajo,bajo,0.0,0.0,0.0,1.0
35,2018-02-05,0,2,0,0,1,2,12.1529,100,905,1005,bajo,bajo,bajo,0.0,0.0,0.0,1.0
36,2018-02-06,0,2,0,1,1,1,14.58355,354,1269,1623,bajo,bajo,bajo,0.0,0.0,0.0,1.0
37,2018-02-07,0,2,0,2,1,1,15.1829,120,1592,1712,bajo,bajo,bajo,0.0,0.0,0.0,1.0
38,2018-02-08,0,2,0,3,1,1,9.9123,64,1466,1530,bajo,bajo,bajo,0.0,0.0,0.0,1.0
39,2018-02-09,0,2,0,4,1,2,7.21415,53,1552,1605,bajo,bajo,bajo,0.0,0.0,0.0,1.0
40,2018-02-10,0,2,0,5,0,1,7.4774,47,1491,1538,bajo,bajo,bajo,0.0,0.0,0.0,1.0
41,2018-02-11,0,2,0,6,0,1,10.67545,149,1597,1746,bajo,bajo,bajo,0.0,0.0,0.0,1.0
42,2018-02-12,0,2,0,0,1,1,11.6477,288,1184,1472,bajo,bajo,bajo,0.0,0.0,0.0,1.0
43,2018-02-13,0,2,1,1,0,1,16.20565,397,1192,1589,bajo,bajo,bajo,0.0,0.0,0.0,1.0
44,2018-02-14,0,2,0,2,1,1,19.9175,208,1705,1913,bajo,bajo,bajo,0.0,0.0,0.0,1.0
45,2018-02-15,0,2,0,3,1,1,12.7137,140,1675,1815,bajo,bajo,bajo,0.0,0.0,0.0,1.0
46,2018-02-16,0,2,0,4,1,1,15.81,218,1897,2115,bajo,bajo,bajo,0.0,0.0,0.0,1.0
47,2018-02-17,0,2,0,5,0,1,21.4329,259,2216,2475,bajo,bajo,bajo,0.0,0.0,0.0,1.0
48,2018-02-18,0,2,0,6,0,1,25.59915,579,2348,2927,bajo,bajo,bajo,0.0,0.0,0.0,1.0
49,2018-02-19,0,2,0,0,1,1,19.5702,532,1103,1635,bajo,bajo,bajo,0.0,0.0,0.0,1.0
50,2018-02-20,0,2,1,1,0,1,13.8665,639,1173,1812,bajo,bajo,bajo,0.0,0.0,0.0,1.0
51,2018-02-21,0,2,0,2,1,2,14.20375,195,912,1107,bajo,bajo,bajo,0.0,0.0,0.0,1.0
52,2018-02-22,0,2,0,3,1,1,9.30165,74,1376,1450,bajo,bajo,bajo,0.0,0.0,0.0,1.0
53,2018-02-23,0,2,0,4,1,1,12.28585,139,1778,1917,bajo,bajo,bajo,0.0,0.0,0.0,1.0
54,2018-02-24,0,2,0,5,0,2,14.45955,100,1707,1807,bajo,bajo,bajo,0.0,0.0,0.0,1.0
55,2018-02-25,0,2,0,6,0,2,17.52305,120,1341,1461,bajo,bajo,bajo,0.0,0.0,0.0,1.0
56,2018-02-26,0,2,0,0,1,1,14.1096,424,1545,1969,bajo,bajo,bajo,0.0,0.0,0.0,1.0
57,2018-02-27,0,2,0,1,1,1,17.55545,694,1708,2402,bajo,bajo,bajo,0.0,0.0,0.0,1.0
58,2018-02-28,0,2,0,2,1,2,20.0059,81,1365,1446,bajo,bajo,bajo,0.0,0.0,0.0,1.0
59,2018-03-01,0,3,0,3,1,1,13.19395,137,1714,1851,bajo,bajo,bajo,0.0,0.0,0.0,1.0
60,2018-03-02,0,3,0,4,1,1,16.00355,231,1903,2134,bajo,bajo,bajo,0.0,0.0,0.0,1.0
61,2018-03-03,0,3,0,5,0,1,10.00665,123,1562,1685,bajo,bajo,bajo,0.0,0.0,0.0,1.0
62,2018-03-04,0,3,0,6,0,2,12.78395,214,1730,1944,bajo,bajo,bajo,0.0,0.0,0.0,1.0
63,2018-03-05,0,3,0,0,1,2,18.93895,640,1437,2077,bajo,bajo,bajo,0.0,0.0,0.0,1.0
64,2018-03-06,0,3,0,1,1,2,18.3126,114,491,605,bajo,bajo,bajo,0.0,0.0,0.0,1.0
65,2018-03-07,0,3,0,2,1,1,11.92305,244,1628,1872,bajo,bajo,bajo,0.0,0.0,0.0,1.0
66,2018-03-08,0,3,0,3,1,1,15.12,316,1817,2133,bajo,bajo,bajo,0.0,0.0,0.0,1.0
67,2018-03-09,0,3,0,4,1,2,14.3304,191,1700,1891,bajo,bajo,bajo,0.0,0.0,0.0,1.0
68,2018-03-10,0,3,0,5,0,3,19.2834,46,577,623,bajo,bajo,bajo,0.0,0.0,0.0,1.0
69,2018-03-11,0,3,0,6,0,2,15.25,247,1730,1977,bajo,bajo,bajo,0.0,0.0,0.0,1.0
70,2018-03-12,0,3,0,0,1,1,16.2875,724,1408,2132,bajo,bajo,bajo,0.0,0.0,0.0,1.0
71,2018-03-13,0,3,0,1,1,1,19.00455,982,1435,2417,bajo,bajo,bajo,0.0,0.0,0.0,1.0
72,2018-03-14,0,3,0,2,1,1,16.6,359,1687,2046,bajo,bajo,bajo,0.0,0.0,0.0,1.0
73,2018-03-15,0,3,0,3,1,2,15.9089,289,1767,2056,bajo,bajo,bajo,0.0,0.0,0.0,1.0
74,2018-03-16,0,3,0,4,1,2,18.3465,321,1871,2192,bajo,bajo,bajo,0.0,0.0,0.0,1.0
75,2018-03-17,0,3,0,5,0,1,20.51665,424,2320,2744,bajo,bajo,bajo,0.0,0.0,0.0,1.0
76,2018-03-18,0,3,0,6,0,1,26.35045,884,2355,3239,bajo,bajo,medio,0.0,0.0,0.0,1.0
77,2018-03-19,0,3,0,0,1,1,23.32625,1424,1693,3117,bajo,bajo,bajo,0.0,0.0,0.0,1.0
78,2018-03-20,0,3,0,1,1,1,16.2875,1047,1424,2471,bajo,bajo,bajo,0.0,0.0,0.0,1.0
79,2018-03-21,0,3,0,2,1,2,20.48675,401,1676,2077,bajo,bajo,bajo,0.0,1.0,0.0,0.0
80,2018-03-22,0,3,0,3,1,1,22.0321,460,2243,2703,bajo,bajo,bajo,0.0,1.0,0.0,0.0
81,2018-03-23,0,3,0,4,1,2,16.89695,203,1918,2121,bajo,bajo,bajo,0.0,1.0,0.0,0.0
82,2018-03-24,0,3,0,5,0,2,13.54165,166,1699,1865,bajo,bajo,bajo,0.0,1.0,0.0,0.0
83,2018-03-25,0,3,0,6,0,1,12.8156,300,1910,2210,bajo,bajo,bajo,0.0,1.0,0.0,0.0
84,2018-03-26,0,3,0,0,1,1,12.87855,981,1515,2496,bajo,bajo,bajo,0.0,1.0,0.0,0.0
85,2018-03-27,0,3,0,1,1,2,12.51695,472,1221,1693,bajo,bajo,bajo,0.0,1.0,0.0,0.0
86,2018-03-28,0,3,0,2,1,1,12.8787,222,1806,2028,bajo,bajo,bajo,0.0,1.0,0.0,0.0
87,2018-03-29,0,3,0,3,1,1,14.6454,317,2108,2425,bajo,bajo,bajo,0.0,1.0,0.0,0.0
88,2018-03-30,0,3,0,4,1,2,14.8675,168,1368,1536,bajo,bajo,bajo,0.0,1.0,0.0,0.0
89,2018-03-31,0,3,1,5,0,3,12.87875,179,1506,1685,bajo,bajo,bajo,0.0,1.0,0.0,0.0
90,2018-04-01,0,4,0,6,0,2,14.1727,307,1920,2227,bajo,bajo,bajo,0.0,1.0,0.0,0.0
91,2018-04-02,0,4,0,0,1,2,15.78185,898,1354,2252,bajo,bajo,bajo,0.0,1.0,0.0,0.0
92,2018-04-03,0,4,0,1,1,1,18.93835,1651,1598,3249,bajo,bajo,medio,0.0,1.0,0.0,0.0
93,2018-04-04,0,4,0,2,1,1,27.14645,734,2381,3115,bajo,bajo,bajo,0.0,1.0,0.0,0.0
94,2018-04-05,0,4,0,3,1,2,19.9175,167,1628,1795,bajo,bajo,bajo,0.0,1.0,0.0,0.0
95,2018-04-06,0,4,0,4,1,1,19.3804,413,2395,2808,bajo,bajo,bajo,0.0,1.0,0.0,0.0
96,2018-04-07,0,4,0,5,0,1,21.6848,571,2570,3141,bajo,bajo,bajo,0.0,1.0,0.0,0.0
97,2018-04-08,0,4,0,6,0,2,16.22395,172,1299,1471,bajo,bajo,bajo,0.0,1.0,0.0,0.0
98,2018-04-09,0,4,0,0,1,2,17.07645,879,1576,2455,bajo,bajo,bajo,0.0,1.0,0.0,0.0
99,2018-04-10,0,4,0,1,1,2,21.33685,1188,1707,2895,bajo,bajo,bajo,0.0,1.0,0.0,0.0
100,2018-04-11,0,4,0,2,1,2,28.26085,855,2493,3348,bajo,bajo,medio,0.0,1.0,0.0,0.0
101,2018-04-12,0,4,0,3,1,2,24.6527,257,1777,2034,bajo,bajo,bajo,0.0,1.0,0.0,0.0
102,2018-04-13,0,4,0,4,1,2,20.86415,209,1953,2162,bajo,bajo,bajo,0.0,1.0,0.0,0.0
103,2018-04-14,0,4,0,5,0,1,23.1371,529,2738,3267,bajo,bajo,medio,0.0,1.0,0.0,0.0
104,2018-04-15,0,4,0,6,0,1,22.09565,642,2484,3126,bajo,bajo,bajo,0.0,1.0,0.0,0.0
105,2018-04-16,0,4,0,0,1,3,21.2746,121,674,795,bajo,bajo,bajo,0.0,1.0,0.0,0.0
106,2018-04-17,0,4,0,1,1,1,22.2848,1558,2186,3744,bajo,bajo,medio,0.0,1.0,0.0,0.0
107,2018-04-18,0,4,0,2,1,1,25.1573,669,2760,3429,bajo,bajo,medio,0.0,1.0,0.0,0.0
108,2018-04-19,0,4,0,3,1,2,24.4629,409,2795,3204,bajo,bajo,medio,0.0,1.0,0.0,0.0
109,2018-04-20,0,4,0,4,1,1,28.2196,613,3331,3944,medio,bajo,medio,0.0,1.0,0.0,0.0
110,2018-04-21,0,4,0,5,0,1,22.6946,745,3444,4189,medio,bajo,medio,0.0,1.0,0.0,0.0
111,2018-04-22,0,4,0,6,0,2,16.0977,177,1506,1683,bajo,bajo,bajo,0.0,1.0,0.0,0.0
112,2018-04-23,0,4,0,0,1,2,22.50605,1462,2574,4036,bajo,bajo,medio,0.0,1.0,0.0,0.0
113,2018-04-24,0,4,0,1,1,2,27.58815,1710,2481,4191,bajo,bajo,medio,0.0,1.0,0.0,0.0
114,2018-04-25,0,4,0,2,1,1,28.725,773,3300,4073,medio,bajo,medio,0.0,1.0,0.0,0.0
115,2018-04-26,0,4,0,3,1,1,29.70415,678,3722,4400,medio,bajo,medio,0.0,1.0,0.0,0.0
116,2018-04-27,0,4,0,4,1,2,28.7571,547,3325,3872,medio,bajo,medio,0.0,1.0,0.0,0.0
117,2018-04-28,0,4,0,5,0,2,28.94645,569,3489,4058,medio,bajo,medio,0.0,1.0,0.0,0.0
118,2018-04-29,0,4,0,6,0,1,24.87315,878,3717,4595,medio,bajo,alto,0.0,1.0,0.0,0.0
119,2018-04-30,0,4,0,0,1,1,23.20105,1965,3347,5312,medio,bajo,alto,0.0,1.0,0.0,0.0
120,2018-05-01,0,5,0,1,1,2,22.4102,1138,2213,3351,bajo,bajo,medio,0.0,1.0,0.0,0.0
121,2018-05-02,0,5,0,2,1,2,26.64165,847,3554,4401,medio,bajo,medio,0.0,1.0,0.0,0.0
122,2018-05-03,0,5,0,3,1,2,29.10395,603,3848,4451,medio,bajo,medio,0.0,1.0,0.0,0.0
123,2018-05-04,0,5,0,4,1,2,20.2325,255,2378,2633,bajo,bajo,bajo,0.0,1.0,0.0,0.0
124,2018-05-05,0,5,0,5,0,1,22.09585,614,3819,4433,medio,bajo,medio,0.0,1.0,0.0,0.0
125,2018-05-06,0,5,0,6,0,1,23.70585,894,3714,4608,medio,bajo,alto,0.0,1.0,0.0,0.0
126,2018-05-07,0,5,0,0,1,1,25.63105,1612,3102,4714,bajo,bajo,alto,0.0,1.0,0.0,0.0
127,2018-05-08,0,5,0,1,1,1,25.94665,1401,2932,4333,bajo,bajo,medio,0.0,1.0,0.0,0.0
128,2018-05-09,0,5,0,2,1,1,26.2623,664,3698,4362,medio,bajo,medio,0.0,1.0,0.0,0.0
129,2018-05-10,0,5,0,3,1,1,26.13605,694,4109,4803,medio,bajo,alto,0.0,1.0,0.0,0.0
130,2018-05-11,0,5,0,4,1,1,26.42,550,3632,4182,medio,bajo,medio,0.0,1.0,0.0,0.0
131,2018-05-12,0,5,0,5,0,1,26.16815,695,4169,4864,medio,bajo,alto,0.0,1.0,0.0,0.0
132,2018-05-13,0,5,0,6,0,2,24.715,692,3413,4105,medio,bajo,medio,0.0,1.0,0.0,0.0
133,2018-05-14,0,5,0,0,1,2,25.03145,902,2507,3409,bajo,bajo,medio,0.0,1.0,0.0,0.0
134,2018-05-15,0,5,0,1,1,2,26.8,1582,2971,4553,bajo,bajo,alto,0.0,1.0,0.0,0.0
135,2018-05-16,0,5,0,2,1,1,27.5256,773,3185,3958,medio,bajo,medio,0.0,1.0,0.0,0.0
136,2018-05-17,0,5,0,3,1,2,26.92645,678,3445,4123,medio,bajo,medio,0.0,1.0,0.0,0.0
137,2018-05-18,0,5,0,4,1,2,26.3579,536,3319,3855,medio,bajo,medio,0.0,1.0,0.0,0.0
138,2018-05-19,0,5,0,5,0,2,25.5371,735,3840,4575,medio,bajo,alto,0.0,1.0,0.0,0.0
139,2018-05-20,0,5,0,6,0,1,26.4521,909,4008,4917,medio,bajo,alto,0.0,1.0,0.0,0.0
140,2018-05-21,0,5,0,0,1,1,28.59875,2258,3547,5805,medio,bajo,alto,0.0,1.0,0.0,0.0
141,2018-05-22,0,5,0,1,1,1,28.725,1576,3084,4660,bajo,bajo,alto,0.0,1.0,0.0,0.0
142,2018-05-23,0,5,0,2,1,2,29.5148,836,3438,4274,medio,bajo,medio,0.0,1.0,0.0,0.0
143,2018-05-24,0,5,0,3,1,2,30.24065,659,3833,4492,medio,bajo,medio,0.0,1.0,0.0,0.0
144,2018-05-25,0,5,0,4,1,1,30.7771,740,4238,4978,medio,bajo,alto,0.0,1.0,0.0,0.0
145,2018-05-26,0,5,0,5,0,1,32.7344,758,3919,4677,medio,bajo,alto,0.0,1.0,0.0,0.0
146,2018-05-27,0,5,0,6,0,1,31.8504,871,3808,4679,medio,bajo,alto,0.0,1.0,0.0,0.0
147,2018-05-28,0,5,0,0,1,1,30.61895,2001,2757,4758,bajo,bajo,alto,0.0,1.0,0.0,0.0
148,2018-05-29,0,5,1,1,0,1,30.7775,2355,2433,4788,bajo,bajo,alto,0.0,1.0,0.0,0.0
149,2018-05-30,0,5,0,2,1,1,33.5546,1549,2549,4098,bajo,bajo,medio,0.0,1.0,0.0,0.0
150,2018-05-31,0,5,0,3,1,1,36.26915,673,3309,3982,medio,bajo,medio,0.0,1.0,0.0,0.0
151,2018-06-01,0,6,0,4,1,2,36.04835,513,3461,3974,medio,bajo,medio,0.0,1.0,0.0,0.0
152,2018-06-02,0,6,0,5,0,1,32.1971,736,4232,4968,medio,bajo,alto,0.0,1.0,0.0,0.0
153,2018-06-03,0,6,0,6,0,1,29.35665,898,4414,5312,medio,bajo,alto,0.0,1.0,0.0,0.0
154,2018-06-04,0,6,0,0,1,1,29.7348,1869,3473,5342,medio,bajo,alto,0.0,1.0,0.0,0.0
155,2018-06-05,0,6,0,1,1,2,30.8402,1685,3221,4906,medio,bajo,alto,0.0,1.0,0.0,0.0
156,2018-06-06,0,6,0,2,1,1,31.0929,673,3875,4548,medio,bajo,medio,0.0,1.0,0.0,0.0
157,2018-06-07,0,6,0,3,1,1,32.7975,763,4070,4833,medio,bajo,alto,0.0,1.0,0.0,0.0
158,2018-06-08,0,6,0,4,1,1,36.36395,676,3725,4401,medio,bajo,medio,0.0,1.0,0.0,0.0
159,2018-06-09,0,6,0,5,0,2,37.87895,563,3352,3915,medio,bajo,medio,0.0,1.0,0.0,0.0
160,2018-06-10,0,6,0,6,0,1,35.1646,815,3771,4586,medio,bajo,alto,0.0,1.0,0.0,0.0
161,2018-06-11,0,6,0,0,1,1,33.9019,1729,3237,4966,medio,bajo,alto,0.0,1.0,0.0,0.0
162,2018-06-12,0,6,0,1,1,1,32.16625,1467,2993,4460,bajo,bajo,medio,0.0,1.0,0.0,0.0
163,2018-06-13,0,6,0,2,1,1,30.0827,863,4157,5020,medio,bajo,alto,0.0,1.0,0.0,0.0
164,2018-06-14,0,6,0,3,1,1,29.5773,727,4164,4891,medio,bajo,alto,0.0,1.0,0.0,0.0
165,2018-06-15,0,6,0,4,1,1,29.3877,769,4411,5180,medio,bajo,alto,0.0,1.0,0.0,0.0
166,2018-06-16,0,6,0,5,0,2,29.7673,545,3222,3767,medio,bajo,medio,0.0,1.0,0.0,0.0
167,2018-06-17,0,6,0,6,0,1,30.01915,863,3981,4844,medio,bajo,alto,0.0,1.0,0.0,0.0
168,2018-06-18,0,6,0,0,1,1,32.1977,1807,3312,5119,medio,bajo,alto,0.0,1.0,0.0,0.0
169,2018-06-19,0,6,0,1,1,2,32.2923,1639,3105,4744,bajo,bajo,alto,0.0,1.0,0.0,0.0
170,2018-06-20,0,6,0,2,1,2,29.7673,699,3311,4010,medio,bajo,medio,0.0,1.0,0.0,0.0
171,2018-06-21,0,6,0,3,1,2,31.8823,774,4061,4835,medio,bajo,alto,0.0,0.0,1.0,0.0
172,2018-06-22,0,6,0,4,1,1,34.69145,661,3846,4507,medio,bajo,medio,0.0,0.0,1.0,0.0
173,2018-06-23,0,6,0,5,0,2,34.69165,746,4044,4790,medio,bajo,alto,0.0,0.0,1.0,0.0
174,2018-06-24,0,6,0,6,0,1,32.82915,969,4022,4991,medio,bajo,alto,0.0,0.0,1.0,0.0
175,2018-06-25,0,6,0,0,1,1,32.16565,1782,3420,5202,medio,bajo,alto,0.0,0.0,1.0,0.0
176,2018-06-26,0,6,0,1,1,1,31.88145,1920,3385,5305,medio,bajo,alto,0.0,0.0,1.0,0.0
177,2018-06-27,0,6,0,2,1,2,31.8502,854,3854,4708,medio,bajo,alto,0.0,0.0,1.0,0.0
178,2018-06-28,0,6,0,3,1,1,34.6279,732,3916,4648,medio,bajo,alto,0.0,0.0,1.0,0.0
179,2018-06-29,0,6,0,4,1,1,32.7344,848,4377,5225,medio,bajo,alto,0.0,0.0,1.0,0.0
180,2018-06-30,0,6,0,5,0,1,31.8504,1027,4488,5515,medio,bajo,alto,0.0,0.0,1.0,0.0
181,2018-07-01,0,7,0,6,0,1,32.6081,1246,4116,5362,medio,bajo,alto,0.0,0.0,1.0,0.0
182,2018-07-02,0,7,0,0,1,1,33.3654,2204,2915,5119,bajo,bajo,alto,0.0,0.0,1.0,0.0
183,2018-07-03,0,7,0,1,1,2,33.42875,2282,2367,4649,bajo,bajo,alto,0.0,0.0,1.0,0.0
184,2018-07-04,0,7,1,2,0,2,33.27085,3065,2978,6043,bajo,bajo,alto,0.0,0.0,1.0,0.0
185,2018-07-05,0,7,1,3,0,1,34.8169,1031,3634,4665,medio,bajo,alto,0.0,0.0,1.0,0.0
186,2018-07-06,0,7,0,4,1,1,34.28165,784,3845,4629,medio,bajo,alto,0.0,0.0,1.0,0.0
187,2018-07-07,0,7,0,5,0,1,34.34355,754,3838,4592,medio,bajo,alto,0.0,0.0,1.0,0.0
188,2018-07-08,0,7,0,6,0,2,33.52415,692,3348,4040,medio,bajo,medio,0.0,0.0,1.0,0.0
189,2018-07-09,0,7,0,0,1,1,33.2079,1988,3348,5336,medio,bajo,alto,0.0,0.0,1.0,0.0
190,2018-07-10,0,7,0,1,1,1,34.50125,1743,3138,4881,bajo,bajo,alto,0.0,0.0,1.0,0.0
191,2018-07-11,0,7,0,2,1,1,36.4902,723,3363,4086,medio,bajo,medio,0.0,0.0,1.0,0.0
192,2018-07-12,0,7,0,3,1,1,36.96375,662,3596,4258,medio,bajo,medio,0.0,0.0,1.0,0.0
193,2018-07-13,0,7,0,4,1,1,34.4702,748,3594,4342,medio,bajo,medio,0.0,0.0,1.0,0.0
194,2018-07-14,0,7,0,5,0,1,31.7552,888,4196,5084,medio,bajo,alto,0.0,0.0,1.0,0.0
195,2018-07-15,0,7,0,6,0,1,31.21855,1318,4220,5538,medio,bajo,alto,0.0,0.0,1.0,0.0
196,2018-07-16,0,7,0,0,1,1,31.91315,2418,3505,5923,medio,bajo,alto,0.0,0.0,1.0,0.0
197,2018-07-17,0,7,0,1,1,1,33.49165,2006,3296,5302,medio,bajo,alto,0.0,0.0,1.0,0.0
198,2018-07-18,0,7,0,2,1,1,35.19625,841,3617,4458,medio,bajo,medio,0.0,0.0,1.0,0.0
199,2018-07-19,0,7,0,3,1,1,37.37395,752,3789,4541,medio,bajo,medio,0.0,0.0,1.0,0.0
200,2018-07-20,0,7,0,4,1,1,37.3425,644,3688,4332,medio,bajo,medio,0.0,0.0,1.0,0.0
201,2018-07-21,0,7,0,5,0,2,41.31855,632,3152,3784,bajo,bajo,medio,0.0,0.0,1.0,0.0
202,2018-07-22,0,7,0,6,0,1,42.0448,562,2825,3387,bajo,bajo,medio,0.0,0.0,1.0,0.0
203,2018-07-23,0,7,0,0,1,1,40.21435,987,2298,3285,bajo,bajo,medio,0.0,0.0,1.0,0.0
204,2018-07-24,0,7,0,1,1,1,39.74145,1050,2556,3606,bajo,bajo,medio,0.0,0.0,1.0,0.0
205,2018-07-25,0,7,0,2,1,1,36.0479,568,3272,3840,medio,bajo,medio,0.0,0.0,1.0,0.0
206,2018-07-26,0,7,0,3,1,1,34.84895,750,3840,4590,medio,bajo,alto,0.0,0.0,1.0,0.0
207,2018-07-27,0,7,0,4,1,1,34.53335,755,3901,4656,medio,bajo,alto,0.0,0.0,1.0,0.0
208,2018-07-28,0,7,1,5,0,1,36.995,606,3784,4390,medio,bajo,medio,0.0,0.0,1.0,0.0
209,2018-07-29,0,7,0,6,0,1,39.29835,670,3176,3846,medio,bajo,medio,0.0,0.0,1.0,0.0
210,2018-07-30,0,7,0,0,1,1,36.42685,1559,2916,4475,bajo,bajo,medio,0.0,0.0,1.0,0.0
211,2018-07-31,0,7,0,1,1,1,36.4898,1524,2778,4302,bajo,bajo,medio,0.0,0.0,1.0,0.0
212,2018-08-01,0,8,0,2,1,1,35.1646,729,3537,4266,medio,bajo,medio,0.0,0.0,1.0,0.0
213,2018-08-02,0,8,0,3,1,1,35.35355,801,4044,4845,medio,bajo,alto,0.0,0.0,1.0,0.0
214,2018-08-03,0,8,0,4,1,2,33.99685,467,3107,3574,bajo,bajo,medio,0.0,0.0,1.0,0.0
215,2018-08-04,0,8,0,5,0,2,33.2394,799,3777,4576,medio,bajo,alto,0.0,0.0,1.0,0.0
216,2018-08-05,0,8,0,6,0,1,32.82835,1023,3843,4866,medio,bajo,alto,0.0,0.0,1.0,0.0
217,2018-08-06,0,8,0,0,1,2,33.8077,1521,2773,4294,bajo,bajo,medio,0.0,0.0,1.0,0.0
218,2018-08-07,0,8,0,1,1,1,35.7646,1298,2487,3785,bajo,bajo,medio,0.0,0.0,1.0,0.0
219,2018-08-08,0,8,0,2,1,1,35.16415,846,3480,4326,medio,bajo,medio,0.0,0.0,1.0,0.0
220,2018-08-09,0,8,0,3,1,1,36.20605,907,3695,4602,medio,bajo,alto,0.0,0.0,1.0,0.0
221,2018-08-10,0,8,0,4,1,1,34.24915,884,3896,4780,medio,bajo,alto,0.0,0.0,1.0,0.0
222,2018-08-11,0,8,0,5,0,1,32.57605,812,3980,4792,medio,bajo,alto,0.0,0.0,1.0,0.0
223,2018-08-12,0,8,0,6,0,1,32.7021,1051,3854,4905,medio,bajo,alto,0.0,0.0,1.0,0.0
224,2018-08-13,0,8,0,0,1,2,32.2929,1504,2646,4150,bajo,bajo,medio,0.0,0.0,1.0,0.0
225,2018-08-14,0,8,0,1,1,2,31.2194,1338,2482,3820,bajo,bajo,medio,0.0,0.0,1.0,0.0
226,2018-08-15,0,8,0,2,1,1,30.80835,775,3563,4338,medio,bajo,medio,0.0,0.0,1.0,0.0
227,2018-08-16,0,8,0,3,1,1,32.29185,721,4004,4725,medio,bajo,alto,0.0,0.0,1.0,0.0
228,2018-08-17,0,8,0,4,1,1,33.33355,668,4026,4694,medio,bajo,alto,0.0,0.0,1.0,0.0
229,2018-08-18,0,8,0,5,0,1,33.1129,639,3166,3805,bajo,bajo,medio,0.0,0.0,1.0,0.0
230,2018-08-19,0,8,0,6,0,2,31.66105,797,3356,4153,medio,bajo,medio,0.0,0.0,1.0,0.0
231,2018-08-20,0,8,0,0,1,1,32.4498,1914,3277,5191,medio,bajo,alto,0.0,0.0,1.0,0.0
232,2018-08-21,0,8,0,1,1,1,33.77625,1249,2624,3873,bajo,bajo,medio,0.0,0.0,1.0,0.0
233,2018-08-22,0,8,0,2,1,1,31.9127,833,3925,4758,medio,bajo,alto,0.0,0.0,1.0,0.0
234,2018-08-23,0,8,0,3,1,1,30.30335,1281,4614,5895,alto,bajo,alto,0.0,0.0,1.0,0.0
235,2018-08-24,0,8,0,4,1,1,31.5346,949,4181,5130,medio,bajo,alto,0.0,0.0,1.0,0.0
236,2018-08-25,0,8,0,5,0,2,32.2927,435,3107,3542,bajo,bajo,medio,0.0,0.0,1.0,0.0
237,2018-08-26,0,8,0,6,0,1,32.98665,768,3893,4661,medio,bajo,alto,0.0,0.0,1.0,0.0
238,2018-08-27,0,8,0,0,1,2,31.7778,226,889,1115,bajo,bajo,bajo,0.0,0.0,1.0,0.0
239,2018-08-28,0,8,0,1,1,1,32.39795,1415,2919,4334,bajo,bajo,medio,0.0,0.0,1.0,0.0
240,2018-08-29,0,8,0,2,1,1,30.3979,729,3905,4634,medio,bajo,alto,0.0,0.0,1.0,0.0
241,2018-08-30,0,8,0,3,1,1,29.7352,775,4429,5204,medio,bajo,alto,0.0,0.0,1.0,0.0
242,2018-08-31,0,8,0,4,1,1,30.55605,688,4370,5058,medio,bajo,alto,0.0,0.0,1.0,0.0
243,2018-09-01,0,9,0,5,0,1,30.74605,783,4332,5115,medio,bajo,alto,0.0,0.0,1.0,0.0
244,2018-09-02,0,9,0,6,0,2,30.2404,875,3852,4727,medio,bajo,alto,0.0,0.0,1.0,0.0
245,2018-09-03,0,9,0,0,1,1,31.66065,1935,2549,4484,bajo,bajo,medio,0.0,0.0,1.0,0.0
246,2018-09-04,0,9,1,1,0,1,33.27145,2521,2419,4940,bajo,bajo,alto,0.0,0.0,1.0,0.0
247,2018-09-05,0,9,0,2,1,2,31.2823,1236,2115,3351,bajo,bajo,medio,0.0,0.0,1.0,0.0
248,2018-09-06,0,9,0,3,1,3,25.76,204,2506,2710,bajo,bajo,bajo,0.0,0.0,1.0,0.0
249,2018-09-07,0,9,0,4,1,3,27.21145,118,1878,1996,bajo,bajo,bajo,0.0,0.0,1.0,0.0
250,2018-09-08,0,9,0,5,0,3,27.76805,153,1689,1842,bajo,bajo,bajo,0.0,0.0,1.0,0.0
251,2018-09-09,0,9,0,6,0,2,28.9473,417,3127,3544,bajo,bajo,medio,0.0,0.0,1.0,0.0
252,2018-09-10,0,9,0,0,1,1,30.3981,1750,3595,5345,medio,bajo,alto,0.0,0.0,1.0,0.0
253,2018-09-11,0,9,0,1,1,1,30.46145,1633,3413,5046,medio,bajo,alto,0.0,0.0,1.0,0.0
254,2018-09-12,0,9,0,2,1,1,30.1065,690,4023,4713,medio,bajo,alto,0.0,0.0,1.0,0.0
255,2018-09-13,0,9,0,3,1,1,30.1777,701,4062,4763,medio,bajo,alto,0.0,0.0,1.0,0.0
256,2018-09-14,0,9,0,4,1,1,31.345,647,4138,4785,medio,bajo,alto,0.0,0.0,1.0,0.0
257,2018-09-15,0,9,0,5,0,2,27.68355,428,3231,3659,medio,bajo,medio,0.0,0.0,1.0,0.0
258,2018-09-16,0,9,0,6,0,2,23.07375,742,4018,4760,medio,bajo,alto,0.0,0.0,1.0,0.0
259,2018-09-17,0,9,0,0,1,2,23.9256,1434,3077,4511,bajo,bajo,medio,0.0,0.0,1.0,0.0
260,2018-09-18,0,9,0,1,1,1,24.52685,1353,2921,4274,bajo,bajo,medio,0.0,0.0,1.0,0.0
261,2018-09-19,0,9,0,2,1,2,26.48375,691,3848,4539,medio,bajo,medio,0.0,0.0,1.0,0.0
262,2018-09-20,0,9,0,3,1,2,26.61085,438,3203,3641,medio,bajo,medio,0.0,0.0,1.0,0.0
263,2018-09-21,0,9,0,4,1,2,27.52665,539,3813,4352,medio,bajo,medio,0.0,0.0,1.0,0.0
264,2018-09-22,0,9,0,5,0,2,27.74815,555,4240,4795,medio,bajo,alto,0.0,0.0,1.0,0.0
265,2018-09-23,0,9,0,6,0,2,26.10625,258,2137,2395,bajo,bajo,bajo,1.0,0.0,0.0,0.0
266,2018-09-24,0,9,0,0,1,2,28.2206,1776,3647,5423,medio,bajo,alto,1.0,0.0,0.0,0.0
267,2018-09-25,0,9,0,1,1,2,28.63185,1544,3466,5010,medio,bajo,alto,1.0,0.0,0.0,0.0
268,2018-09-26,0,9,0,2,1,2,29.4521,684,3946,4630,medio,bajo,alto,1.0,0.0,0.0,0.0
269,2018-09-27,0,9,0,3,1,2,28.72625,477,3643,4120,medio,bajo,medio,1.0,0.0,0.0,0.0
270,2018-09-28,0,9,0,4,1,2,28.7579,480,3427,3907,medio,bajo,medio,1.0,0.0,0.0,0.0
271,2018-09-29,0,9,0,5,0,1,28.7256,653,4186,4839,medio,bajo,alto,1.0,0.0,0.0,0.0
272,2018-09-30,0,9,0,6,0,1,27.24145,830,4372,5202,medio,bajo,alto,1.0,0.0,0.0,0.0
273,2018-10-01,0,10,0,0,1,2,20.64315,480,1949,2429,bajo,bajo,bajo,1.0,0.0,0.0,0.0
274,2018-10-02,0,10,0,1,1,2,17.26585,616,2302,2918,bajo,bajo,bajo,1.0,0.0,0.0,0.0
275,2018-10-03,0,10,0,2,1,2,19.6023,330,3240,3570,medio,bajo,medio,1.0,0.0,0.0,0.0
276,2018-10-04,0,10,0,3,1,1,23.6429,486,3970,4456,medio,bajo,medio,1.0,0.0,0.0,0.0
277,2018-10-05,0,10,0,4,1,1,26.3569,559,4267,4826,medio,bajo,alto,1.0,0.0,0.0,0.0
278,2018-10-06,0,10,0,5,0,1,24.02125,639,4126,4765,medio,bajo,alto,1.0,0.0,0.0,0.0
279,2018-10-07,0,10,0,6,0,1,25.2202,949,4036,4985,medio,bajo,alto,1.0,0.0,0.0,0.0
280,2018-10-08,0,10,0,0,1,1,25.6621,2235,3174,5409,medio,bajo,alto,1.0,0.0,0.0,0.0
281,2018-10-09,0,10,0,1,1,1,26.19915,2397,3114,5511,bajo,bajo,alto,1.0,0.0,0.0,0.0
282,2018-10-10,0,10,0,2,1,1,27.14625,1514,3603,5117,medio,bajo,alto,1.0,0.0,0.0,0.0
283,2018-10-11,0,10,0,3,1,2,27.3048,667,3896,4563,medio,bajo,alto,1.0,0.0,0.0,0.0
284,2018-10-12,0,10,0,4,1,3,25.88585,217,2199,2416,bajo,bajo,bajo,1.0,0.0,0.0,0.0
285,2018-10-13,0,10,0,5,0,2,27.5902,290,2623,2913,bajo,bajo,bajo,1.0,0.0,0.0,0.0
286,2018-10-14,0,10,0,6,0,2,26.48375,529,3115,3644,bajo,bajo,medio,1.0,0.0,0.0,0.0
287,2018-10-15,0,10,0,0,1,1,24.93625,1899,3318,5217,medio,bajo,alto,1.0,0.0,0.0,0.0
288,2018-10-16,0,10,0,1,1,1,25.1577,1748,3293,5041,medio,bajo,alto,1.0,0.0,0.0,0.0
289,2018-10-17,0,10,0,2,1,1,25.53625,713,3857,4570,medio,bajo,alto,1.0,0.0,0.0,0.0
290,2018-10-18,0,10,0,3,1,2,26.13605,637,4111,4748,medio,bajo,alto,1.0,0.0,0.0,0.0
291,2018-10-19,0,10,0,4,1,3,25.6924,254,2170,2424,bajo,bajo,bajo,1.0,0.0,0.0,0.0
292,2018-10-20,0,10,0,5,0,1,23.32625,471,3724,4195,medio,bajo,medio,1.0,0.0,0.0,0.0
293,2018-10-21,0,10,0,6,0,1,21.1798,676,3628,4304,medio,bajo,medio,1.0,0.0,0.0,0.0
294,2018-10-22,0,10,0,0,1,1,21.2746,1499,2809,4308,bajo,bajo,medio,1.0,0.0,0.0,0.0
295,2018-10-23,0,10,0,1,1,1,21.11665,1619,2762,4381,bajo,bajo,medio,1.0,0.0,0.0,0.0
296,2018-10-24,0,10,0,2,1,1,22.85335,699,3488,4187,medio,bajo,medio,1.0,0.0,0.0,0.0
297,2018-10-25,0,10,0,3,1,1,23.16875,695,3992,4687,medio,bajo,alto,1.0,0.0,0.0,0.0
298,2018-10-26,0,10,0,4,1,2,23.6423,404,3490,3894,medio,bajo,medio,1.0,0.0,0.0,0.0
299,2018-10-27,0,10,0,5,0,2,22.8523,240,2419,2659,bajo,bajo,bajo,1.0,0.0,0.0,0.0
300,2018-10-28,0,10,0,6,0,2,15.9406,456,3291,3747,medio,bajo,medio,1.0,0.0,0.0,0.0
301,2018-10-29,0,10,0,0,1,3,11.39565,57,570,627,bajo,bajo,bajo,1.0,0.0,0.0,0.0
302,2018-10-30,0,10,0,1,1,1,16.06645,885,2446,3331,bajo,bajo,medio,1.0,0.0,0.0,0.0
303,2018-10-31,0,10,0,2,1,1,17.80315,362,3307,3669,medio,bajo,medio,1.0,0.0,0.0,0.0
304,2018-11-01,0,11,0,3,1,1,19.8544,410,3658,4068,medio,bajo,medio,1.0,0.0,0.0,0.0
305,2018-11-02,0,11,0,4,1,1,19.50665,370,3816,4186,medio,bajo,medio,1.0,0.0,0.0,0.0
306,2018-11-03,0,11,0,5,0,1,20.29605,318,3656,3974,medio,bajo,medio,1.0,0.0,0.0,0.0
307,2018-11-04,0,11,0,6,0,2,20.1696,470,3576,4046,medio,bajo,medio,1.0,0.0,0.0,0.0
308,2018-11-05,0,11,0,0,1,1,16.1927,1156,2770,3926,bajo,bajo,medio,1.0,0.0,0.0,0.0
309,2018-11-06,0,11,0,1,1,1,18.1179,952,2697,3649,bajo,bajo,medio,1.0,0.0,0.0,0.0
310,2018-11-07,0,11,0,2,1,1,20.04355,373,3662,4035,medio,bajo,medio,1.0,0.0,0.0,0.0
311,2018-11-08,0,11,0,3,1,1,20.6123,376,3829,4205,medio,bajo,medio,1.0,0.0,0.0,0.0
312,2018-11-09,0,11,0,4,1,1,20.45395,305,3804,4109,medio,bajo,medio,1.0,0.0,0.0,0.0
313,2018-11-10,0,11,1,5,0,2,18.68605,190,2743,2933,bajo,bajo,bajo,1.0,0.0,0.0,0.0
314,2018-11-11,0,11,0,6,0,1,15.34085,440,2928,3368,bajo,bajo,medio,1.0,0.0,0.0,0.0
315,2018-11-12,0,11,0,0,1,1,17.8971,1275,2792,4067,bajo,bajo,medio,1.0,0.0,0.0,0.0
316,2018-11-13,0,11,0,1,1,1,21.5275,1004,2713,3717,bajo,bajo,medio,1.0,0.0,0.0,0.0
317,2018-11-14,0,11,0,2,1,1,26.2306,595,3891,4486,medio,bajo,medio,1.0,0.0,0.0,0.0
318,2018-11-15,0,11,0,3,1,2,25.37895,449,3746,4195,medio,bajo,medio,1.0,0.0,0.0,0.0
319,2018-11-16,0,11,0,4,1,3,22.5994,145,1672,1817,bajo,bajo,bajo,1.0,0.0,0.0,0.0
320,2018-11-17,0,11,0,5,0,2,16.16105,139,2914,3053,bajo,bajo,bajo,1.0,0.0,0.0,0.0
321,2018-11-18,0,11,0,6,0,1,13.63605,245,3147,3392,bajo,bajo,medio,1.0,0.0,0.0,0.0
322,2018-11-19,0,11,0,0,1,1,16.22415,943,2720,3663,bajo,bajo,medio,1.0,0.0,0.0,0.0
323,2018-11-20,0,11,0,1,1,2,22.8529,787,2733,3520,bajo,bajo,medio,1.0,0.0,0.0,0.0
324,2018-11-21,0,11,0,2,1,3,22.2531,220,2545,2765,bajo,bajo,bajo,1.0,0.0,0.0,0.0
325,2018-11-22,0,11,0,3,1,3,21.0848,69,1538,1607,bajo,bajo,bajo,1.0,0.0,0.0,0.0
326,2018-11-23,0,11,1,4,0,2,21.52685,112,2454,2566,bajo,bajo,bajo,1.0,0.0,0.0,0.0
327,2018-11-24,0,11,1,5,0,1,18.62355,560,935,1495,bajo,bajo,bajo,1.0,0.0,0.0,0.0
328,2018-11-25,0,11,0,6,0,1,19.03355,1095,1697,2792,bajo,bajo,bajo,1.0,0.0,0.0,0.0
329,2018-11-26,0,11,0,0,1,1,19.25435,1249,1819,3068,bajo,bajo,bajo,1.0,0.0,0.0,0.0
330,2018-11-27,0,11,0,1,1,1,22.79,810,2261,3071,bajo,bajo,bajo,1.0,0.0,0.0,0.0
331,2018-11-28,0,11,0,2,1,1,24.5061,253,3614,3867,medio,bajo,medio,1.0,0.0,0.0,0.0
332,2018-11-29,0,11,0,3,1,2,22.56875,96,2818,2914,bajo,bajo,bajo,1.0,0.0,0.0,0.0
333,2018-11-30,0,11,0,4,1,1,15.56105,188,3425,3613,medio,bajo,medio,1.0,0.0,0.0,0.0
334,2018-12-01,0,12,0,5,0,1,15.2777,182,3545,3727,medio,bajo,medio,1.0,0.0,0.0,0.0
335,2018-12-02,0,12,0,6,0,1,16.57165,268,3672,3940,medio,bajo,medio,1.0,0.0,0.0,0.0
336,2018-12-03,0,12,0,0,1,1,15.5302,706,2908,3614,bajo,bajo,medio,1.0,0.0,0.0,0.0
337,2018-12-04,0,12,0,1,1,1,17.455,634,2851,3485,bajo,bajo,medio,1.0,0.0,0.0,0.0
338,2018-12-05,0,12,0,2,1,2,19.69625,233,3578,3811,medio,bajo,medio,1.0,0.0,0.0,0.0
339,2018-12-06,0,12,0,3,1,3,22.82,126,2468,2594,bajo,bajo,bajo,1.0,0.0,0.0,0.0
340,2018-12-07,0,12,0,4,1,3,20.0123,50,655,705,bajo,bajo,bajo,1.0,0.0,0.0,0.0
341,2018-12-08,0,12,0,5,0,1,12.8469,150,3172,3322,medio,bajo,medio,1.0,0.0,0.0,0.0
342,2018-12-09,0,12,0,6,0,1,15.8771,261,3359,3620,medio,bajo,medio,1.0,0.0,0.0,0.0
343,2018-12-10,0,12,0,0,1,1,13.3206,502,2688,3190,bajo,bajo,medio,1.0,0.0,0.0,0.0
344,2018-12-11,0,12,0,1,1,1,12.6577,377,2366,2743,bajo,bajo,bajo,1.0,0.0,0.0,0.0
345,2018-12-12,0,12,0,2,1,1,13.5098,143,3167,3310,bajo,bajo,medio,1.0,0.0,0.0,0.0
346,2018-12-13,0,12,0,3,1,1,15.0569,155,3368,3523,medio,bajo,medio,1.0,0.0,0.0,0.0
347,2018-12-14,0,12,0,4,1,2,16.9181,178,3562,3740,medio,bajo,medio,1.0,0.0,0.0,0.0
348,2018-12-15,0,12,0,5,0,2,20.61185,181,3528,3709,medio,bajo,medio,1.0,0.0,0.0,0.0
349,2018-12-16,0,12,0,6,0,2,17.99125,178,3399,3577,medio,bajo,medio,1.0,0.0,0.0,0.0
350,2018-12-17,0,12,0,0,1,2,12.46855,275,2464,2739,bajo,bajo,bajo,1.0,0.0,0.0,0.0
351,2018-12-18,0,12,0,1,1,1,12.27895,220,2211,2431,bajo,bajo,bajo,1.0,0.0,0.0,0.0
352,2018-12-19,0,12,0,2,1,1,14.04665,260,3143,3403,bajo,bajo,medio,1.0,0.0,0.0,0.0
353,2018-12-20,0,12,0,3,1,2,19.8227,216,3534,3750,medio,bajo,medio,1.0,0.0,0.0,0.0
354,2018-12-21,0,12,0,4,1,2,21.40085,107,2553,2660,bajo,bajo,bajo,0.0,0.0,0.0,1.0
355,2018-12-22,0,12,0,5,0,2,21.30605,227,2841,3068,bajo,bajo,bajo,0.0,0.0,0.0,1.0
356,2018-12-23,0,12,0,6,0,1,18.87565,163,2046,2209,bajo,bajo,bajo,0.0,0.0,0.0,1.0
357,2018-12-24,0,12,1,0,0,1,14.9621,155,856,1011,bajo,bajo,bajo,0.0,0.0,0.0,1.0
358,2018-12-25,0,12,1,1,0,1,13.99805,303,451,754,bajo,bajo,bajo,0.0,0.0,0.0,1.0
359,2018-12-26,0,12,0,2,1,1,15.77675,430,887,1317,bajo,bajo,bajo,0.0,0.0,0.0,1.0
360,2018-12-27,0,12,0,3,1,2,16.38165,103,1059,1162,bajo,bajo,bajo,0.0,0.0,0.0,1.0
361,2018-12-28,0,12,0,4,1,1,13.9987,255,2047,2302,bajo,bajo,bajo,0.0,0.0,0.0,1.0
362,2018-12-29,0,12,0,5,0,1,13.1946,254,2169,2423,bajo,bajo,bajo,0.0,0.0,0.0,1.0
363,2018-12-30,0,12,0,6,0,1,15.9406,491,2508,2999,bajo,bajo,bajo,0.0,0.0,0.0,1.0
364,2018-12-31,0,12,1,0,0,1,20.70605,665,1820,2485,bajo,bajo,bajo,0.0,0.0,0.0,1.0
365,2019-01-01,1,1,1,1,0,1,18.78105,686,1608,2294,bajo,bajo,bajo,0.0,0.0,0.0,1.0
366,2019-01-02,1,1,0,2,1,1,12.6152,244,1707,1951,bajo,bajo,bajo,0.0,0.0,0.0,1.0
367,2019-01-03,1,1,0,3,1,1,6.31375,89,2147,2236,bajo,bajo,bajo,0.0,0.0,0.0,1.0
368,2019-01-04,1,1,0,4,1,2,5.96685,95,2273,2368,bajo,bajo,bajo,0.0,0.0,0.0,1.0
369,2019-01-05,1,1,0,5,0,1,13.9206,140,3132,3272,bajo,bajo,medio,0.0,0.0,0.0,1.0
370,2019-01-06,1,1,0,6,0,1,17.01335,307,3791,4098,medio,bajo,medio,0.0,0.0,0.0,1.0
371,2019-01-07,1,1,0,0,1,1,19.53895,1070,3451,4521,medio,bajo,medio,0.0,0.0,0.0,1.0
372,2019-01-08,1,1,0,1,1,1,17.0129,599,2826,3425,bajo,bajo,medio,0.0,0.0,0.0,1.0
373,2019-01-09,1,1,0,2,1,2,12.37395,106,2270,2376,bajo,bajo,bajo,0.0,0.0,0.0,1.0
374,2019-01-10,1,1,0,3,1,1,15.9413,173,3425,3598,medio,bajo,medio,0.0,0.0,0.0,1.0
375,2019-01-11,1,1,0,4,1,2,14.14105,92,2085,2177,bajo,bajo,bajo,0.0,0.0,0.0,1.0
376,2019-01-12,1,1,0,5,0,2,19.0969,269,3828,4097,medio,bajo,medio,0.0,0.0,0.0,1.0
377,2019-01-13,1,1,0,6,0,1,12.4681,174,3040,3214,bajo,bajo,medio,0.0,0.0,0.0,1.0
378,2019-01-14,1,1,0,0,1,1,9.15435,333,2160,2493,bajo,bajo,bajo,0.0,0.0,0.0,1.0
379,2019-01-15,1,1,0,1,1,1,8.08125,284,2027,2311,bajo,bajo,bajo,0.0,0.0,0.0,1.0
380,2019-01-16,1,1,1,2,0,1,9.53315,217,2081,2298,bajo,bajo,bajo,0.0,0.0,0.0,1.0
381,2019-01-17,1,1,0,3,1,2,18.2139,127,2808,2935,bajo,bajo,bajo,0.0,0.0,0.0,1.0
382,2019-01-18,1,1,0,4,1,1,13.7627,109,3267,3376,medio,bajo,medio,0.0,0.0,0.0,1.0
383,2019-01-19,1,1,0,5,0,1,9.5019,130,3162,3292,bajo,bajo,medio,0.0,0.0,0.0,1.0
384,2019-01-20,1,1,0,6,0,2,11.0479,115,3048,3163,bajo,bajo,bajo,0.0,0.0,0.0,1.0
385,2019-01-21,1,1,0,0,1,2,8.74375,67,1234,1301,bajo,bajo,bajo,0.0,0.0,0.0,1.0
386,2019-01-22,1,1,0,1,1,2,8.1125,196,1781,1977,bajo,bajo,bajo,0.0,0.0,0.0,1.0
387,2019-01-23,1,1,0,2,1,2,12.1529,145,2287,2432,bajo,bajo,bajo,0.0,0.0,0.0,1.0
388,2019-01-24,1,1,0,3,1,1,17.4554,439,3900,4339,medio,bajo,medio,0.0,0.0,0.0,1.0
389,2019-01-25,1,1,0,4,1,1,14.74105,467,3803,4270,medio,bajo,medio,0.0,0.0,0.0,1.0
390,2019-01-26,1,1,0,5,0,2,17.8025,244,3831,4075,medio,bajo,medio,0.0,0.0,0.0,1.0
391,2019-01-27,1,1,0,6,0,2,20.76915,269,3187,3456,medio,bajo,medio,0.0,0.0,0.0,1.0
392,2019-01-28,1,1,0,0,1,1,16.31895,775,3248,4023,medio,bajo,medio,0.0,0.0,0.0,1.0
393,2019-01-29,1,1,0,1,1,1,13.63605,558,2685,3243,bajo,bajo,medio,0.0,0.0,0.0,1.0
394,2019-01-30,1,1,0,2,1,1,13.13125,126,3498,3624,medio,bajo,medio,0.0,0.0,0.0,1.0
395,2019-01-31,1,1,0,3,1,1,19.06585,324,4185,4509,medio,bajo,medio,0.0,0.0,0.0,1.0
396,2019-02-01,1,2,0,4,1,1,23.3269,304,4275,4579,medio,bajo,alto,0.0,0.0,0.0,1.0
397,2019-02-02,1,2,0,5,0,2,19.94855,190,3571,3761,medio,bajo,medio,0.0,0.0,0.0,1.0
398,2019-02-03,1,2,0,6,0,1,15.4673,310,3841,4151,medio,bajo,medio,0.0,0.0,0.0,1.0
399,2019-02-04,1,2,0,0,1,2,13.63625,384,2448,2832,bajo,bajo,bajo,0.0,0.0,0.0,1.0
400,2019-02-05,1,2,0,1,1,2,13.22605,318,2629,2947,bajo,bajo,bajo,0.0,0.0,0.0,1.0
401,2019-02-06,1,2,0,2,1,1,14.8213,206,3578,3784,medio,bajo,medio,0.0,0.0,0.0,1.0
402,2019-02-07,1,2,0,3,1,1,18.0552,199,4176,4375,medio,bajo,medio,0.0,0.0,0.0,1.0
403,2019-02-08,1,2,0,4,1,2,13.32105,109,2693,2802,bajo,bajo,bajo,0.0,0.0,0.0,1.0
404,2019-02-09,1,2,0,5,0,1,13.0994,163,3667,3830,medio,bajo,medio,0.0,0.0,0.0,1.0
405,2019-02-10,1,2,0,6,0,2,14.6779,227,3604,3831,medio,bajo,medio,0.0,0.0,0.0,1.0
406,2019-02-11,1,2,0,0,1,3,10.54335,192,1977,2169,bajo,bajo,bajo,0.0,0.0,0.0,1.0
407,2019-02-12,1,2,0,1,1,1,5.0829,73,1456,1529,bajo,bajo,bajo,0.0,0.0,0.0,1.0
408,2019-02-13,1,2,1,2,0,1,11.39565,94,3328,3422,medio,bajo,medio,0.0,0.0,0.0,1.0
409,2019-02-14,1,2,0,3,1,2,16.6973,135,3787,3922,medio,bajo,medio,0.0,0.0,0.0,1.0
410,2019-02-15,1,2,0,4,1,1,17.58145,141,4028,4169,medio,bajo,medio,0.0,0.0,0.0,1.0
411,2019-02-16,1,2,0,5,0,2,16.5081,74,2931,3005,bajo,bajo,bajo,0.0,0.0,0.0,1.0
412,2019-02-17,1,2,0,6,0,1,17.58145,349,3805,4154,medio,bajo,medio,0.0,0.0,0.0,1.0
413,2019-02-18,1,2,0,0,1,1,17.77125,1435,2883,4318,bajo,bajo,medio,0.0,0.0,0.0,1.0
414,2019-02-19,1,2,0,1,1,2,13.2894,618,2071,2689,bajo,bajo,bajo,0.0,0.0,0.0,1.0
415,2019-02-20,1,2,1,2,0,1,13.66955,502,2627,3129,bajo,bajo,bajo,0.0,0.0,0.0,1.0
416,2019-02-21,1,2,0,3,1,1,14.75565,163,3614,3777,medio,bajo,medio,0.0,0.0,0.0,1.0
417,2019-02-22,1,2,0,4,1,1,19.63335,394,4379,4773,medio,bajo,alto,0.0,0.0,0.0,1.0
418,2019-02-23,1,2,0,5,0,1,22.2223,516,4546,5062,medio,bajo,alto,0.0,0.0,0.0,1.0
419,2019-02-24,1,2,0,6,0,2,20.54855,246,3241,3487,medio,bajo,medio,0.0,0.0,0.0,1.0
420,2019-02-25,1,2,0,0,1,1,12.78375,317,2415,2732,bajo,bajo,bajo,0.0,0.0,0.0,1.0
421,2019-02-26,1,2,0,1,1,1,13.4154,515,2874,3389,bajo,bajo,medio,0.0,0.0,0.0,1.0
422,2019-02-27,1,2,0,2,1,1,17.8977,253,4069,4322,medio,bajo,medio,0.0,0.0,0.0,1.0
423,2019-02-28,1,2,0,3,1,1,17.67625,229,4134,4363,medio,bajo,medio,0.0,0.0,0.0,1.0
424,2019-03-01,1,3,0,4,1,1,23.76855,325,4665,4990,alto,bajo,alto,0.0,0.0,0.0,1.0
425,2019-03-02,1,3,0,5,0,2,17.9921,246,2948,3194,bajo,bajo,medio,0.0,0.0,0.0,1.0
426,2019-03-03,1,3,0,6,0,2,20.6746,956,3110,4066,bajo,bajo,medio,0.0,0.0,0.0,1.0
427,2019-03-04,1,3,0,0,1,1,15.15105,710,2713,3423,bajo,bajo,medio,0.0,0.0,0.0,1.0
428,2019-03-05,1,3,0,1,1,1,12.05855,203,3130,3333,bajo,bajo,medio,0.0,0.0,0.0,1.0
429,2019-03-06,1,3,0,2,1,1,12.7521,221,3735,3956,medio,bajo,medio,0.0,0.0,0.0,1.0
430,2019-03-07,1,3,0,3,1,1,19.255,432,4484,4916,medio,bajo,alto,0.0,0.0,0.0,1.0
431,2019-03-08,1,3,0,4,1,1,26.2302,486,4896,5382,alto,bajo,alto,0.0,0.0,0.0,1.0
432,2019-03-09,1,3,0,5,0,2,19.85415,447,4122,4569,medio,bajo,alto,0.0,0.0,0.0,1.0
433,2019-03-10,1,3,0,6,0,1,13.88835,968,3150,4118,bajo,bajo,medio,0.0,0.0,0.0,1.0
434,2019-03-11,1,3,0,0,1,1,17.9835,1658,3253,4911,medio,bajo,alto,0.0,0.0,0.0,1.0
435,2019-03-12,1,3,0,1,1,1,22.9796,838,4460,5298,medio,bajo,alto,0.0,0.0,0.0,1.0
436,2019-03-13,1,3,0,2,1,1,27.14645,762,5085,5847,alto,bajo,alto,0.0,0.0,0.0,1.0
437,2019-03-14,1,3,0,3,1,1,27.43085,997,5315,6312,alto,bajo,alto,0.0,0.0,0.0,1.0
438,2019-03-15,1,3,0,4,1,1,26.64125,1005,5187,6192,alto,bajo,alto,0.0,0.0,0.0,1.0
439,2019-03-16,1,3,0,5,0,2,21.81145,548,3830,4378,medio,bajo,medio,0.0,0.0,0.0,1.0
440,2019-03-17,1,3,0,6,0,2,25.2523,3155,4681,7836,alto,bajo,alto,0.0,0.0,0.0,1.0
441,2019-03-18,1,3,0,0,1,2,23.2,2207,3685,5892,medio,bajo,alto,0.0,0.0,0.0,1.0
442,2019-03-19,1,3,0,1,1,1,26.64105,982,5171,6153,alto,bajo,alto,0.0,0.0,0.0,1.0
443,2019-03-20,1,3,0,2,1,1,26.92665,1051,5042,6093,alto,bajo,alto,0.0,0.0,0.0,1.0
444,2019-03-21,1,3,0,3,1,2,25.6629,1122,5108,6230,alto,bajo,alto,0.0,1.0,0.0,0.0
445,2019-03-22,1,3,0,4,1,1,26.57835,1334,5537,6871,alto,bajo,alto,0.0,1.0,0.0,0.0
446,2019-03-23,1,3,0,5,0,2,28.50335,2469,5893,8362,alto,bajo,alto,0.0,1.0,0.0,0.0
447,2019-03-24,1,3,0,6,0,2,24.33665,1033,2339,3372,bajo,bajo,medio,0.0,1.0,0.0,0.0
448,2019-03-25,1,3,0,0,1,2,21.8744,1532,3464,4996,medio,bajo,alto,0.0,1.0,0.0,0.0
449,2019-03-26,1,3,0,1,1,1,21.9375,795,4763,5558,alto,bajo,alto,0.0,1.0,0.0,0.0
450,2019-03-27,1,3,0,2,1,1,15.7827,531,4571,5102,alto,bajo,alto,0.0,1.0,0.0,0.0
451,2019-03-28,1,3,0,3,1,1,23.5475,674,5024,5698,alto,bajo,alto,0.0,1.0,0.0,0.0
452,2019-03-29,1,3,0,4,1,1,24.1152,834,5299,6133,alto,bajo,alto,0.0,1.0,0.0,0.0
453,2019-03-30,1,3,0,5,0,2,18.78105,796,4663,5459,alto,bajo,alto,0.0,1.0,0.0,0.0
454,2019-03-31,1,3,1,6,0,2,21.0854,2301,3934,6235,medio,bajo,alto,0.0,1.0,0.0,0.0
455,2019-04-01,1,4,0,0,1,2,20.86435,2347,3694,6041,medio,bajo,alto,0.0,1.0,0.0,0.0
456,2019-04-02,1,4,0,1,1,1,21.37565,1208,4728,5936,alto,bajo,alto,0.0,1.0,0.0,0.0
457,2019-04-03,1,4,0,2,1,1,23.07415,1348,5424,6772,alto,bajo,alto,0.0,1.0,0.0,0.0
458,2019-04-04,1,4,0,3,1,1,26.6725,1058,5378,6436,alto,bajo,alto,0.0,1.0,0.0,0.0
459,2019-04-05,1,4,0,4,1,1,21.55815,1192,5265,6457,alto,bajo,alto,0.0,1.0,0.0,0.0
460,2019-04-06,1,4,0,5,0,1,19.53835,1807,4653,6460,alto,bajo,alto,0.0,1.0,0.0,0.0
461,2019-04-07,1,4,0,6,0,1,21.30645,3252,3605,6857,medio,medio,alto,0.0,1.0,0.0,0.0
462,2019-04-08,1,4,0,0,1,1,24.62125,2230,2939,5169,bajo,bajo,alto,0.0,1.0,0.0,0.0
463,2019-04-09,1,4,0,1,1,1,23.8319,905,4680,5585,alto,bajo,alto,0.0,1.0,0.0,0.0
464,2019-04-10,1,4,0,2,1,1,21.81165,819,5099,5918,alto,bajo,alto,0.0,1.0,0.0,0.0
465,2019-04-11,1,4,0,3,1,1,16.8637,482,4380,4862,medio,bajo,alto,0.0,1.0,0.0,0.0
466,2019-04-12,1,4,0,4,1,1,19.3802,663,4746,5409,alto,bajo,alto,0.0,1.0,0.0,0.0
467,2019-04-13,1,4,0,5,0,1,21.5904,1252,5146,6398,alto,bajo,alto,0.0,1.0,0.0,0.0
468,2019-04-14,1,4,0,6,0,1,24.3998,2795,4665,7460,alto,bajo,alto,0.0,1.0,0.0,0.0
469,2019-04-15,1,4,0,0,1,1,28.69375,2846,4286,7132,medio,bajo,alto,0.0,1.0,0.0,0.0
470,2019-04-16,1,4,0,1,1,1,30.74625,1198,5172,6370,alto,bajo,alto,0.0,1.0,0.0,0.0
471,2019-04-17,1,4,0,2,1,1,29.92435,989,5702,6691,alto,bajo,alto,0.0,1.0,0.0,0.0
472,2019-04-18,1,4,0,3,1,2,22.8519,347,4020,4367,medio,bajo,medio,0.0,1.0,0.0,0.0
473,2019-04-19,1,4,0,4,1,1,24.6523,846,5719,6565,alto,bajo,alto,0.0,1.0,0.0,0.0
474,2019-04-20,1,4,0,5,0,1,25.78875,1340,5950,7290,alto,bajo,alto,0.0,1.0,0.0,0.0
475,2019-04-21,1,4,0,6,0,1,27.14605,2541,4083,6624,medio,bajo,alto,0.0,1.0,0.0,0.0
476,2019-04-22,1,4,0,0,1,3,19.4752,120,907,1027,bajo,bajo,bajo,0.0,1.0,0.0,0.0
477,2019-04-23,1,4,0,1,1,2,15.05625,195,3019,3214,bajo,bajo,medio,0.0,1.0,0.0,0.0
478,2019-04-24,1,4,0,2,1,1,20.26415,518,5115,5633,alto,bajo,alto,0.0,1.0,0.0,0.0
479,2019-04-25,1,4,0,3,1,1,23.51585,655,5541,6196,alto,bajo,alto,0.0,1.0,0.0,0.0
480,2019-04-26,1,4,0,4,1,2,24.17915,475,4551,5026,alto,bajo,alto,0.0,1.0,0.0,0.0
481,2019-04-27,1,4,0,5,0,1,22.63185,1014,5219,6233,alto,bajo,alto,0.0,1.0,0.0,0.0
482,2019-04-28,1,4,0,6,0,2,18.8752,1120,3100,4220,bajo,bajo,medio,0.0,1.0,0.0,0.0
483,2019-04-29,1,4,0,0,1,1,22.50605,2229,4075,6304,medio,bajo,alto,0.0,1.0,0.0,0.0
484,2019-04-30,1,4,0,1,1,2,22.8848,665,4907,5572,alto,bajo,alto,0.0,1.0,0.0,0.0
485,2019-05-01,1,5,0,2,1,2,28.85105,653,5087,5740,alto,bajo,alto,0.0,1.0,0.0,0.0
486,2019-05-02,1,5,0,3,1,1,26.8948,667,5502,6169,alto,bajo,alto,0.0,1.0,0.0,0.0
487,2019-05-03,1,5,0,4,1,2,26.8621,764,5657,6421,alto,bajo,alto,0.0,1.0,0.0,0.0
488,2019-05-04,1,5,0,5,0,1,29.54585,1069,5227,6296,alto,bajo,alto,0.0,1.0,0.0,0.0
489,2019-05-05,1,5,0,6,0,2,29.2304,2496,4387,6883,medio,bajo,alto,0.0,1.0,0.0,0.0
490,2019-05-06,1,5,0,0,1,2,27.33685,2135,4224,6359,medio,bajo,alto,0.0,1.0,0.0,0.0
491,2019-05-07,1,5,0,1,1,2,26.3571,1008,5265,6273,alto,bajo,alto,0.0,1.0,0.0,0.0
492,2019-05-08,1,5,0,2,1,2,27.87355,738,4990,5728,alto,bajo,alto,0.0,1.0,0.0,0.0
493,2019-05-09,1,5,0,3,1,2,27.65125,620,4097,4717,medio,bajo,alto,0.0,1.0,0.0,0.0
494,2019-05-10,1,5,0,4,1,1,24.58915,1026,5546,6572,alto,bajo,alto,0.0,1.0,0.0,0.0
495,2019-05-11,1,5,0,5,0,1,26.04165,1319,5711,7030,alto,bajo,alto,0.0,1.0,0.0,0.0
496,2019-05-12,1,5,0,6,0,1,27.24085,2622,4807,7429,alto,bajo,alto,0.0,1.0,0.0,0.0
497,2019-05-13,1,5,0,0,1,1,29.2619,2172,3946,6118,medio,bajo,alto,0.0,1.0,0.0,0.0
498,2019-05-14,1,5,0,1,1,2,27.495,342,2501,2843,bajo,bajo,bajo,0.0,1.0,0.0,0.0
499,2019-05-15,1,5,0,2,1,2,28.8202,625,4490,5115,medio,bajo,alto,0.0,1.0,0.0,0.0
500,2019-05-16,1,5,0,3,1,1,29.79875,991,6433,7424,alto,bajo,alto,0.0,1.0,0.0,0.0
501,2019-05-17,1,5,0,4,1,1,28.63065,1242,6142,7384,alto,bajo,alto,0.0,1.0,0.0,0.0
502,2019-05-18,1,5,0,5,0,1,27.55605,1521,6118,7639,alto,bajo,alto,0.0,1.0,0.0,0.0
503,2019-05-19,1,5,0,6,0,1,28.3454,3410,4884,8294,alto,medio,alto,0.0,1.0,0.0,0.0
504,2019-05-20,1,5,0,0,1,1,29.19835,2704,4425,7129,medio,bajo,alto,0.0,1.0,0.0,0.0
505,2019-05-21,1,5,0,1,1,2,28.28335,630,3729,4359,medio,bajo,medio,0.0,1.0,0.0,0.0
506,2019-05-22,1,5,0,2,1,2,29.04125,819,5254,6073,alto,bajo,alto,0.0,1.0,0.0,0.0
507,2019-05-23,1,5,0,3,1,2,29.2306,766,4494,5260,medio,bajo,alto,0.0,1.0,0.0,0.0
508,2019-05-24,1,5,0,4,1,1,30.335,1059,5711,6770,alto,bajo,alto,0.0,1.0,0.0,0.0
509,2019-05-25,1,5,0,5,0,1,31.37645,1417,5317,6734,alto,bajo,alto,0.0,1.0,0.0,0.0
510,2019-05-26,1,5,0,6,0,1,32.1348,2855,3681,6536,medio,bajo,alto,0.0,1.0,0.0,0.0
511,2019-05-27,1,5,0,0,1,1,32.07125,3283,3308,6591,medio,medio,alto,0.0,1.0,0.0,0.0
512,2019-05-28,1,5,0,1,1,1,33.965,2557,3486,6043,medio,bajo,alto,0.0,1.0,0.0,0.0
513,2019-05-29,1,5,1,2,0,1,33.6496,880,4863,5743,alto,bajo,alto,0.0,1.0,0.0,0.0
514,2019-05-30,1,5,0,3,1,2,30.55645,745,6110,6855,alto,bajo,alto,0.0,1.0,0.0,0.0
515,2019-05-31,1,5,0,4,1,1,31.56645,1100,6238,7338,alto,bajo,alto,0.0,1.0,0.0,0.0
516,2019-06-01,1,6,0,5,0,2,30.3981,533,3594,4127,medio,bajo,medio,0.0,1.0,0.0,0.0
517,2019-06-02,1,6,0,6,0,1,28.3144,2795,5325,8120,alto,bajo,alto,0.0,1.0,0.0,0.0
518,2019-06-03,1,6,0,0,1,1,28.75665,2494,5147,7641,alto,bajo,alto,0.0,1.0,0.0,0.0
519,2019-06-04,1,6,0,1,1,1,28.91415,1071,5927,6998,alto,bajo,alto,0.0,1.0,0.0,0.0
520,2019-06-05,1,6,0,2,1,2,26.2946,968,6033,7001,alto,bajo,alto,0.0,1.0,0.0,0.0
521,2019-06-06,1,6,0,3,1,1,27.1146,1027,6028,7055,alto,bajo,alto,0.0,1.0,0.0,0.0
522,2019-06-07,1,6,0,4,1,1,28.4721,1038,6456,7494,alto,bajo,alto,0.0,1.0,0.0,0.0
523,2019-06-08,1,6,0,5,0,1,29.8931,1488,6248,7736,alto,bajo,alto,0.0,1.0,0.0,0.0
524,2019-06-09,1,6,0,6,0,1,32.41835,2708,4790,7498,alto,bajo,alto,0.0,1.0,0.0,0.0
525,2019-06-10,1,6,0,0,1,1,33.17585,2224,4374,6598,medio,bajo,alto,0.0,1.0,0.0,0.0
526,2019-06-11,1,6,0,1,1,2,32.98605,1017,5647,6664,alto,bajo,alto,0.0,1.0,0.0,0.0
527,2019-06-12,1,6,0,2,1,2,29.89375,477,4495,4972,medio,bajo,alto,0.0,1.0,0.0,0.0
528,2019-06-13,1,6,0,3,1,1,30.55585,1173,6248,7421,alto,bajo,alto,0.0,1.0,0.0,0.0
529,2019-06-14,1,6,0,4,1,1,31.21915,1180,6183,7363,alto,bajo,alto,0.0,1.0,0.0,0.0
530,2019-06-15,1,6,0,5,0,1,29.9877,1563,6102,7665,alto,bajo,alto,0.0,1.0,0.0,0.0
531,2019-06-16,1,6,0,6,0,1,29.7354,2963,4739,7702,alto,bajo,alto,0.0,1.0,0.0,0.0
532,2019-06-17,1,6,0,0,1,1,28.59875,2634,4344,6978,medio,bajo,alto,0.0,1.0,0.0,0.0
533,2019-06-18,1,6,0,1,1,2,27.2421,653,4446,5099,medio,bajo,alto,0.0,1.0,0.0,0.0
534,2019-06-19,1,6,0,2,1,1,32.7346,968,5857,6825,alto,bajo,alto,0.0,1.0,0.0,0.0
535,2019-06-20,1,6,0,3,1,1,36.04875,872,5339,6211,alto,bajo,alto,0.0,1.0,0.0,0.0
536,2019-06-21,1,6,0,4,1,1,37.6271,778,5127,5905,alto,bajo,alto,0.0,0.0,1.0,0.0
537,2019-06-22,1,6,0,5,0,1,36.20605,964,4859,5823,alto,bajo,alto,0.0,0.0,1.0,0.0
538,2019-06-23,1,6,0,6,0,1,32.6396,2657,4801,7458,alto,bajo,alto,0.0,0.0,1.0,0.0
539,2019-06-24,1,6,0,0,1,1,33.7127,2551,4340,6891,medio,bajo,alto,0.0,0.0,1.0,0.0
540,2019-06-25,1,6,0,1,1,1,32.7021,1139,5640,6779,alto,bajo,alto,0.0,0.0,1.0,0.0
541,2019-06-26,1,6,0,2,1,1,29.7352,1077,6365,7442,alto,bajo,alto,0.0,0.0,1.0,0.0
542,2019-06-27,1,6,0,3,1,1,32.0396,1077,6258,7335,alto,bajo,alto,0.0,0.0,1.0,0.0
543,2019-06-28,1,6,0,4,1,1,33.7756,921,5958,6879,alto,bajo,alto,0.0,0.0,1.0,0.0
544,2019-06-29,1,6,0,5,0,1,39.33065,829,4634,5463,alto,bajo,alto,0.0,0.0,1.0,0.0
545,2019-06-30,1,6,0,6,0,1,34.3754,1455,4232,5687,medio,bajo,alto,0.0,0.0,1.0,0.0
546,2019-07-01,1,7,0,0,1,1,37.53145,1421,4110,5531,medio,bajo,alto,0.0,0.0,1.0,0.0
547,2019-07-02,1,7,0,1,1,1,35.1019,904,5323,6227,alto,bajo,alto,0.0,0.0,1.0,0.0
548,2019-07-03,1,7,0,2,1,1,35.1325,1052,5608,6660,alto,bajo,alto,0.0,0.0,1.0,0.0
549,2019-07-04,1,7,1,3,0,1,36.61685,2562,4841,7403,alto,bajo,alto,0.0,0.0,1.0,0.0
550,2019-07-05,1,7,1,4,0,1,38.06835,1405,4836,6241,alto,bajo,alto,0.0,0.0,1.0,0.0
551,2019-07-06,1,7,0,5,0,1,37.62665,1366,4841,6207,alto,bajo,alto,0.0,0.0,1.0,0.0
552,2019-07-07,1,7,0,6,0,1,40.24565,1448,3392,4840,medio,bajo,alto,0.0,0.0,1.0,0.0
553,2019-07-08,1,7,0,0,1,1,39.5198,1203,3469,4672,medio,bajo,alto,0.0,0.0,1.0,0.0
554,2019-07-09,1,7,0,1,1,2,32.7027,998,5571,6569,alto,bajo,alto,0.0,0.0,1.0,0.0
555,2019-07-10,1,7,0,2,1,2,33.2398,954,5336,6290,alto,bajo,alto,0.0,0.0,1.0,0.0
556,2019-07-11,1,7,0,3,1,1,32.51355,975,6289,7264,alto,bajo,alto,0.0,0.0,1.0,0.0
557,2019-07-12,1,7,0,4,1,1,32.73415,1032,6414,7446,alto,bajo,alto,0.0,0.0,1.0,0.0
558,2019-07-13,1,7,0,5,0,2,33.39665,1511,5988,7499,alto,bajo,alto,0.0,0.0,1.0,0.0
559,2019-07-14,1,7,0,6,0,2,33.3021,2355,4614,6969,alto,bajo,alto,0.0,0.0,1.0,0.0
560,2019-07-15,1,7,0,0,1,1,35.2598,1920,4111,6031,medio,bajo,alto,0.0,0.0,1.0,0.0
561,2019-07-16,1,7,0,1,1,1,36.20625,1088,5742,6830,alto,bajo,alto,0.0,0.0,1.0,0.0
562,2019-07-17,1,7,0,2,1,1,37.78415,921,5865,6786,alto,bajo,alto,0.0,0.0,1.0,0.0
563,2019-07-18,1,7,0,3,1,1,37.27915,799,4914,5713,alto,bajo,alto,0.0,0.0,1.0,0.0
564,2019-07-19,1,7,0,4,1,1,35.7321,888,5703,6591,alto,bajo,alto,0.0,0.0,1.0,0.0
565,2019-07-20,1,7,0,5,0,2,30.65125,747,5123,5870,alto,bajo,alto,0.0,0.0,1.0,0.0
566,2019-07-21,1,7,0,6,0,3,27.4956,1264,3195,4459,medio,bajo,medio,0.0,0.0,1.0,0.0
567,2019-07-22,1,7,0,0,1,2,31.15625,2544,4866,7410,alto,bajo,alto,0.0,0.0,1.0,0.0
568,2019-07-23,1,7,0,1,1,1,34.50085,1135,5831,6966,alto,bajo,alto,0.0,0.0,1.0,0.0
569,2019-07-24,1,7,0,2,1,1,35.3225,1140,6452,7592,alto,bajo,alto,0.0,0.0,1.0,0.0
570,2019-07-25,1,7,0,3,1,1,32.7027,1383,6790,8173,alto,bajo,alto,0.0,0.0,1.0,0.0
571,2019-07-26,1,7,0,4,1,1,36.96315,1036,5825,6861,alto,bajo,alto,0.0,0.0,1.0,0.0
572,2019-07-27,1,7,0,5,0,1,36.71085,1259,5645,6904,alto,bajo,alto,0.0,0.0,1.0,0.0
573,2019-07-28,1,7,1,6,0,1,34.8802,2234,4451,6685,medio,bajo,alto,0.0,0.0,1.0,0.0
574,2019-07-29,1,7,0,0,1,1,33.39665,2153,4444,6597,medio,bajo,alto,0.0,0.0,1.0,0.0
575,2019-07-30,1,7,0,1,1,1,34.24935,1040,6065,7105,alto,bajo,alto,0.0,0.0,1.0,0.0
576,2019-07-31,1,7,0,2,1,1,33.1448,968,6248,7216,alto,bajo,alto,0.0,0.0,1.0,0.0
577,2019-08-01,1,8,0,3,1,1,33.3654,1074,6506,7580,alto,bajo,alto,0.0,0.0,1.0,0.0
578,2019-08-02,1,8,0,4,1,1,35.3544,983,6278,7261,alto,bajo,alto,0.0,0.0,1.0,0.0
579,2019-08-03,1,8,0,5,0,2,36.14335,1328,5847,7175,alto,bajo,alto,0.0,0.0,1.0,0.0
580,2019-08-04,1,8,0,6,0,1,37.56335,2345,4479,6824,medio,bajo,alto,0.0,0.0,1.0,0.0
581,2019-08-05,1,8,0,0,1,1,36.55395,1707,3757,5464,medio,bajo,alto,0.0,0.0,1.0,0.0
582,2019-08-06,1,8,0,1,1,2,35.5123,1233,5780,7013,alto,bajo,alto,0.0,0.0,1.0,0.0
583,2019-08-07,1,8,0,2,1,2,34.88105,1278,5995,7273,alto,bajo,alto,0.0,0.0,1.0,0.0
584,2019-08-08,1,8,0,3,1,2,35.38585,1263,6271,7534,alto,bajo,alto,0.0,0.0,1.0,0.0
585,2019-08-09,1,8,0,4,1,1,34.9754,1196,6090,7286,alto,bajo,alto,0.0,0.0,1.0,0.0
586,2019-08-10,1,8,0,5,0,2,33.3971,1065,4721,5786,alto,bajo,alto,0.0,0.0,1.0,0.0
587,2019-08-11,1,8,0,6,0,2,31.91335,2247,4052,6299,medio,bajo,alto,0.0,0.0,1.0,0.0
588,2019-08-12,1,8,0,0,1,1,32.22895,2182,4362,6544,medio,bajo,alto,0.0,0.0,1.0,0.0
589,2019-08-13,1,8,0,1,1,1,33.1127,1207,5676,6883,alto,bajo,alto,0.0,0.0,1.0,0.0
590,2019-08-14,1,8,0,2,1,1,33.83895,1128,5656,6784,alto,bajo,alto,0.0,0.0,1.0,0.0
591,2019-08-15,1,8,0,3,1,1,32.70185,1198,6149,7347,alto,bajo,alto,0.0,0.0,1.0,0.0
592,2019-08-16,1,8,0,4,1,1,32.7344,1338,6267,7605,alto,bajo,alto,0.0,0.0,1.0,0.0
593,2019-08-17,1,8,0,5,0,1,12.12,1483,5665,7148,alto,bajo,alto,0.0,0.0,1.0,0.0
594,2019-08-18,1,8,0,6,0,1,30.90355,2827,5038,7865,alto,bajo,alto,0.0,0.0,1.0,0.0
595,2019-08-19,1,8,0,0,1,2,30.1777,1208,3341,4549,medio,bajo,alto,0.0,0.0,1.0,0.0
596,2019-08-20,1,8,0,1,1,2,29.79835,1026,5504,6530,alto,bajo,alto,0.0,0.0,1.0,0.0
597,2019-08-21,1,8,0,2,1,1,30.05125,1081,5925,7006,alto,bajo,alto,0.0,0.0,1.0,0.0
598,2019-08-22,1,8,0,3,1,1,31.0927,1094,6281,7375,alto,bajo,alto,0.0,0.0,1.0,0.0
599,2019-08-23,1,8,0,4,1,1,31.8504,1363,6402,7765,alto,bajo,alto,0.0,0.0,1.0,0.0
600,2019-08-24,1,8,0,5,0,2,32.355,1325,6257,7582,alto,bajo,alto,0.0,0.0,1.0,0.0
601,2019-08-25,1,8,0,6,0,2,30.9348,1829,4224,6053,medio,bajo,alto,0.0,0.0,1.0,0.0
602,2019-08-26,1,8,0,0,1,2,29.7998,1483,3772,5255,medio,bajo,alto,0.0,0.0,1.0,0.0
603,2019-08-27,1,8,0,1,1,1,32.7344,989,5928,6917,alto,bajo,alto,0.0,0.0,1.0,0.0
604,2019-08-28,1,8,0,2,1,1,33.3025,935,6105,7040,alto,bajo,alto,0.0,0.0,1.0,0.0
605,2019-08-29,1,8,0,3,1,1,31.78665,1177,6520,7697,alto,bajo,alto,0.0,0.0,1.0,0.0
606,2019-08-30,1,8,0,4,1,1,32.63895,1172,6541,7713,alto,bajo,alto,0.0,0.0,1.0,0.0
607,2019-08-31,1,8,0,5,0,1,34.47,1433,5917,7350,alto,bajo,alto,0.0,0.0,1.0,0.0
608,2019-09-01,1,9,0,6,0,2,35.1327,2352,3788,6140,medio,bajo,alto,0.0,0.0,1.0,0.0
609,2019-09-02,1,9,0,0,1,2,32.45,2613,3197,5810,medio,bajo,alto,0.0,0.0,1.0,0.0
610,2019-09-03,1,9,0,1,1,1,33.08145,1965,4069,6034,medio,bajo,alto,0.0,0.0,1.0,0.0
611,2019-09-04,1,9,1,2,0,1,34.3444,867,5997,6864,alto,bajo,alto,0.0,0.0,1.0,0.0
612,2019-09-05,1,9,0,3,1,1,35.44915,832,6280,7112,alto,bajo,alto,0.0,0.0,1.0,0.0
613,2019-09-06,1,9,0,4,1,2,32.76645,611,5592,6203,alto,bajo,alto,0.0,0.0,1.0,0.0
614,2019-09-07,1,9,0,5,0,1,32.8602,1045,6459,7504,alto,bajo,alto,0.0,0.0,1.0,0.0
615,2019-09-08,1,9,0,6,0,2,30.55605,1557,4419,5976,medio,bajo,alto,0.0,0.0,1.0,0.0
616,2019-09-09,1,9,0,0,1,1,28.94625,2570,5657,8227,alto,bajo,alto,0.0,0.0,1.0,0.0
617,2019-09-10,1,9,0,1,1,1,28.2827,1118,6407,7525,alto,bajo,alto,0.0,0.0,1.0,0.0
618,2019-09-11,1,9,0,2,1,1,27.7146,1070,6697,7767,alto,bajo,alto,0.0,0.0,1.0,0.0
619,2019-09-12,1,9,0,3,1,1,28.50375,1050,6820,7870,alto,bajo,alto,0.0,0.0,1.0,0.0
620,2019-09-13,1,9,0,4,1,1,28.9779,1054,6750,7804,alto,bajo,alto,0.0,0.0,1.0,0.0
621,2019-09-14,1,9,0,5,0,1,29.70415,1379,6630,8009,alto,bajo,alto,0.0,0.0,1.0,0.0
622,2019-09-15,1,9,0,6,0,1,29.29335,3160,5554,8714,alto,bajo,alto,0.0,0.0,1.0,0.0
623,2019-09-16,1,9,0,0,1,1,28.15625,2166,5167,7333,alto,bajo,alto,0.0,0.0,1.0,0.0
624,2019-09-17,1,9,0,1,1,2,27.6525,1022,5847,6869,alto,bajo,alto,0.0,0.0,1.0,0.0
625,2019-09-18,1,9,0,2,1,2,28.25335,371,3702,4073,medio,bajo,medio,0.0,0.0,1.0,0.0
626,2019-09-19,1,9,0,3,1,1,27.0202,788,6803,7591,alto,bajo,alto,0.0,0.0,1.0,0.0
627,2019-09-20,1,9,0,4,1,1,26.6096,939,6781,7720,alto,bajo,alto,0.0,0.0,1.0,0.0
628,2019-09-21,1,9,0,5,0,1,28.59855,1250,6917,8167,alto,bajo,alto,0.0,0.0,1.0,0.0
629,2019-09-22,1,9,0,6,0,1,30.5244,2512,5883,8395,alto,bajo,alto,0.0,0.0,1.0,0.0
630,2019-09-23,1,9,0,0,1,1,25.94665,2454,5453,7907,alto,bajo,alto,1.0,0.0,0.0,0.0
631,2019-09-24,1,9,0,1,1,1,25.12565,1001,6435,7436,alto,bajo,alto,1.0,0.0,0.0,0.0
632,2019-09-25,1,9,0,2,1,1,27.20895,845,6693,7538,alto,bajo,alto,1.0,0.0,0.0,0.0
633,2019-09-26,1,9,0,3,1,1,29.83065,787,6946,7733,alto,bajo,alto,1.0,0.0,0.0,0.0
634,2019-09-27,1,9,0,4,1,2,30.39875,751,6642,7393,alto,bajo,alto,1.0,0.0,0.0,0.0
635,2019-09-28,1,9,0,5,0,2,29.29315,1045,6370,7415,alto,bajo,alto,1.0,0.0,0.0,0.0
636,2019-09-29,1,9,0,6,0,1,26.5148,2589,5966,8555,alto,bajo,alto,1.0,0.0,0.0,0.0
637,2019-09-30,1,9,0,0,1,1,25.88315,2015,4874,6889,alto,bajo,alto,1.0,0.0,0.0,0.0
638,2019-10-01,1,10,0,1,1,2,25.6,763,6015,6778,alto,bajo,alto,1.0,0.0,0.0,0.0
639,2019-10-02,1,10,0,2,1,3,27.11665,315,4324,4639,medio,bajo,alto,1.0,0.0,0.0,0.0
640,2019-10-03,1,10,0,3,1,2,29.95665,728,6844,7572,alto,bajo,alto,1.0,0.0,0.0,0.0
641,2019-10-04,1,10,0,4,1,2,30.39875,891,6437,7328,alto,bajo,alto,1.0,0.0,0.0,0.0
642,2019-10-05,1,10,0,5,0,1,29.00935,1516,6640,8156,alto,bajo,alto,1.0,0.0,0.0,0.0
643,2019-10-06,1,10,0,6,0,1,26.92605,3031,4934,7965,alto,bajo,alto,1.0,0.0,0.0,0.0
644,2019-10-07,1,10,0,0,1,2,20.99065,781,2729,3510,bajo,bajo,medio,1.0,0.0,0.0,0.0
645,2019-10-08,1,10,0,1,1,2,19.3804,874,4604,5478,alto,bajo,alto,1.0,0.0,0.0,0.0
646,2019-10-09,1,10,0,2,1,2,21.9056,601,5791,6392,alto,bajo,alto,1.0,0.0,0.0,0.0
647,2019-10-10,1,10,0,3,1,1,25.1571,780,6911,7691,alto,bajo,alto,1.0,0.0,0.0,0.0
648,2019-10-11,1,10,0,4,1,1,21.55835,834,6736,7570,alto,bajo,alto,1.0,0.0,0.0,0.0
649,2019-10-12,1,10,0,5,0,1,21.65355,1060,6222,7282,alto,bajo,alto,1.0,0.0,0.0,0.0
650,2019-10-13,1,10,0,6,0,1,19.5698,2252,4857,7109,alto,bajo,alto,1.0,0.0,0.0,0.0
651,2019-10-14,1,10,0,0,1,1,25.4102,2080,4559,6639,alto,bajo,alto,1.0,0.0,0.0,0.0
652,2019-10-15,1,10,0,1,1,2,26.9575,760,5115,5875,alto,bajo,alto,1.0,0.0,0.0,0.0
653,2019-10-16,1,10,0,2,1,1,23.0423,922,6612,7534,alto,bajo,alto,1.0,0.0,0.0,0.0
654,2019-10-17,1,10,0,3,1,1,22.5054,979,6482,7461,alto,bajo,alto,1.0,0.0,0.0,0.0
655,2019-10-18,1,10,0,4,1,2,25.63125,1008,6501,7509,alto,bajo,alto,1.0,0.0,0.0,0.0
656,2019-10-19,1,10,0,5,0,2,26.8948,753,4671,5424,alto,bajo,alto,1.0,0.0,0.0,0.0
657,2019-10-20,1,10,0,6,0,1,23.6421,2806,5284,8090,alto,bajo,alto,1.0,0.0,0.0,0.0
658,2019-10-21,1,10,0,0,1,1,22.82145,2132,4692,6824,alto,bajo,alto,1.0,0.0,0.0,0.0
659,2019-10-22,1,10,0,1,1,1,24.1471,830,6228,7058,alto,bajo,alto,1.0,0.0,0.0,0.0
660,2019-10-23,1,10,0,2,1,1,26.5152,841,6625,7466,alto,bajo,alto,1.0,0.0,0.0,0.0
661,2019-10-24,1,10,0,3,1,1,27.93605,795,6898,7693,alto,bajo,alto,1.0,0.0,0.0,0.0
662,2019-10-25,1,10,0,4,1,2,26.4844,875,6484,7359,alto,bajo,alto,1.0,0.0,0.0,0.0
663,2019-10-26,1,10,0,5,0,2,26.1375,1182,6262,7444,alto,bajo,alto,1.0,0.0,0.0,0.0
664,2019-10-27,1,10,0,6,0,2,25.75665,2643,5209,7852,alto,bajo,alto,1.0,0.0,0.0,0.0
665,2019-10-28,1,10,0,0,1,2,23.38855,998,3461,4459,medio,bajo,medio,1.0,0.0,0.0,0.0
666,2019-10-29,1,10,0,1,1,3,21.97,2,20,22,bajo,bajo,bajo,1.0,0.0,0.0,0.0
667,2019-10-30,1,10,0,2,1,2,15.49545,87,1009,1096,bajo,bajo,bajo,1.0,0.0,0.0,0.0
668,2019-10-31,1,10,0,3,1,2,18.055,419,5147,5566,alto,bajo,alto,1.0,0.0,0.0,0.0
669,2019-11-01,1,11,0,4,1,2,18.4971,466,5520,5986,alto,bajo,alto,1.0,0.0,0.0,0.0
670,2019-11-02,1,11,0,5,0,1,17.8021,618,5229,5847,alto,bajo,alto,1.0,0.0,0.0,0.0
671,2019-11-03,1,11,0,6,0,2,16.1923,1029,4109,5138,medio,bajo,alto,1.0,0.0,0.0,0.0
672,2019-11-04,1,11,0,0,1,1,16.4769,1201,3906,5107,medio,bajo,alto,1.0,0.0,0.0,0.0
673,2019-11-05,1,11,0,1,1,1,15.40375,378,4881,5259,alto,bajo,alto,1.0,0.0,0.0,0.0
674,2019-11-06,1,11,0,2,1,1,14.07835,466,5220,5686,alto,bajo,alto,1.0,0.0,0.0,0.0
675,2019-11-07,1,11,0,3,1,2,13.73105,326,4709,5035,alto,bajo,alto,1.0,0.0,0.0,0.0
676,2019-11-08,1,11,0,4,1,1,17.09455,340,4975,5315,alto,bajo,alto,1.0,0.0,0.0,0.0
677,2019-11-09,1,11,0,5,0,1,17.77065,709,5283,5992,alto,bajo,alto,1.0,0.0,0.0,0.0
678,2019-11-10,1,11,1,6,0,1,19.69685,2090,4446,6536,medio,bajo,alto,1.0,0.0,0.0,0.0
679,2019-11-11,1,11,0,0,1,1,21.08565,2290,4562,6852,alto,bajo,alto,1.0,0.0,0.0,0.0
680,2019-11-12,1,11,0,1,1,1,23.76915,1097,5172,6269,alto,bajo,alto,1.0,0.0,0.0,0.0
681,2019-11-13,1,11,0,2,1,2,16.16125,327,3767,4094,medio,bajo,medio,1.0,0.0,0.0,0.0
682,2019-11-14,1,11,0,3,1,1,14.07815,373,5122,5495,alto,bajo,alto,1.0,0.0,0.0,0.0
683,2019-11-15,1,11,0,4,1,2,16.2246,320,5125,5445,alto,bajo,alto,1.0,0.0,0.0,0.0
684,2019-11-16,1,11,0,5,0,1,17.3602,484,5214,5698,alto,bajo,alto,1.0,0.0,0.0,0.0
685,2019-11-17,1,11,0,6,0,1,16.31915,1313,4316,5629,medio,bajo,alto,1.0,0.0,0.0,0.0
686,2019-11-18,1,11,0,0,1,1,16.8873,922,3747,4669,medio,bajo,alto,1.0,0.0,0.0,0.0
687,2019-11-19,1,11,0,1,1,2,18.78105,449,5050,5499,alto,bajo,alto,1.0,0.0,0.0,0.0
688,2019-11-20,1,11,0,2,1,2,19.03335,534,5100,5634,alto,bajo,alto,1.0,0.0,0.0,0.0
689,2019-11-21,1,11,0,3,1,1,18.2446,615,4531,5146,medio,bajo,alto,1.0,0.0,0.0,0.0
690,2019-11-22,1,11,0,4,1,1,17.51855,955,1470,2425,bajo,bajo,bajo,1.0,0.0,0.0,0.0
691,2019-11-23,1,11,1,5,0,1,18.93895,1603,2307,3910,bajo,bajo,medio,1.0,0.0,0.0,0.0
692,2019-11-24,1,11,1,6,0,1,12.4371,532,1745,2277,bajo,bajo,bajo,1.0,0.0,0.0,0.0
693,2019-11-25,1,11,0,0,1,1,12.87915,309,2115,2424,bajo,bajo,bajo,1.0,0.0,0.0,0.0
694,2019-11-26,1,11,0,1,1,1,16.9502,337,4750,5087,alto,bajo,alto,1.0,0.0,0.0,0.0
695,2019-11-27,1,11,0,2,1,2,14.0779,123,3836,3959,medio,bajo,medio,1.0,0.0,0.0,0.0
696,2019-11-28,1,11,0,3,1,1,14.4881,198,5062,5260,alto,bajo,alto,1.0,0.0,0.0,0.0
697,2019-11-29,1,11,0,4,1,1,14.9211,243,5080,5323,alto,bajo,alto,1.0,0.0,0.0,0.0
698,2019-11-30,1,11,0,5,0,1,16.19335,362,5306,5668,alto,bajo,alto,1.0,0.0,0.0,0.0
699,2019-12-01,1,12,0,6,0,2,15.8452,951,4240,5191,medio,bajo,alto,1.0,0.0,0.0,0.0
700,2019-12-02,1,12,0,0,1,2,17.9604,892,3757,4649,medio,bajo,alto,1.0,0.0,0.0,0.0
701,2019-12-03,1,12,0,1,1,1,22.7898,555,5679,6234,alto,bajo,alto,1.0,0.0,0.0,0.0
702,2019-12-04,1,12,0,2,1,1,23.4527,551,6055,6606,alto,bajo,alto,1.0,0.0,0.0,0.0
703,2019-12-05,1,12,0,3,1,1,21.4006,331,5398,5729,alto,bajo,alto,1.0,0.0,0.0,0.0
704,2019-12-06,1,12,0,4,1,1,12.9102,340,5035,5375,alto,bajo,alto,1.0,0.0,0.0,0.0
705,2019-12-07,1,12,0,5,0,2,16.0979,349,4659,5008,alto,bajo,alto,1.0,0.0,0.0,0.0
706,2019-12-08,1,12,0,6,0,2,19.4754,1153,4429,5582,medio,bajo,alto,1.0,0.0,0.0,0.0
707,2019-12-09,1,12,0,0,1,2,19.5073,441,2787,3228,bajo,bajo,medio,1.0,0.0,0.0,0.0
708,2019-12-10,1,12,0,1,1,2,21.77875,329,4841,5170,alto,bajo,alto,1.0,0.0,0.0,0.0
709,2019-12-11,1,12,0,2,1,2,16.91815,282,5219,5501,alto,bajo,alto,1.0,0.0,0.0,0.0
710,2019-12-12,1,12,0,3,1,2,14.8669,310,5009,5319,alto,bajo,alto,1.0,0.0,0.0,0.0
711,2019-12-13,1,12,0,4,1,1,14.7094,425,5107,5532,alto,bajo,alto,1.0,0.0,0.0,0.0
712,2019-12-14,1,12,0,5,0,1,14.7096,429,5182,5611,alto,bajo,alto,1.0,0.0,0.0,0.0
713,2019-12-15,1,12,0,6,0,1,16.91915,767,4280,5047,medio,bajo,alto,1.0,0.0,0.0,0.0
714,2019-12-16,1,12,0,0,1,2,18.4969,538,3248,3786,medio,bajo,medio,1.0,0.0,0.0,0.0
715,2019-12-17,1,12,0,1,1,2,20.075,212,4373,4585,medio,bajo,alto,1.0,0.0,0.0,0.0
716,2019-12-18,1,12,0,2,1,1,20.4854,433,5124,5557,alto,bajo,alto,1.0,0.0,0.0,0.0
717,2019-12-19,1,12,0,3,1,1,17.1081,333,4934,5267,alto,bajo,alto,1.0,0.0,0.0,0.0
718,2019-12-20,1,12,0,4,1,2,16.76085,314,3814,4128,medio,bajo,medio,1.0,0.0,0.0,0.0
719,2019-12-21,1,12,0,5,0,2,15.08835,221,3402,3623,medio,bajo,medio,0.0,0.0,0.0,1.0
720,2019-12-22,1,12,0,6,0,1,11.80565,205,1544,1749,bajo,bajo,bajo,0.0,0.0,0.0,1.0
721,2019-12-23,1,12,0,0,1,1,12.97355,408,1379,1787,bajo,bajo,bajo,0.0,0.0,0.0,1.0
722,2019-12-24,1,12,1,1,0,2,12.945,174,746,920,bajo,bajo,bajo,0.0,0.0,0.0,1.0
723,2019-12-25,1,12,1,2,0,2,14.72325,440,573,1013,bajo,bajo,bajo,0.0,0.0,0.0,1.0
724,2019-12-26,1,12,0,3,1,3,11.01665,9,432,441,bajo,bajo,bajo,0.0,0.0,0.0,1.0
725,2019-12-27,1,12,0,4,1,2,11.3321,247,1867,2114,bajo,bajo,bajo,0.0,0.0,0.0,1.0
726,2019-12-28,1,12,0,5,0,2,12.7523,644,2451,3095,bajo,bajo,bajo,0.0,0.0,0.0,1.0
727,2019-12-29,1,12,0,6,0,2,12.12,159,1182,1341,bajo,bajo,bajo,0.0,0.0,0.0,1.0
728,2019-12-30,1,12,0,0,1,1,11.585,364,1432,1796,bajo,bajo,bajo,0.0,0.0,0.0,1.0
729,2019-12-31,1,12,1,1,0,2,11.17435,439,2290,2729,bajo,bajo,bajo,0.0,0.0,0.0,1.0
