,casual,seasons,yr,mnth,holiday_num,weekday_num,workingday_num,weathersit,atemp,hum,windspeed
0,331,-1.0,-0.5,-1.0,1.0,-0.75,-1.0,1.0,-0.4563991203197833,0.8635876721463009,-0.2161203300390837
1,131,-1.0,-0.5,-1.0,0.0,-0.5,0.0,1.0,-0.4928625107770049,0.33522219841749384,0.7112842310273586
2,120,-1.0,-0.5,-1.0,0.0,-0.25,0.0,0.0,-1.098989843105253,-0.9108221377555562,0.7088628916582229
3,108,-1.0,-0.5,-1.0,0.0,0.0,0.0,0.0,-1.0152007634960376,-0.1734329601340337,-0.2176994644102592
4,82,-1.0,-0.5,-1.0,0.0,0.25,0.0,0.0,-0.9519523091605695,-0.9123435006270803,0.06237580766143351
5,88,-1.0,-0.5,-1.0,0.0,0.5,-1.0,0.0,-0.9374237541321458,-0.5209103142143917,-0.9623223802818757
6,148,-1.0,-0.5,-1.0,0.0,0.75,-1.0,1.0,-1.0273097368797173,-0.6151048223832918,-0.12895211275019425
7,68,-1.0,-0.5,-1.0,0.0,-0.75,0.0,1.0,-1.1991332291364107,-0.43631098390292133,0.9035701596241662
8,54,-1.0,-0.5,-1.0,0.0,-0.5,0.0,0.0,-1.3690903977463962,-0.9257757867395892,1.9052256188232821
9,41,-1.0,-0.5,-1.0,0.0,-0.25,0.0,0.0,-1.2410554318409202,-0.6910718627307016,0.44523167217170445
10,43,-1.0,-0.5,-1.0,0.0,0.0,0.0,1.0,-1.0913954549855465,0.2884114034813211,-0.6194733586872132
11,25,-1.0,-0.5,-1.0,0.0,0.25,0.0,0.0,-1.205702245766424,-0.1295734165910395,1.3017541550973142
12,38,-1.0,-0.5,-1.0,0.0,0.5,-1.0,0.0,-1.2410738737741882,-0.7512523560663138,1.2635706860022902
13,54,-1.0,-0.5,-1.0,0.0,0.75,-1.0,0.0,-1.1026487226655972,-0.42671580604549125,-0.5729836427998053
14,222,-1.0,-0.5,-1.0,0.0,-0.75,0.0,1.0,-0.882455727833949,-0.6148448426520818,-0.24226026766327607
15,251,-1.0,-0.5,-1.0,1.0,-0.5,-1.0,0.0,-0.9337058603853443,-0.6870614346548164,0.07851456093484764
16,117,-1.0,-0.5,-1.0,0.0,-0.25,0.0,1.0,-1.145588920086493,-0.4282853133116841,0.13730046979247534
17,9,-1.0,-0.5,-1.0,0.0,0.0,0.0,1.0,-0.9406547808406758,1.1323970853383472,-0.3600426366280217
18,78,-1.0,-0.5,-1.0,0.0,0.25,0.0,1.0,-0.6968929952926968,0.5550109889580833,0.2878446131778763
19,83,-1.0,-0.5,-1.0,0.0,0.5,-1.0,1.0,-0.8568657012314603,-0.42427488523579887,0.15716598018186356
20,75,-1.0,-0.5,-1.0,0.0,0.75,-1.0,0.0,-1.2154395865318564,-0.815448091917278,1.813551604795305
21,93,-1.0,-0.5,-1.0,0.0,-0.75,0.0,0.0,-1.50594945988188,-1.090270740003418,-0.09480070008290449
22,150,-1.0,-0.5,-1.0,0.0,-0.5,0.0,0.0,-1.4330318999340705,-0.9144377817951597,0.6908712873892965
23,86,-1.0,-0.5,-1.0,0.0,-0.25,0.0,0.0,-1.3626172791693756,-0.6485988777541598,-0.23839665223513318
24,186,-1.0,-0.5,-1.0,0.0,0.0,0.0,1.0,-0.9325661489093904,-0.045744396594265206,-0.5387901198826178
25,34,-1.0,-0.5,-1.0,0.0,0.25,0.0,2.0,-1.0466331945577858,1.136407513414232,1.1882986143095895
26,15,-1.0,-0.5,-1.0,0.0,0.5,-1.0,0.0,-0.9872501694352621,0.2938806067156618,-0.7067994894132201
27,38,-1.0,-0.5,-1.0,0.0,0.75,-1.0,1.0,-0.9739092749092889,0.8020109913653028,-0.6071771657169928
28,123,-1.0,-0.5,-1.0,0.0,-0.75,0.0,0.0,-1.0151860099494232,0.12171143694167581,-0.3748864997170719
29,140,-1.0,-0.5,-1.0,0.0,-0.5,0.0,0.0,-0.8743043933295529,0.46081648078918297,-1.1263691752970748
30,42,-1.0,-0.5,-1.0,0.0,-0.25,0.0,1.0,-1.1106267029972754,-0.1093286986329397,0.06544985590398868
31,47,-1.0,-0.5,-0.8333333333333334,0.0,0.0,0.0,1.0,-0.9325513953627761,0.9778439495735614,-1.345022436867524
32,72,-1.0,-0.5,-0.8333333333333334,0.0,0.25,0.0,1.0,-0.8592004499831719,0.7171516813226232,0.877293363687805
33,61,-1.0,-0.5,-0.8333333333333334,0.0,0.5,-1.0,0.0,-1.1415058760609877,-0.9081597527303885,1.0188259135950308
34,88,-1.0,-0.5,-0.8333333333333334,0.0,0.75,-1.0,1.0,-0.9544714772449598,-0.19855470527205157,-0.5593925596452213
35,100,-1.0,-0.5,-0.8333333333333334,0.0,-0.75,0.0,1.0,-0.9010968339811064,1.4573717493506528,-0.20945638299272276
36,354,-1.0,-0.5,-0.8333333333333334,0.0,-0.5,0.0,0.0,-0.7217932935909672,-0.2798417012303297,-0.41241725993867695
37,120,-1.0,-0.5,-0.8333333333333334,0.0,-0.25,0.0,0.0,-0.677580602774589,0.5386130081339954,-1.4271869037122822
38,64,-1.0,-0.5,-0.8333333333333334,0.0,0.0,0.0,0.0,-1.066380816701015,-0.4262776920540082,1.9052256188232821
39,53,-1.0,-0.5,-0.8333333333333334,0.0,0.25,0.0,1.0,-1.2654172256877692,-0.6339437240170719,0.08278875129949594
40,47,-1.0,-0.5,-0.8333333333333334,0.0,0.5,-1.0,0.0,-1.2459978699567078,-0.9102540338984679,0.4312089589556659
41,149,-1.0,-0.5,-0.8333333333333334,0.0,0.75,-1.0,0.0,-1.010084971207532,-0.5781877005514937,-0.7624587122159204
42,288,-1.0,-0.5,-0.8333333333333334,0.0,-0.75,0.0,0.0,-0.938364292728807,-0.3961874453862021,0.2357331789290837
43,397,-1.0,-0.5,-0.8333333333333334,1.0,-0.5,-1.0,0.0,-0.6021346537757555,-0.8139652445614884,0.8412364622126307
44,208,-1.0,-0.5,-0.8333333333333334,0.0,-0.25,0.0,0.0,-0.32831989377446436,-1.206621298598757,0.0
45,140,-1.0,-0.5,-0.8333333333333334,0.0,0.0,0.0,0.0,-0.8597278892746328,-1.5026371092179662,1.1622323696227188
46,218,-1.0,-0.5,-0.8333333333333334,0.0,0.25,0.0,0.0,-0.6313208573654777,-0.9772373302007378,0.7455198641944444
47,259,-1.0,-0.5,-0.8333333333333334,0.0,0.5,-1.0,0.0,-0.2165322710779771,-0.5847545959842757,0.5172086168098855
48,579,-1.0,-0.5,-0.8333333333333334,0.0,0.75,-1.0,0.0,0.09080254683098452,-0.5285845307245488,0.8837888697345738
49,532,-1.0,-0.5,-0.8333333333333334,0.0,-0.75,0.0,0.0,-0.35393942747018176,-0.0010038106288378095,0.0
50,639,-1.0,-0.5,-0.8333333333333334,1.0,-0.5,-1.0,0.0,-0.7746884465898561,-1.0525929367358577,0.4448947901725204
51,195,-1.0,-0.5,-0.8333333333333334,0.0,-0.25,0.0,1.0,-0.7498102786115071,-0.10331064929937848,1.3356423787027414
52,74,-1.0,-0.5,-0.8333333333333334,0.0,0.0,0.0,0.0,-1.1114270829011008,-0.23436932046594125,0.15483938887499837
53,139,-1.0,-0.5,-0.8333333333333334,0.0,0.25,0.0,0.0,-0.8912894138692561,-0.9793316113688171,-0.9144451316603285
54,100,-1.0,-0.5,-0.8333333333333334,0.0,0.5,-1.0,1.0,-0.730940492491828,0.34150022748226466,0.7318866707899623
55,120,-1.0,-0.5,-0.8333333333333334,0.0,0.75,-1.0,1.0,-0.5049530422274167,0.4126720861206932,1.7429853535287074
56,424,-1.0,-0.5,-0.8333333333333334,0.0,-0.75,0.0,0.0,-0.7567555106801848,-0.4262776920540082,0.05891223960732183
57,694,-1.0,-0.5,-0.8333333333333334,0.0,-0.5,0.0,0.0,-0.5025629676759015,0.25777231071429446,-0.5866694740166598
58,81,-1.0,-0.5,-0.8333333333333334,0.0,-0.25,0.0,1.0,-0.32179882617094746,1.203154902182626,1.1444618441657564
59,137,-1.0,-0.5,-0.6666666666666666,0.0,0.0,0.0,0.0,-0.8243009354670653,-0.4403214119788066,0.3732020897211512
60,231,-1.0,-0.5,-0.6666666666666666,0.0,0.25,0.0,0.0,-0.617043112629497,-0.8515563879186452,1.335505520390573
61,123,-1.0,-0.5,-0.6666666666666666,0.0,0.5,-1.0,0.0,-1.059420831085723,-1.4834515679425728,0.4714137200457949
62,214,-1.0,-0.5,-0.6666666666666666,0.0,0.75,-1.0,1.0,-0.8545457060263628,-0.07723083070745766,0.23551210011711904
63,640,-1.0,-0.5,-0.6666666666666666,0.0,-0.75,0.0,1.0,-0.40050530897153963,0.7833502239917965,0.7463620691924047
64,114,-1.0,-0.5,-0.6666666666666666,0.0,-0.5,0.0,1.0,-0.4467097285808472,1.5492986565306666,1.7087497203616222
65,244,-1.0,-0.5,-0.6666666666666666,0.0,-0.25,0.0,0.0,-0.918052347427581,-0.3618267909113008,1.6883788869734577
66,316,-1.0,-0.5,-0.6666666666666666,0.0,0.0,0.0,0.0,-0.6822205931847838,-0.9899715225905532,-0.6350752062744273
67,191,-1.0,-0.5,-0.6666666666666666,0.0,0.25,0.0,1.0,-0.7404675952180069,0.7171516813226232,0.41241725993867695
68,46,-1.0,-0.5,-0.6666666666666666,0.0,0.5,-1.0,2.0,-0.3750960133150758,-0.0010038106288378095,0.8517008593122871
69,247,-1.0,-0.5,-0.6666666666666666,0.0,0.75,-1.0,1.0,-0.6726307878854941,0.11124484554074625,0.5473806108618127
70,724,-1.0,-0.5,-0.6666666666666666,0.0,-0.75,0.0,0.0,-0.5960967648238564,-0.15346266522554416,0.41899698648524186
71,982,-1.0,-0.5,-0.6666666666666666,0.0,-0.5,0.0,0.0,-0.395666145682052,-0.47695448188206035,0.9435748970272797
72,359,-1.0,-0.5,-0.6666666666666666,0.0,-0.25,0.0,0.0,-0.5730443482390258,-0.6234771326161419,-0.46372859943940736
73,289,-1.0,-0.5,-0.6666666666666666,0.0,0.0,0.0,1.0,-0.6240252285647107,0.1405503385754559,0.03509889328999492
74,321,-1.0,-0.5,-0.6666666666666666,0.0,0.25,0.0,1.0,-0.44420900242972483,0.7224716369334907,0.2331012883104578
75,424,-1.0,-0.5,-0.6666666666666666,0.0,0.5,-1.0,0.0,-0.2841219565047005,-0.11333912670882496,0.3011303970206999
76,884,-1.0,-0.5,-0.6666666666666666,0.0,0.75,-1.0,0.0,0.14622424468757061,-0.48742107328298995,0.5268202813491073
77,1424,-1.0,-0.5,-0.6666666666666666,0.0,-0.75,0.0,0.0,-0.07686413366713214,-1.1905699574162827,1.9706754747272708
78,1047,-1.0,-0.5,-0.6666666666666666,0.0,-0.5,0.0,0.0,-0.5960967648238564,-0.7352058293233061,0.2815701859430721
79,401,0.0,-0.5,-0.6666666666666666,0.0,-0.25,0.0,1.0,-0.28632761172353693,0.5340778061562236,1.13495545525128
80,460,0.0,-0.5,-0.6666666666666666,0.0,0.0,0.0,0.0,-0.17233064542155954,-0.009029481220074987,0.4713716097958968
81,203,0.0,-0.5,-0.6666666666666666,0.0,0.25,0.0,1.0,-0.5511390199034565,1.025988344242051,0.5609716940163968
82,166,0.0,-0.5,-0.6666666666666666,0.0,0.5,-1.0,1.0,-0.7986518946781193,0.8635876721463009,0.661257254148518
83,300,0.0,-0.5,-0.6666666666666666,0.0,0.75,-1.0,0.0,-0.8522109572746512,-0.6328989906527654,0.5237462331065521
84,981,0.0,-0.5,-0.6666666666666666,0.0,-0.75,0.0,0.0,-0.847567278477803,-1.118353365413548,0.3010461765209038
85,472,0.0,-0.5,-0.6666666666666666,0.0,-0.5,0.0,1.0,-0.8742416907564422,-0.6381322863532303,0.0350041452277244
86,222,0.0,-0.5,-0.6666666666666666,0.0,-0.25,0.0,0.0,-0.8475562133178423,-1.5612480952873855,0.32876524851627165
87,317,0.0,-0.5,-0.6666666666666666,0.0,0.0,0.0,0.0,-0.7172307593004976,-1.5035085227614657,0.4844889526391283
88,168,0.0,-0.5,-0.6666666666666666,0.0,0.25,0.0,1.0,-0.7008469457853268,0.09729259996581795,-0.08513639773131028
89,179,0.0,-0.5,-0.6666666666666666,1.0,0.5,-1.0,2.0,-0.8475525249311887,1.4052121121668104,0.38605624350252
90,307,0.0,-0.5,-0.5,0.0,0.75,-1.0,1.0,-0.7521007667233757,0.28786255738210054,0.8183390138305852
91,898,0.0,-0.5,-0.5,0.0,-0.75,0.0,1.0,-0.6333974190514392,0.13139327470950893,0.17024121277519697
92,1651,0.0,-0.5,-0.5,0.0,-0.5,0.0,0.0,-0.40054956961138244,-0.7051155826555001,0.013033122343435368
93,734,0.0,-0.5,-0.5,0.0,-0.25,0.0,0.0,0.20494336021245133,-0.9638917039986323,0.0
94,167,0.0,-0.5,-0.5,0.0,0.0,0.0,1.0,-0.32831989377446436,0.0752232094497817,0.0
95,413,0.0,-0.5,-0.5,0.0,0.25,0.0,0.0,-0.3679405432071443,-0.7492495492481045,0.8641865484070483
96,571,0.0,-0.5,-0.5,0.0,0.5,-1.0,0.0,-0.19795017911727691,-0.11333912670882496,-0.19647589846165986
97,172,0.0,-0.5,-0.5,0.0,0.75,-1.0,1.0,-0.6007847042605479,1.0100284774094466,0.48444684238923025
98,879,0.0,-0.5,-0.5,0.0,-0.75,0.0,1.0,-0.5378977118171298,1.2086241054169666,-0.5041860220289246
99,1188,0.0,-0.5,-0.5,0.0,-0.5,0.0,1.0,-0.22361766183949075,1.1123353160799871,-0.3601268571278178
100,855,0.0,-0.5,-0.5,0.0,-0.25,0.0,1.0,0.287150121947284,0.43569473565116507,1.5106946875287863
101,257,0.0,-0.5,-0.5,0.0,0.0,0.0,1.0,0.020985075865503022,0.5426282506493479,0.9885802266057827
102,209,0.0,-0.5,-0.5,0.0,0.25,0.0,1.0,-0.2584876692623689,0.9277834079972658,0.7331605058493771
103,529,0.0,-0.5,-0.5,0.0,0.5,-1.0,0.0,-0.09081730037759851,-0.41424159338688576,-0.7398244528957377
104,642,0.0,-0.5,-0.5,0.0,0.75,-1.0,0.0,-0.16764270598486844,0.21564596537936598,0.47795133634246173
105,121,0.0,-0.5,-0.5,0.0,-0.75,0.0,2.0,-0.22820970322318893,1.2607789281613413,1.6826518929873278
106,1558,0.0,-0.5,-0.5,0.0,-0.5,0.0,0.0,-0.15368953927440207,-0.7071232039131761,1.2898474819386507
107,669,0.0,-0.5,-0.5,0.0,-0.25,0.0,0.0,0.058208273973360675,-0.40421311597743925,-0.1832638075561579
108,409,0.0,-0.5,-0.5,0.0,0.0,0.0,1.0,0.006983960128540446,0.1895661467874448,-0.24217604716348
109,613,0.0,-0.5,-0.5,0.0,0.25,0.0,0.0,0.2841072029580862,-0.05917668270677401,0.6416549328209918
110,745,0.0,-0.5,-0.5,0.0,0.5,-1.0,0.0,-0.12345952226171857,-1.0561700652597266,1.5189482965087975
111,177,0.0,-0.5,-0.5,0.0,0.75,-1.0,1.0,-0.6100978805608194,0.49648666279906684,0.40579542314221434
112,1462,0.0,-0.5,-0.5,0.0,-0.75,0.0,1.0,-0.13736842833234217,1.2587761213431325,0.5237462331065521
113,1710,0.0,-0.5,-0.5,0.0,-0.5,0.0,1.0,0.2375265679101141,0.8876598694805459,0.11790869971443974
114,773,0.0,-0.5,-0.5,0.0,-0.25,0.0,0.0,0.32138941525240117,0.7231697306561844,0.045879117263886465
115,678,0.0,-0.5,-0.5,0.0,0.0,0.0,0.0,0.393619091089319,0.4944838559808582,1.5320235291021305
116,547,0.0,-0.5,-0.5,0.0,0.25,0.0,1.0,0.323757359483995,1.0060180493335615,1.38147938571673
117,569,0.0,-0.5,-0.5,0.0,0.5,-1.0,1.0,0.33772527974107536,0.35807152812715887,1.4731533997447068
118,878,0.0,-0.5,-0.5,0.0,0.75,-1.0,0.0,0.037247172621105884,-0.815448091917278,0.6220526114934664
119,1965,0.0,-0.5,-0.5,0.0,-0.75,0.0,0.0,-0.0860998538476789,-0.592780266575513,0.5695411298706428
120,1138,0.0,-0.5,-0.3333333333333333,0.0,-0.5,0.0,1.0,-0.1444390655472413,0.6529559454716585,-0.7855772394099303
121,847,0.0,-0.5,-0.3333333333333333,0.0,-0.25,0.0,1.0,0.16770540855797916,0.4984942840567431,0.026097827374294336
122,603,0.0,-0.5,-0.3333333333333333,0.0,0.0,0.0,1.0,0.34934369769983015,0.3400173801264752,1.7022226316274298
123,255,0.0,-0.5,-0.3333333333333333,0.0,0.25,0.0,1.0,-0.30508305785695505,0.5325949588004341,1.5583003250384917
124,614,0.0,-0.5,-0.3333333333333333,0.0,0.5,-1.0,0.0,-0.16762795243825418,-0.8776313920710994,1.2045321156452742
125,894,0.0,-0.5,-0.3333333333333333,0.0,0.75,-1.0,0.0,-0.04886190219320673,-0.17552724130211309,0.49764840573225777
126,1612,0.0,-0.5,-0.3333333333333333,0.0,-0.75,0.0,0.0,0.09315573751596379,-0.4102311653110005,-0.21607821978918568
127,1401,0.0,-0.5,-0.3333333333333333,0.0,-0.5,0.0,0.0,0.11643683407331615,0.025076007963083017,-1.1194746746325226
128,664,0.0,-0.5,-0.3333333333333333,0.0,-0.25,0.0,0.0,0.1397216190173217,-0.1815452906356743,-0.05237462331065527
129,694,0.0,-0.5,-0.3333333333333333,0.0,0.0,0.0,0.0,0.1304084427170502,-0.6609816160628956,-0.6874919398349806
130,550,0.0,-0.5,-0.3333333333333333,0.0,0.25,0.0,0.0,0.15135479052269074,0.03109405729664423,-0.6351594267742233
131,695,0.0,-0.5,-0.3333333333333333,0.0,0.5,-1.0,0.0,0.132776386948644,0.5827469747266001,0.09150557302838497
132,692,0.0,-0.5,-0.3333333333333333,0.0,0.75,-1.0,1.0,0.025580805635854884,1.140417941490117,-0.013159453093129485
133,902,0.0,-0.5,-0.3333333333333333,0.0,-0.75,0.0,1.0,0.048924604766317714,1.4252738814251704,-0.4845310628890263
134,1582,0.0,-0.5,-0.3333333333333333,0.0,-0.5,0.0,1.0,0.17938652908984468,1.1584720894908005,-0.2947296390362016
135,773,0.0,-0.5,-0.3333333333333333,0.0,-0.25,0.0,0.0,0.23291239620649454,0.7773321746582353,-0.5695832401205408
136,678,0.0,-0.5,-0.3333333333333333,0.0,0.0,0.0,1.0,0.18871445893673042,1.018054148000684,1.0146359437301786
137,536,0.0,-0.5,-0.3333333333333333,0.0,0.25,0.0,1.0,0.14677381429895314,1.1725158094155994,0.2159939992893896
138,735,0.0,-0.5,-0.3333333333333333,0.0,0.5,-1.0,1.0,0.08622525899390035,0.977930609483964,-0.7660065007698282
139,909,0.0,-0.5,-0.3333333333333333,0.0,0.75,-1.0,0.0,0.15372273475428452,0.4483422681305771,-0.5891434511981684
140,2258,0.0,-0.5,-0.3333333333333333,0.0,-0.75,0.0,0.0,0.31207623895212944,0.0010038106288381514,-0.6350752062744273
141,1576,0.0,-0.5,-0.3333333333333333,0.0,-0.5,0.0,0.0,0.32138941525240117,0.5927754521360463,-0.34706215209695884
142,836,0.0,-0.5,-0.3333333333333333,0.0,-0.25,0.0,1.0,0.3796511708322386,0.883649441404661,0.5565606453395799
143,659,0.0,-0.5,-0.3333333333333333,0.0,0.0,0.0,1.0,0.4331954798821562,0.5506491068011178,0.2749483491466095
144,740,0.0,-0.5,-0.3333333333333333,0.0,0.25,0.0,0.0,0.4727681802883399,0.3360069520505903,-0.28152807569317434
145,758,0.0,-0.5,-0.3333333333333333,0.0,0.5,-1.0,0.0,0.6171537642291045,0.24573621204717205,0.1965180087115579
146,871,0.0,-0.5,-0.3333333333333333,0.0,0.75,-1.0,0.0,0.5519430881939357,0.13139327470950893,0.6285375899777604
147,2001,0.0,-0.5,-0.3333333333333333,0.0,-0.75,0.0,0.0,0.4611018133030889,0.49648666279906684,0.5170822860601915
148,2355,0.0,-0.5,-0.3333333333333333,1.0,-0.5,-1.0,0.0,0.4727976873815684,0.9257757867395895,0.34702004184706076
149,1549,0.0,-0.5,-0.3333333333333333,0.0,-0.25,0.0,0.0,0.6776580588943142,0.28184450804853933,-0.5237462331065521
150,673,0.0,-0.5,-0.3333333333333333,0.0,0.0,0.0,0.0,0.8779042587034405,0.04914820529732788,-0.733202616099275
151,513,0.0,-0.5,-0.16666666666666666,0.0,0.25,0.0,1.0,0.8616163432412622,0.24372859078949574,0.2749483491466095
152,736,0.0,-0.5,-0.16666666666666666,0.0,0.5,-1.0,0.0,0.57751836124981,-1.5476424893540703,1.1718440341619403
153,898,0.0,-0.5,-0.16666666666666666,0.0,0.75,-1.0,0.0,0.36798480384698734,-1.310930944087507,0.7595215222855338
154,1869,0.0,-0.5,-0.16666666666666666,0.0,-0.75,0.0,0.0,0.3958800721079593,-0.8194585199931632,-0.6088405205879643
155,1685,0.0,-0.5,-0.16666666666666666,0.0,-0.5,0.0,1.0,0.4774229242451488,0.12537522537594772,-0.44513692410943423
156,673,0.0,-0.5,-0.16666666666666666,0.0,-0.25,0.0,0.0,0.4960640303923063,-0.12738284663362334,-0.6219578634311959
157,763,0.0,-0.5,-0.16666666666666666,0.0,0.0,0.0,0.0,0.6218085081859134,-0.13741132404306983,0.07193483438828276
158,676,0.0,-0.5,-0.16666666666666666,0.0,0.25,0.0,0.0,0.8848974397986147,-0.021065579887197417,-0.4648761037491283
159,563,0.0,-0.5,-0.16666666666666666,0.0,0.5,-1.0,1.0,0.9966555554018734,-0.2798417012303297,-0.3273229724572647
160,815,0.0,-0.5,-0.16666666666666666,0.0,0.75,-1.0,0.0,0.7964241091393615,-0.10331064929937848,-0.4255346027819084
161,1729,0.0,-0.5,-0.16666666666666666,0.0,-0.75,0.0,0.0,0.7032775925900313,0.13540370278539385,-0.27503256964640554
162,1467,0.0,-0.5,-0.16666666666666666,0.0,-0.5,0.0,0.0,0.5752426266845555,0.5847545959842765,-0.1832638075561579
163,863,0.0,-0.5,-0.16666666666666666,0.0,-0.25,0.0,0.0,0.42154386644351943,-0.6349066119104414,1.3093655827663804
164,727,0.0,-0.5,-0.16666666666666666,0.0,0.0,0.0,0.0,0.3842616541492047,-0.5747261185748292,0.9296679869984605
165,769,0.0,-0.5,-0.16666666666666666,0.0,0.25,0.0,0.0,0.37027529195885617,-0.7452343067327526,-0.13752154860444
166,545,0.0,-0.5,-0.16666666666666666,0.0,0.5,-1.0,1.0,0.39827752343278156,0.29789103479154666,0.2684107328499429
167,863,0.0,-0.5,-0.16666666666666666,0.0,0.75,-1.0,0.0,0.41685592700682833,0.5265769094668729,-0.3994788856575121
168,1807,0.0,-0.5,-0.16666666666666666,0.0,-0.75,0.0,0.0,0.5775626218896528,0.21163553730348106,-0.6481504388677607
169,1639,0.0,-0.5,-0.16666666666666666,0.0,-0.5,0.0,1.0,0.5845410494382127,0.1935813893027974,-0.8314142464239188
170,699,0.0,-0.5,-0.16666666666666666,0.0,-0.25,0.0,1.0,0.39827752343278156,0.5767289253930389,-0.26845284309984097
171,774,1.0,-0.5,-0.16666666666666666,0.0,0.0,0.0,1.0,0.5542962788789152,0.6930794839883784,-0.10474924662131053
172,661,1.0,-0.5,-0.16666666666666666,0.0,0.25,0.0,0.0,0.7615209062366013,0.3901693960526412,-0.0917266518403496
173,746,1.0,-0.5,-0.16666666666666666,0.0,0.5,-1.0,1.0,0.7615356597832156,0.3701076267942813,0.6087984103380664
174,969,1.0,-0.5,-0.16666666666666666,0.0,0.75,-1.0,0.0,0.624143256937625,-0.2557695038960848,0.4321564395783711
175,1782,1.0,-0.5,-0.16666666666666666,0.0,-0.75,0.0,0.0,0.5751983660447126,-0.6890690559124923,0.3010461765209038
176,1920,1.0,-0.5,-0.16666666666666666,0.0,-0.5,0.0,0.0,0.5542335763058045,-0.5446358719070232,-0.9100203971522945
177,854,1.0,-0.5,-0.16666666666666666,0.0,-0.25,0.0,1.0,0.5519283346473214,0.15345785078607752,-0.7725862273163929
178,732,1.0,-0.5,-0.16666666666666666,0.0,0.0,0.0,0.0,0.7568329667999097,0.03711210663020545,-0.3862773223144846
179,848,1.0,-0.5,-0.16666666666666666,0.0,0.25,0.0,0.0,0.6171537642291045,-0.6188552707279671,0.8511113158137151
180,1027,1.0,-0.5,-0.16666666666666666,0.0,0.5,-1.0,0.0,0.5519430881939357,-0.9257757867395892,0.04565803845192183
181,1246,1.0,-0.5,0.0,0.0,0.75,-1.0,0.0,0.6078368995421793,-1.1083248880041014,-0.8250134884394206
182,2204,1.0,-0.5,0.0,0.0,-0.75,0.0,0.0,0.6637012037971944,-0.8756285852528901,-0.6939032253819533
183,2282,1.0,-0.5,0.0,0.0,-0.5,0.0,1.0,0.6683743896872713,0.2698084093814169,0.5040912739666541
184,3065,1.0,-0.5,0.0,1.0,-0.25,-1.0,1.0,0.6567264646352882,0.055166254630889096,-1.0474482504507114
185,1031,1.0,-0.5,0.0,1.0,0.0,-1.0,0.0,0.7707750683504152,-0.1735196200444371,-0.5760366359174113
186,784,1.0,-0.5,0.0,0.0,0.25,0.0,0.0,0.7312908892239176,0.5626852054682402,-0.3273229724572647
187,754,1.0,-0.5,0.0,0.0,0.5,-1.0,0.0,0.735857111901041,0.1193571760423865,-0.22923767288231517
188,692,1.0,-0.5,0.0,0.0,0.75,-1.0,1.0,0.6754118314222882,0.6328989906527661,0.46483399349923027
189,1988,1.0,-0.5,0.0,0.0,-0.75,0.0,0.0,0.6520827858384399,-0.08324888004101887,-0.13752154860444
190,1743,1.0,-0.5,0.0,0.0,-0.5,0.0,0.0,0.7474902834064097,-0.23169730656183998,0.026276795936360932
191,723,1.0,-0.5,0.0,0.0,-0.25,0.0,0.0,0.8942106160988861,0.045132962781975955,1.0670947875406298
192,662,1.0,-0.5,0.0,0.0,0.0,0.0,0.0,0.9291433260948747,-0.3239708533834675,0.20296087694595422
193,748,1.0,-0.5,0.0,0.0,0.25,0.0,0.0,0.745199795294541,0.025076007963083017,-0.3668013317366532
194,888,1.0,-0.5,0.0,0.0,0.5,-1.0,0.0,0.5449204000055328,-0.7231697306561837,0.6284112592280666
195,1318,1.0,-0.5,0.0,0.0,0.75,-1.0,0.0,0.5053329460527349,-0.16950919196855185,0.019560211077627492
196,2418,1.0,-0.5,0.0,0.0,-0.75,0.0,0.0,0.5565720134441697,-0.19959943863635793,0.288107802239739
197,2006,1.0,-0.5,0.0,0.0,-0.5,0.0,0.0,0.673014380097466,-0.10732107737526374,0.6743745969917494
198,841,1.0,-0.5,0.0,0.0,-0.25,0.0,0.0,0.7987588578910729,0.1193571760423865,0.3666644734244846
199,752,1.0,-0.5,0.0,0.0,0.0,0.0,0.0,0.959402850200787,0.1153467479665016,-0.530325959653117
200,644,1.0,-0.5,0.0,0.0,0.25,0.0,0.0,0.9570828549956897,0.38816177479496494,-0.7070100406627101
201,632,1.0,-0.5,0.0,0.0,0.5,-1.0,1.0,1.2503870500744598,0.3119347547163454,0.43211432932847305
202,562,1.0,-0.5,0.0,0.0,0.75,-1.0,0.0,1.3039608662176063,-0.22166401471292685,-0.504007053466858
203,987,1.0,-0.5,0.0,0.0,-0.75,0.0,0.0,1.168932719216956,-0.6088267933185206,-0.5237883433564502
204,1050,1.0,-0.5,0.0,0.0,-0.5,0.0,0.0,1.1340479582474636,-0.3640943919001867,-0.12426734744903999
205,568,1.0,-0.5,0.0,0.0,-0.25,0.0,0.0,0.86158314776138,0.6288837481374135,-0.9492355673698202
206,750,1.0,-0.5,0.0,0.0,0.0,0.0,0.0,0.7731393241953559,-0.41223878656867646,0.20300298719585227
207,755,1.0,-0.5,0.0,0.0,0.25,0.0,0.0,0.7498582276380035,-1.0762270200786195,0.026192575436564853
208,606,1.0,-0.5,0.0,1.0,0.5,-1.0,0.0,0.9314485677533577,-0.2076251092275951,-0.026276795936360932
209,670,1.0,-0.5,0.0,0.0,0.75,-1.0,0.0,1.1013614757235004,-0.40421311597743925,-0.0719769446381808
210,1559,1.0,-0.5,0.0,0.0,-0.75,0.0,0.0,0.8895374302088093,-0.7733217465823494,-0.13094182205787538
211,1524,1.0,-0.5,0.0,0.0,-0.5,0.0,0.0,0.8941811090056576,-0.7011051545796149,-0.17014646471292644
212,729,1.0,-0.5,0.16666666666666666,0.0,-0.25,0.0,0.0,0.7964241091393615,-0.3640943919001867,-0.25537761050650754
213,801,1.0,-0.5,0.16666666666666666,0.0,0.0,0.0,0.0,0.8103625223032133,-0.6509531386534492,0.26187311655327605
214,467,1.0,-0.5,0.16666666666666666,0.0,0.25,0.0,1.0,0.7102818388451666,0.1494474227101926,-0.47786711584266567
215,799,1.0,-0.5,0.16666666666666666,0.0,0.5,-1.0,1.0,0.6544064694301909,0.6308913693950898,0.170283323025095
216,1023,1.0,-0.5,0.16666666666666666,0.0,0.75,-1.0,0.0,0.6240842427511679,0.021060765447731094,0.039173059967627745
217,1521,1.0,-0.5,0.16666666666666666,0.0,-0.75,0.0,1.0,0.6963286721347,0.6188552707279674,0.4976905159821558
218,1298,1.0,-0.5,0.16666666666666666,0.0,-0.5,0.0,0.0,0.8406847489822362,0.6088267933185213,0.21594136147701712
219,846,1.0,-0.5,0.16666666666666666,0.0,-0.25,0.0,0.0,0.7963909136594792,-0.1654987638926666,0.11790869971443974
220,907,1.0,-0.5,0.16666666666666666,0.0,0.0,0.0,0.0,0.873249514746631,-0.2698084093814166,-0.31428985011382937
221,884,1.0,-0.5,0.16666666666666666,0.0,0.25,0.0,0.0,0.7288934378990953,-0.9739201814080788,0.20300298719585227
222,812,1.0,-0.5,0.16666666666666666,0.0,0.5,-1.0,0.0,0.6054726436972392,-0.9759278026657547,-0.17032543327499305
223,1051,1.0,-0.5,0.16666666666666666,0.0,0.75,-1.0,0.0,0.6147710664508964,-1.0180541480006833,-0.58274269321367
224,1504,1.0,-0.5,0.16666666666666666,0.0,-0.75,0.0,1.0,0.5845853100780559,0.49648666279906684,0.32086957666039395
225,1338,1.0,-0.5,0.16666666666666666,0.0,-0.5,0.0,1.0,0.5053956486258457,0.9197577374060283,0.43855719756286937
226,775,1.0,-0.5,0.16666666666666666,0.0,-0.25,0.0,0.0,0.47507342194682295,0.4122339721292098,0.29455067047413497
227,721,1.0,-0.5,0.16666666666666666,0.0,0.0,0.0,0.0,0.5845078539583305,-0.23169730656183998,0.58274269321367
228,668,1.0,-0.5,0.16666666666666666,0.0,0.25,0.0,0.0,0.6613517014988686,-0.2457362120471717,-0.39276230079877894
229,639,1.0,-0.5,0.16666666666666666,0.0,0.5,-1.0,0.0,0.6450748511966514,0.13540370278539385,0.5498861707307445
230,797,1.0,-0.5,0.16666666666666666,0.0,0.75,-1.0,1.0,0.5379751679368551,0.4643936093130521,-0.43865194562513987
231,1914,1.0,-0.5,0.16666666666666666,0.0,-0.75,0.0,0.0,0.5961594673969677,0.2296896853041647,-0.8054427497993185
232,1249,1.0,-0.5,0.16666666666666666,0.0,-0.5,0.0,0.0,0.6940086769296027,0.691071862730702,0.7135476569593768
233,833,1.0,-0.5,0.16666666666666666,0.0,-0.25,0.0,0.0,0.5565388179642875,-0.7532599773239897,1.0082772959955784
234,1281,1.0,-0.5,0.16666666666666666,0.0,0.0,0.0,0.0,0.4378207167457365,-0.8234689480690485,-0.3601689673777158
235,949,1.0,-0.5,0.16666666666666666,0.0,0.25,0.0,0.0,0.5286472380899693,-0.10331064929937848,0.7593846639733652
236,435,1.0,-0.5,0.16666666666666666,0.0,0.5,-1.0,1.0,0.5845705565314417,0.6990975333219396,0.3143319603637274
237,768,1.0,-0.5,0.16666666666666666,0.0,0.75,-1.0,0.0,0.6357616748963795,0.6489455173957736,-1.0213051545577767
238,226,1.0,-0.5,0.16666666666666666,0.0,-0.75,0.0,1.0,0.5465875507729477,1.07622702007862,2.0491058151623225
239,1415,1.0,-0.5,0.16666666666666666,0.0,-0.5,0.0,0.0,0.5923346104372125,-0.31146293964859395,1.3020910370964984
240,729,1.0,-0.5,0.16666666666666666,0.0,-0.25,0.0,0.0,0.444795455907643,-0.34604024389950305,-0.22265794633575028
241,775,1.0,-0.5,0.16666666666666666,0.0,0.0,0.0,0.0,0.3959095792011878,-0.3761304905673092,-0.5891960890105408
242,688,1.0,-0.5,0.16666666666666666,0.0,0.25,0.0,0.0,0.456461822892894,-0.13741132404306983,-1.0279290968667345
243,783,1.0,-0.5,0.3333333333333333,0.0,0.5,-1.0,0.0,0.4704776921764711,0.061184303964450314,-0.41245937018857504
244,875,1.0,-0.5,0.3333333333333333,0.0,0.75,-1.0,1.0,0.43317703794888845,0.4844505641319444,-0.4321143293284733
245,1935,1.0,-0.5,0.3333333333333333,0.0,-0.75,0.0,0.0,0.5379456608436265,0.43430336264524605,0.04579489676409038
246,2521,1.0,-0.5,0.3333333333333333,1.0,-0.5,-1.0,0.0,0.656770725275131,0.556667156134679,0.26836862260004485
247,1236,1.0,-0.5,0.3333333333333333,0.0,-0.25,0.0,1.0,0.5100356390360403,0.7893682733253577,0.3339448092537274
248,204,1.0,-0.5,0.3333333333333333,0.0,0.0,0.0,2.0,0.10266808669552852,1.2541542594549575,1.7156558013448961
249,118,1.0,-0.5,0.3333333333333333,0.0,0.25,0.0,2.0,0.20973826286209593,1.399194062833249,-0.8838330854969669
250,153,1.0,-0.5,0.3333333333333333,0.0,0.5,-1.0,2.0,0.25079738308966937,1.5074322909269484,0.1239409930123304
251,417,1.0,-0.5,0.3333333333333333,0.0,0.75,-1.0,1.0,0.33778798231418605,1.3069205160116224,-0.5958179258070037
252,1750,1.0,-0.5,0.3333333333333333,0.0,-0.75,0.0,0.0,0.44481020945425725,0.6128372213944062,-0.288107802239739
253,1633,1.0,-0.5,0.3333333333333333,0.0,-0.5,0.0,0.0,0.4494833953443341,0.4202596427204473,-0.6939874458817492
254,690,1.0,-0.5,0.3333333333333333,0.0,-0.25,0.0,0.0,0.42329953849062024,0.31638329678371374,-0.9691884565277469
255,701,1.0,-0.5,0.3333333333333333,0.0,0.0,0.0,0.0,0.4285518010853081,0.4142415933868861,-0.4123751496887789
256,647,1.0,-0.5,0.3333333333333333,0.0,0.25,0.0,0.0,0.5146608758996207,0.3400173801264752,-0.14396441683883632
257,428,1.0,-0.5,0.3333333333333333,0.0,0.5,-1.0,1.0,0.24456400964513128,0.39819506664387877,0.9492808358884608
258,742,1.0,-0.5,0.3333333333333333,0.0,0.75,-1.0,1.0,-0.09549048626767535,-0.1735196200444371,-0.17677882907186382
259,1434,1.0,-0.5,0.3333333333333333,0.0,-0.75,0.0,1.0,-0.032651442850754026,0.4423242187970159,0.09158979352818104
260,1353,1.0,-0.5,0.3333333333333333,0.0,-0.5,0.0,0.0,0.01170140665846006,0.3299889027170291,-0.026234685686462894
261,691,1.0,-0.5,0.3333333333333333,0.0,-0.25,0.0,1.0,0.1560574835059961,0.3059167053827842,-0.30775223381716255
262,438,1.0,-0.5,0.3333333333333333,0.0,0.0,0.0,1.0,0.1654333623793783,1.2266782534176504,-0.4844889526391283
263,539,1.0,-0.5,0.3333333333333333,0.0,0.25,0.0,1.0,0.23298985232621952,1.3169489934210685,-0.8903243805187459
264,555,1.0,-0.5,0.3333333333333333,0.0,0.5,-1.0,1.0,0.24932940520154737,1.3269774708305146,-0.5563816767775133
265,258,0.0,-0.5,0.3333333333333333,0.0,0.75,-1.0,1.0,0.12821016427152065,1.665995854767619,-1.0802152886526037
266,1776,0.0,-0.5,0.3333333333333333,0.0,-0.75,0.0,1.0,0.2841809706911578,1.136407513414232,-1.080040531115527
267,1544,0.0,-0.5,0.3333333333333333,0.0,-0.5,0.0,1.0,0.3145179509167948,1.0521548227443749,-1.3748554434077724
268,684,0.0,-0.5,0.3333333333333333,0.0,-0.25,0.0,1.0,0.37502593396865824,1.0682013494873823,-0.7398244528957377
269,477,0.0,-0.5,0.3333333333333333,0.0,0.0,0.0,1.0,0.32148162491874044,1.2467400226760101,-0.6611730336487217
270,480,0.0,-0.5,0.3333333333333333,0.0,0.25,0.0,1.0,0.323816373670452,1.0702089707450586,-0.34052453580029224
271,653,0.0,-0.5,0.3333333333333333,0.0,0.5,-1.0,0.0,0.321433675892244,0.350050671975389,-0.08518903554368276
272,830,0.0,-0.5,0.3333333333333333,0.0,0.75,-1.0,0.0,0.21195129485423975,0.10130302804170287,0.26845284309984063
273,480,0.0,-0.5,0.5,0.0,-0.75,0.0,1.0,-0.27479033827116106,0.6128372213944062,1.171938782224211
274,616,0.0,-0.5,0.5,0.0,-0.5,0.0,1.0,-0.5239261031733957,0.795386322658919,0.4320301088286772
275,330,0.0,-0.5,0.5,0.0,-0.25,0.0,1.0,-0.35157148323858795,0.6469378961380972,-1.027797502335803
276,486,0.0,-0.5,0.5,0.0,0.0,0.0,0.0,-0.053505580990055056,0.40220549471976363,0.2619152268031741
277,559,0.0,-0.5,0.5,0.0,0.25,0.0,0.0,0.1467000465658816,0.10331064929937916,-0.03921517021752578
278,639,0.0,-0.5,0.5,0.0,0.5,-1.0,0.0,-0.02559555918246914,-0.027083629220758635,-0.4844889526391283
279,949,0.0,-0.5,0.5,0.0,0.75,-1.0,0.0,0.06284826438355531,0.2778340799726544,-1.6694955981629405
280,2235,0.0,-0.5,0.5,0.0,-0.75,0.0,0.0,0.09544622562783259,0.36007914938483515,-1.4272300667184272
281,2397,0.0,-0.5,0.5,0.0,-0.5,0.0,0.0,0.1350631866738591,0.48645818538962066,-1.237251779816031
282,1514,0.0,-0.5,0.5,0.0,-0.25,0.0,0.0,0.20492860666583682,0.5165484320574267,-1.4598655103893885
283,667,0.0,-0.5,0.5,0.0,0.0,0.0,1.0,0.2166244807443166,0.8776313920710997,-0.3993420273453436
284,217,0.0,-0.5,0.5,0.0,0.25,0.0,2.0,0.11195175590257148,1.3470392400888747,0.7071890092247766
285,290,0.0,-0.5,0.5,0.0,0.5,-1.0,1.0,0.23767779176291062,1.300902466678061,-0.41255411825084554
286,529,0.0,-0.5,0.5,0.0,0.75,-1.0,1.0,0.1560574835059961,0.43229574138756977,0.4517166506559988
287,1899,0.0,-0.5,0.5,0.0,-0.75,0.0,0.0,0.04190191657791504,-0.6890690559124923,0.8117592872840208
288,1748,0.0,-0.5,0.5,0.0,-0.5,0.0,0.0,0.05823778106658919,-0.673017714730018,1.0605676988064379
289,713,0.0,-0.5,0.5,0.0,-0.25,0.0,0.0,0.08616255642078963,-0.22567925722827875,-0.05891223960732183
290,637,0.0,-0.5,0.5,0.0,0.0,0.0,1.0,0.1304084427170502,0.36208677064251144,-0.7462778486926084
291,254,0.0,-0.5,0.5,0.0,0.25,0.0,2.0,0.09768138793989779,1.2939215294511297,0.6565409061599398
292,471,0.0,-0.5,0.5,0.0,0.5,-1.0,0.0,-0.07686413366713214,0.04714058403965192,0.0
293,676,0.0,-0.5,0.5,0.0,0.75,-1.0,0.0,-0.23520288431836306,-0.2517542613807329,0.4255346027819084
294,1499,0.0,-0.5,0.5,0.0,-0.75,0.0,0.0,-0.22820970322318893,0.013039909295960583,-0.9296711452672028
295,1619,0.0,-0.5,0.5,0.0,-0.5,0.0,0.0,-0.23986131666182567,0.5526567280587941,-0.8576015580792463
296,699,0.0,-0.5,0.5,0.0,-0.25,0.0,0.0,-0.1117488946366248,0.7011003401401481,-0.654635417352055
297,695,0.0,-0.5,0.5,0.0,0.0,0.0,0.0,-0.08848255162588695,-0.017050337371845498,-0.15072311194746751
298,404,0.0,-0.5,0.5,0.0,0.25,0.0,1.0,-0.05354984162989809,0.4523575106459297,-0.3403876774881237
299,240,0.0,-0.5,0.5,0.0,0.5,-1.0,1.0,-0.11182635075634977,0.8976931613294596,0.17673671882196576
300,456,0.0,-0.5,0.5,0.0,0.75,-1.0,1.0,-0.6216867914263453,-0.19558901056047268,0.5106288902633207
301,57,0.0,-0.5,0.5,0.0,-0.75,0.0,2.0,-0.956957449849468,1.2326963027512114,1.7938545354055089
302,885,0.0,-0.5,0.5,0.0,-0.5,0.0,0.0,-0.6124031222193024,-0.013039909295960241,-0.045879117263886465
303,362,0.0,-0.5,0.5,0.0,-0.25,0.0,0.0,-0.48429070019410153,0.3701076267942813,-0.7856193496598283
304,410,0.0,-0.5,0.6666666666666666,0.0,0.0,0.0,0.0,-0.3329746377312735,0.27582645871497813,-0.47799344659235976
305,370,0.0,-0.5,0.6666666666666666,0.0,0.25,0.0,0.0,-0.35862736690687286,0.4443318400546922,-1.041000118435078
306,318,0.0,-0.5,0.6666666666666666,0.0,0.5,-1.0,0.0,-0.30039511842026395,0.36408957746072007,-0.4648761037491283
307,470,0.0,-0.5,0.6666666666666666,0.0,0.75,-1.0,1.0,-0.3097230482671499,-0.019057958629521456,0.9559447829348212
308,1156,0.0,-0.5,0.6666666666666666,0.0,-0.75,0.0,0.0,-0.6030899459190309,-0.5165484320574264,0.08513639773131028
309,952,0.0,-0.5,0.6666666666666666,0.0,-0.5,0.0,0.0,-0.4610723062098601,0.5205588601333117,-0.9361192772828363
310,373,0.0,-0.5,0.6666666666666666,0.0,-0.25,0.0,0.0,-0.31902147102080713,0.636909418728651,-1.3027858562198156
311,376,0.0,-0.5,0.6666666666666666,0.0,0.0,0.0,0.0,-0.2770660728364154,0.4583755599794909,-1.1784290244897424
312,305,0.0,-0.5,0.6666666666666666,0.0,0.25,0.0,0.0,-0.28874719336828086,0.6349017974709747,-1.2504554486715533
313,190,0.0,-0.5,0.6666666666666666,1.0,0.5,-1.0,1.0,-0.4191611686653111,0.8996959681476683,0.08518903554368276
314,440,0.0,-0.5,0.6666666666666666,0.0,0.75,-1.0,0.0,-0.6659289893359522,-0.867602914661653,1.407535102841126
315,1275,0.0,-0.5,0.6666666666666666,0.0,-0.75,0.0,0.0,-0.47736022167203807,-0.3540611000512736,0.32727033464489225
316,1004,0.0,-0.5,0.6666666666666666,0.0,-0.5,0.0,0.0,-0.2095538435294172,-0.8094300425837168,1.0606098090563356
317,595,0.0,-0.5,0.6666666666666666,0.0,-0.25,0.0,0.0,0.13738318187895643,-0.18957096122691147,1.3224829256096118
318,449,0.0,-0.5,0.6666666666666666,0.0,0.0,0.0,1.0,0.07455889200864935,0.299898656049223,0.1964232606492874
319,145,0.0,-0.5,0.6666666666666666,0.0,0.25,0.0,2.0,-0.1304822104501215,1.4613821774265376,-0.4647497729994342
320,139,0.0,-0.5,0.6666666666666666,0.0,0.5,-1.0,1.0,-0.6054246946707424,-0.24373340522896242,1.3094919135160747
321,245,0.0,-0.5,0.6666666666666666,0.0,0.75,-1.0,0.0,-0.7916882206761737,-1.042126345334928,-0.13098393230777342
322,943,0.0,-0.5,0.6666666666666666,0.0,-0.75,0.0,0.0,-0.6007699507139334,-0.5987983159090742,0.4581700464528696
323,787,0.0,-0.5,0.6666666666666666,0.0,-0.5,0.0,1.0,-0.11178209011650674,0.27983688679086305,0.05237462331065527
324,220,0.0,-0.5,0.6666666666666666,0.0,-0.25,0.0,2.0,-0.15602797641276733,1.3650933880895582,-0.4518535089681674
325,69,0.0,-0.5,0.6666666666666666,0.0,0.0,0.0,2.0,-0.24221081896015148,1.6178514600991294,-0.654635417352055
326,112,0.0,-0.5,0.6666666666666666,1.0,0.25,-1.0,1.0,-0.20960179255591366,0.6328989906527661,1.6301930491768761
327,560,0.0,-0.5,0.6666666666666666,1.0,0.5,-1.0,0.0,-0.42377165198227723,-0.3721152480519572,-0.1439223065889383
328,1095,0.0,-0.5,0.6666666666666666,0.0,0.75,-1.0,0.0,-0.3935268814229795,0.08324888004101921,-0.8640939058572727
329,1249,0.0,-0.5,0.6666666666666666,0.0,-0.75,0.0,0.0,-0.3772389659608018,0.265797981305532,-1.1849213722677687
330,810,0.0,-0.5,0.6666666666666666,0.0,-0.5,0.0,0.0,-0.11642208052670164,0.3460354294600364,0.29455067047413497
331,253,0.0,-0.5,0.6666666666666666,0.0,-0.25,0.0,0.0,0.010170726197227338,0.5612890180228541,-0.40902738482188694
332,96,0.0,-0.5,0.6666666666666666,0.0,0.0,0.0,1.0,-0.1327431914687615,0.9839486588175254,0.8118540353462911
333,188,0.0,-0.5,0.6666666666666666,0.0,0.25,0.0,0.0,-0.6496853345136172,-0.06319192522212592,0.9494071666381546
334,182,0.0,-0.5,0.8333333333333334,0.0,0.5,-1.0,0.0,-0.6705874216794149,-0.4904734279049723,0.41250148043847307
335,268,0.0,-0.5,0.8333333333333334,0.0,0.75,-1.0,0.0,-0.5751356634716017,-0.00301143188651377,-0.8445315892671503
336,706,0.0,-0.5,0.8333333333333334,0.0,-0.75,0.0,0.0,-0.6519610690788716,-0.06519473204033523,-0.896860944059165
337,634,0.0,-0.5,0.8333333333333334,0.0,-0.5,0.0,0.0,-0.5099729364629296,0.7191544881408318,-1.0213493703201697
338,233,0.0,-0.5,0.8333333333333334,0.0,-0.25,0.0,1.0,-0.34464100471652453,0.9658945108168416,-1.2503238541406223
339,126,0.0,-0.5,0.8333333333333334,0.0,0.0,0.0,2.0,-0.11420904853455781,1.5556633455058408,0.5433064441841798
340,50,0.0,-0.5,0.8333333333333334,0.0,0.25,0.0,2.0,-0.3213267126792902,1.655967377358173,0.8969483228277035
341,150,0.0,-0.5,0.8333333333333334,0.0,0.5,-1.0,0.0,-0.8499020272295147,-0.2236716359706028,0.6219999736810938
342,261,0.0,-0.5,0.8333333333333334,0.0,0.75,-1.0,0.0,-0.6263710424763829,0.333999330792914,-1.0344203918885133
343,502,0.0,-0.5,0.8333333333333334,0.0,-0.75,0.0,0.0,-0.814958252073565,-0.5727184973171533,0.550023029042913
344,377,0.0,-0.5,0.8333333333333334,0.0,-0.5,0.0,0.0,-0.8638588823266344,-0.6569711879870104,-1.2047037149136084
345,143,0.0,-0.5,0.8333333333333334,0.0,-0.25,0.0,0.0,-0.8010013969764452,0.21363834412168967,-1.237251779816031
346,155,0.0,-0.5,0.8333333333333334,0.0,0.0,0.0,0.0,-0.6868753371415927,-0.17552724130211309,-0.42557671303180644
347,178,0.0,-0.5,0.8333333333333334,0.0,0.25,0.0,1.0,-0.5495788323489953,0.17953766937799867,-1.2634833072337517
348,181,0.0,-0.5,0.8333333333333334,0.0,0.5,-1.0,1.0,-0.27709926831629755,0.03711210663020545,0.9166032819676015
349,178,0.0,-0.5,0.8333333333333334,0.0,0.75,-1.0,1.0,-0.47041498960336015,-0.6068191720608447,0.8379939729704837
350,275,0.0,-0.5,0.8333333333333334,0.0,-0.75,0.0,1.0,-0.8778120490371008,-0.315949997231697,0.6547301654143255
351,220,0.0,-0.5,0.8333333333333334,0.0,-0.5,0.0,0.0,-0.8917984112274492,-0.19358138930279672,-0.11786658946454198
352,260,0.0,-0.5,0.8333333333333334,0.0,-0.25,0.0,0.0,-0.761399189477033,0.05315863337321313,-0.0850521772315142
353,216,0.0,-0.5,0.8333333333333334,0.0,0.0,0.0,1.0,-0.3353130748696385,-0.14944742271019223,-1.257035175218118
354,107,-1.0,-0.5,0.8333333333333334,0.0,0.25,0.0,1.0,-0.21889652692291744,1.116345744155872,0.42557671303180644
355,227,-1.0,-0.5,0.8333333333333334,0.0,0.5,-1.0,1.0,-0.2258897080180916,0.6308913693950898,-1.4075351028411263
356,163,-1.0,-0.5,0.8333333333333334,0.0,0.75,-1.0,0.0,-0.4051748064749628,0.28786255738210054,0.9819162795594217
357,155,-1.0,-0.5,0.8333333333333334,1.0,-0.75,-1.0,0.0,-0.6938685182367669,-0.40421311597743925,0.0982116303246437
358,303,-1.0,-0.5,0.8333333333333334,1.0,-0.5,-1.0,0.0,-0.764984301304306,0.2640503397790653,-0.27249542709005015
359,430,-1.0,-0.5,0.8333333333333334,0.0,-0.25,0.0,0.0,-0.6337736344901037,-0.5753327379476522,0.6157571291337133
360,103,-1.0,-0.5,0.8333333333333334,0.0,0.0,0.0,1.0,-0.5891515327551788,0.6549635667293348,0.07869352949691424
361,255,-1.0,-0.5,0.8333333333333334,0.0,0.25,0.0,0.0,-0.7649363522778094,-0.5899878916847405,1.1894671737442595
362,254,-1.0,-0.5,0.8333333333333334,0.0,0.5,-1.0,0.0,-0.8242529864405688,-0.2517542613807329,-0.6481083286178629
363,491,-1.0,-0.5,0.8333333333333334,0.0,0.75,-1.0,0.0,-0.6216867914263453,0.04914820529732788,-0.4909844586858971
364,665,-1.0,-0.5,0.8333333333333334,1.0,-0.75,-1.0,0.0,-0.2701503478609662,-0.051155826555003496,0.41245937018857504
365,686,-1.0,0.5,-1.0,1.0,-0.5,-1.0,0.0,-0.4121532340235227,0.3179528040499066,0.11782447921464394
366,244,-1.0,0.5,-1.0,0.0,-0.25,0.0,0.0,-0.8669940109821714,-1.1802815002756262,1.5653432643339342
367,89,-1.0,0.5,-1.0,0.0,0.0,0.0,0.0,-1.33183769254531,-0.8916751119958978,1.9443986787909096
368,95,-1.0,0.5,-1.0,0.0,0.25,0.0,1.0,-1.3574277191477986,-1.0200617692583593,0.03921517021752578
369,140,-1.0,0.5,-1.0,0.0,0.5,-1.0,0.0,-0.7706976122306902,-0.4924762347231816,-0.5367793554499874
370,307,-1.0,0.5,-1.0,0.0,0.75,-1.0,0.0,-0.542552455773939,-0.40622073723511526,-0.13756365885433802
371,1070,-1.0,0.5,-1.0,0.0,-0.75,0.0,0.0,-0.3562446691286648,-0.45636793872181425,-0.06544985590398868
372,599,-1.0,0.5,-1.0,0.0,-0.5,0.0,0.0,-0.5425856512538212,-0.7773321746582347,0.11124475266807905
373,106,-1.0,0.5,-1.0,0.0,-0.25,0.0,1.0,-0.8847904765856606,0.36208677064251144,-0.8640496900948799
374,173,-1.0,0.5,-1.0,0.0,0.0,0.0,0.0,-0.6216351540131954,0.09659450624312425,0.06923977839480995
375,92,-1.0,0.5,-1.0,0.0,0.25,0.0,1.0,-0.7544355154750874,1.0641909214114975,-0.5237883433564502
376,269,-1.0,0.5,-1.0,0.0,0.5,-1.0,1.0,-0.3888536955329026,0.8495487666609699,-8.422049979607783e-05
377,174,-1.0,0.5,-1.0,0.0,0.75,-1.0,0.0,-0.8778452445169829,-0.5727184973171533,2.0753299732863106
378,333,-1.0,0.5,-1.0,0.0,-0.75,0.0,0.0,-1.1222930699825264,-0.813440470659602,0.06535510784171816
379,284,-1.0,0.5,-1.0,0.0,-0.5,0.0,0.0,-1.201453224341508,-0.9979923787423237,0.7399086733955336
380,217,-1.0,0.5,-1.0,1.0,-0.25,-1.0,0.0,-1.0943498526950584,-0.5005019053144187,0.5304101801529127
381,127,-1.0,0.5,-1.0,0.0,0.0,0.0,1.0,-0.4539906038350002,0.43151098775447333,1.7702622679001463
382,109,-1.0,0.5,-1.0,0.0,0.25,0.0,0.0,-0.7823455372826734,-0.8816466345864513,0.0
383,130,-1.0,0.5,-1.0,0.0,0.5,-1.0,0.0,-1.0966550943535414,-0.620862891985643,0.41250148043847307
384,115,-1.0,0.5,-1.0,0.0,0.75,-1.0,1.0,-0.9826101790250674,-0.8495487666609692,0.22923767288231517
385,67,-1.0,0.5,-1.0,0.0,-0.75,0.0,1.0,-1.152582101181667,0.9859562800752016,0.43865194562513987
386,196,-1.0,0.5,-1.0,0.0,-0.5,0.0,1.0,-1.199147982683025,0.8174508987354876,0.19647589846165986
387,145,-1.0,0.5,-1.0,0.0,-0.25,0.0,1.0,-0.9010968339811064,1.3711114374231195,-0.7397402323959417
388,439,-1.0,0.5,-1.0,0.0,0.0,0.0,0.0,-0.5099434293697008,1.00802085615177,-0.6022607940413998
389,467,-1.0,0.5,-1.0,0.0,0.25,0.0,0.0,-0.7101748756322127,0.08324888004101921,-0.20954060349251882
390,244,-1.0,0.5,-1.0,0.0,0.5,-1.0,1.0,-0.484338649220598,0.6890642414730257,-1.1325467489571135
391,269,-1.0,0.5,-1.0,0.0,0.75,-1.0,1.0,-0.2654956039041573,0.5526567280587941,1.7022226316274298
392,775,-1.0,0.5,-1.0,0.0,-0.75,0.0,0.0,-0.5937767696187591,-0.400202687901554,0.31428985011382937
393,558,-1.0,0.5,-1.0,0.0,-0.5,0.0,0.0,-0.7916882206761737,-1.5175522426862642,0.6219157531812978
394,126,-1.0,0.5,-1.0,0.0,-0.25,0.0,0.0,-0.8289261723306456,-1.0862603119275327,0.3665381426747905
395,324,-1.0,0.5,-1.0,0.0,0.0,0.0,0.0,-0.39114418364477144,-1.0100284774094461,0.8510692055638168
396,304,-1.0,0.5,-0.8333333333333334,0.0,0.25,0.0,0.0,-0.07681618464063594,-0.5707108760594773,0.08518903554368276
397,190,-1.0,0.5,-0.8333333333333334,0.0,0.5,-1.0,1.0,-0.3260294056625956,0.2236716359706035,0.0653972180916162
398,310,-1.0,0.5,-0.8333333333333334,0.0,0.75,-1.0,0.0,-0.6566010594890663,-0.4804401360560591,-0.026097827374294336
399,384,-1.0,0.5,-0.8333333333333334,0.0,-0.75,0.0,1.0,-0.7916734671295593,0.7372086361415154,-0.6219578634311959
400,318,-1.0,0.5,-0.8333333333333334,0.0,-0.5,0.0,1.0,-0.8219329912354714,0.2958882279733381,-0.052416733560553305
401,206,-1.0,0.5,-0.8333333333333334,0.0,-0.25,0.0,0.0,-0.7042550150532281,-0.020627465895714327,-0.2860865102446342
402,199,-1.0,0.5,-0.8333333333333334,0.0,0.0,0.0,0.0,-0.4656975430734405,-0.6268809413192042,-0.35368398889342173
403,109,-1.0,0.5,-0.8333333333333334,0.0,0.25,0.0,1.0,-0.8149250565936829,0.4643936093130521,-0.49746943717019115
404,163,-1.0,0.5,-0.8333333333333334,0.0,0.5,-1.0,0.0,-0.8312756746289716,-0.3099319478981358,0.13751102104196555
405,227,-1.0,0.5,-0.8333333333333334,0.0,0.75,-1.0,1.0,-0.7148333079756752,-0.4162492146445617,-0.6742482662420551
406,192,-1.0,0.5,-0.8333333333333334,0.0,-0.75,0.0,2.0,-1.0198296887462714,0.5045123333903043,1.1456198760379521
407,73,-1.0,0.5,-0.8333333333333334,0.0,-0.5,0.0,0.0,-1.4226347067963139,-0.7793397959159106,0.0
408,94,-1.0,0.5,-0.8333333333333334,1.0,-0.25,-1.0,0.0,-0.956957449849468,-1.036108296001367,-0.1441433854009029
409,135,-1.0,0.5,-0.8333333333333334,0.0,0.0,0.0,1.0,-0.5658667478111733,-0.5667004479835921,-0.41895487623534383
410,141,-1.0,0.5,-0.8333333333333334,0.0,0.25,0.0,0.0,-0.5006450066160436,-0.4583755599794902,0.006579726546564603
411,74,-1.0,0.5,-0.8333333333333334,0.0,0.5,-1.0,1.0,-0.579823602908293,0.6088267933185213,-0.942743219591794
412,349,-1.0,0.5,-0.8333333333333334,0.0,0.75,-1.0,0.0,-0.5006450066160436,0.039114913448414744,0.261831006303378
413,1435,-1.0,0.5,-0.8333333333333334,0.0,-0.75,0.0,0.0,-0.48664389087908105,-0.44232903323648254,0.10479135687120829
414,618,-1.0,0.5,-0.8333333333333334,0.0,-0.5,0.0,1.0,-0.8172598053453944,-0.5325997732399008,0.7594267742232635
415,502,-1.0,0.5,-0.8333333333333334,1.0,-0.25,-1.0,0.0,-0.7892170016182799,-0.5711489900509604,0.5064599755234174
416,163,-1.0,0.5,-0.8333333333333334,0.0,0.0,0.0,0.0,-0.7090978667293695,-0.1545940585002536,0.26047295074416715
417,394,-1.0,0.5,-0.8333333333333334,0.0,0.25,0.0,0.0,-0.3492809951267192,-0.281844508048539,0.5631824821360425
418,516,-1.0,0.5,-0.8333333333333334,0.0,0.5,-1.0,0.0,-0.1583000225913682,-0.34604024389950305,0.10462291587161641
419,246,-1.0,0.5,-0.8333333333333334,0.0,0.75,-1.0,1.0,-0.281768765819721,0.5346025800581105,0.5957758155571053
420,317,-1.0,0.5,-0.8333333333333334,0.0,-0.75,0.0,0.0,-0.8545604595729772,-1.1103325092617775,0.0
421,515,-1.0,0.5,-0.8333333333333334,0.0,-0.5,0.0,0.0,-0.8079650709783909,-1.042126345334928,0.2553355002566095
422,253,-1.0,0.5,-0.8333333333333334,0.0,-0.25,0.0,0.0,-0.47731596103219504,-0.6529607599111251,0.9165085339053308
423,229,-1.0,0.5,-0.8333333333333334,0.0,0.0,0.0,0.0,-0.49365182552086945,-1.1103325092617775,0.13098393230777342
424,325,-1.0,0.5,-0.6666666666666666,0.0,0.25,0.0,0.0,-0.04423666532962635,-0.05315863337321279,0.4843942045768578
425,246,-1.0,0.5,-0.6666666666666666,0.0,0.5,-1.0,1.0,-0.4703522870302494,0.14743980145251628,-0.37973970601781804
426,956,-1.0,0.5,-0.6666666666666666,0.0,0.75,-1.0,1.0,-0.2724703430660635,-0.025076007963082673,-0.20945638299272276
427,710,-1.0,0.5,-0.6666666666666666,0.0,-0.75,0.0,0.0,-0.679930105072915,-1.0742242132604103,1.6169914858338492
428,203,-1.0,0.5,-0.6666666666666666,0.0,-0.5,0.0,0.0,-0.9080568195963985,-0.5787365466507145,0.5040912739666541
429,221,-1.0,0.5,-0.6666666666666666,0.0,-0.25,0.0,0.0,-0.8568952083246888,-0.8174508987354873,0.2094984932426208
430,432,-1.0,0.5,-0.6666666666666666,0.0,0.0,0.0,0.0,-0.37719101693430535,-0.5446358719070232,1.734984406048085
431,486,-1.0,0.5,-0.6666666666666666,0.0,0.25,0.0,0.0,0.1373536747857279,-0.28385212930621495,0.0
432,447,-1.0,0.5,-0.6666666666666666,0.0,0.5,-1.0,1.0,-0.3329930796645412,-1.0561700652597266,0.0
433,968,-1.0,0.5,-0.6666666666666666,0.0,0.75,-1.0,0.0,-0.7730766216222448,-1.3289850920881905,0.4713716097958968
434,1658,-1.0,0.5,-0.6666666666666666,0.0,-0.75,0.0,0.0,-0.47098668953466405,-0.7197659219531214,0.43807292968904205
435,838,-1.0,0.5,-0.6666666666666666,0.0,-0.5,0.0,0.0,-0.10243571833635305,-0.6609816160628956,0.2814859654432763
436,762,-1.0,0.5,-0.6666666666666666,0.0,-0.25,0.0,0.0,0.20494336021245133,-0.04313015596376632,0.5892803095103368
437,997,-1.0,0.5,-0.6666666666666666,0.0,0.0,0.0,0.0,0.2259229034979738,-0.5747261185748292,-0.6939032253819533
438,1005,-1.0,0.5,-0.6666666666666666,0.0,0.25,0.0,0.0,0.16767590146475064,-0.22567925722827875,-0.3273229724572647
439,548,-1.0,0.5,-0.6666666666666666,0.0,0.5,-1.0,1.0,-0.18860749572377666,1.0381111028195762,-0.7135897672092749
440,3155,-1.0,0.5,-0.6666666666666666,0.0,0.75,-1.0,1.0,0.06521620861514936,0.6228656988038523,-0.7397823426458398
441,2207,-1.0,0.5,-0.6666666666666666,0.0,-0.75,0.0,1.0,-0.08617730996740389,0.883649441404661,-0.5694569093708467
442,982,-1.0,0.5,-0.6666666666666666,0.0,-0.5,0.0,0.0,0.16766114791813638,0.4924762347231819,-0.1964232606492874
443,1051,-1.0,0.5,-0.6666666666666666,0.0,-0.25,0.0,0.0,0.18872921248334468,0.8736209639952148,-0.6285375899777607
444,1122,0.0,0.5,-0.6666666666666666,0.0,0.0,0.0,1.0,0.09550523981428988,0.9378118854067119,-0.9623950204629497
445,1334,0.0,0.5,-0.6666666666666666,0.0,0.25,0.0,0.0,0.163035911054556,0.9859562800752016,-0.6675843191956943
446,2469,0.0,0.5,-0.6666666666666666,0.0,0.5,-1.0,1.0,0.3050387972171125,0.32597847464114416,-0.6808701030385179
447,1033,0.0,0.5,-0.6666666666666666,0.0,0.75,-1.0,1.0,-0.002329216171731293,1.2467400226760101,0.12430945769893803
448,1532,0.0,0.5,-0.6666666666666666,0.0,-0.75,0.0,1.0,-0.18396381692692831,1.2246706321599738,0.41899698648524186
449,795,0.0,0.5,-0.6666666666666666,0.0,-0.5,0.0,0.0,-0.17930907297011944,-0.7151440600649466,0.0
450,531,0.0,0.5,-0.6666666666666666,0.0,-0.25,0.0,0.0,-0.6333347164783285,-1.619859081356805,0.06544985590398868
451,674,0.0,0.5,-0.6666666666666666,0.0,0.0,0.0,0.0,-0.06054302272507225,-0.6990975333219389,1.1653590556776463
452,834,0.0,0.5,-0.6666666666666666,0.0,0.25,0.0,0.0,-0.018665080660405443,-0.9017035894053442,1.4599097261517815
453,796,0.0,0.5,-0.6666666666666666,0.0,0.5,-1.0,1.0,-0.4121532340235227,-0.21966120789471755,-0.4517166506559988
454,2301,0.0,0.5,-0.6666666666666666,1.0,0.75,-1.0,1.0,-0.24216655832030873,0.5386130081339954,0.7331605058493771
455,2347,0.0,0.5,-0.5,0.0,-0.75,0.0,1.0,-0.25847291571575437,0.23971816271361082,-0.09167401402797713
456,1208,0.0,0.5,-0.5,0.0,-0.5,0.0,0.0,-0.22075547379631805,-0.5878936105166611,1.3808372044057848
457,1348,0.0,0.5,-0.5,0.0,-0.25,0.0,0.0,-0.09546097917444685,-1.1063172667464256,-0.8510692055638169
458,1058,0.0,0.5,-0.5,0.0,0.0,0.0,0.0,0.1699811431232337,-0.7552675985816658,0.0
459,1192,0.0,0.5,-0.5,0.0,0.25,0.0,0.0,-0.2072928625107769,-1.2146421547505275,0.4058796436420104
460,1807,0.0,0.5,-0.5,0.0,0.5,-1.0,0.0,-0.35628892976850757,-1.2006032492651957,1.257127817767894
461,3252,0.0,0.5,-0.5,0.0,0.75,-1.0,0.0,-0.2258602009248628,-1.7923748907724042,0.9884960061059866
462,2230,0.0,0.5,-0.5,0.0,-0.75,0.0,0.0,0.018665080660405706,-1.6880652452836542,0.5434433024963484
463,905,0.0,0.5,-0.5,0.0,-0.5,0.0,0.0,-0.039563479439549507,-1.487461996018458,1.8657051492939956
464,819,0.0,0.5,-0.5,0.0,-0.25,0.0,0.0,-0.1885927421771624,-0.9217653586637039,0.7200852732560434
465,482,0.0,0.5,-0.5,0.0,0.0,0.0,0.0,-0.5535917970280825,-0.7553542584920692,1.2032898632732825
466,663,0.0,0.5,-0.5,0.0,0.25,0.0,0.0,-0.3679552967537588,-0.7713141253246735,1.1522838230843124
467,1252,0.0,0.5,-0.5,0.0,0.5,-1.0,0.0,-0.20491385311922256,-1.0501520159261652,-0.268494953349739
468,2795,0.0,0.5,-0.5,0.0,0.75,-1.0,0.0,0.002329216171731293,-0.5947830733937223,0.10466502612151446
469,2846,0.0,0.5,-0.5,0.0,-0.75,0.0,0.0,0.3190841735939181,-0.5707108760594773,0.46483399349923027
470,1198,0.0,0.5,-0.5,0.0,-0.5,0.0,0.0,0.47049244572308535,-0.3119347547163451,1.0933294732270926
471,989,0.0,0.5,-0.5,0.0,-0.25,0.0,0.0,0.40986274591165417,-1.1364075134142317,0.9754207735126529
472,347,0.0,0.5,-0.5,0.0,0.0,0.0,1.0,-0.11185585784957829,-0.2758264587149778,-0.13752154860444
473,846,0.0,0.5,-0.5,0.0,0.25,0.0,0.0,0.02095556877227451,-0.06720235329801119,-1.2111518469292417
474,1340,0.0,0.5,-0.5,0.0,0.5,-1.0,0.0,0.10478890902133284,0.3279812814593528,-0.32744930320695886
475,2541,0.0,0.5,-0.5,0.0,0.75,-1.0,0.0,0.20491385311922256,0.2718160306390932,1.0802542406337594
476,120,0.0,0.5,-0.5,0.0,-0.75,0.0,2.0,-0.36094736211197015,1.0060180493335615,1.7220039215170222
477,195,0.0,0.5,-0.5,0.0,-0.5,0.0,1.0,-0.6869232861680891,0.6750253359876947,1.2898474819386507
478,518,0.0,0.5,-0.5,0.0,-0.25,0.0,0.0,-0.3027483091052435,-0.8294869974026097,0.7201694937558395
479,655,0.0,0.5,-0.5,0.0,0.0,0.0,0.0,-0.06287777147678382,-0.9558660334073952,-0.654635417352055
480,475,0.0,0.5,-0.5,0.0,0.25,0.0,1.0,-0.01394763413048583,0.6268809413192049,-0.04579489676409038
481,1014,0.0,0.5,-0.5,0.0,0.5,-1.0,0.0,-0.12808844751195264,-1.0862603119275327,1.7545025068758144
482,1120,0.0,0.5,-0.5,0.0,0.75,-1.0,1.0,-0.405208001954845,-0.6589788092446863,-0.5369056861996816
483,2229,0.0,0.5,-0.5,0.0,-0.75,0.0,0.0,-0.13736842833234217,-0.18957096122691147,-0.6744693450540197
484,665,0.0,0.5,-0.5,0.0,-0.5,0.0,1.0,-0.10942889943152748,-0.27181603063909254,-0.09829585082443977
485,653,0.0,0.5,-0.3333333333333333,0.0,-0.25,0.0,1.0,0.3306878380060584,0.15947590011963872,-0.2619152268031741
486,667,0.0,0.5,-0.3333333333333333,0.0,0.0,0.0,0.0,0.18637971018501884,0.8214613268113725,-0.45181139871826936
487,764,0.0,0.5,-0.3333333333333333,0.0,0.25,0.0,1.0,0.18396750531358227,0.6830461921394645,-0.49773262623205383
488,1069,0.0,0.5,-0.3333333333333333,0.0,0.5,-1.0,0.0,0.3819416589441074,0.5245741026486643,-0.1898856443526208
489,2496,0.0,0.5,-0.3333333333333333,0.0,0.75,-1.0,1.0,0.3586716275467159,0.6268809413192049,-0.29459278072403333
490,2135,0.0,0.5,-0.3333333333333333,0.0,-0.75,0.0,1.0,0.21898873658925666,0.5466386787252329,-0.32736508270716275
491,1008,0.0,0.5,-0.3333333333333333,0.0,-0.5,0.0,1.0,0.14671480011249585,0.18154529063567498,0.523704122856654
492,738,0.0,0.5,-0.3333333333333333,0.0,-0.25,0.0,1.0,0.2585798789287084,0.28585493612442425,1.211238172941533
493,620,0.0,0.5,-0.3333333333333333,0.0,0.0,0.0,1.0,0.24218131186692324,0.5667004479835928,0.3730652314089826
494,1026,0.0,0.5,-0.3333333333333333,0.0,0.25,0.0,0.0,0.01629713642881192,-0.3580763425666255,1.4010922346067303
495,1319,0.0,0.5,-0.3333333333333333,0.0,0.5,-1.0,0.0,0.12344476871510457,-1.2808406974197009,0.5891434511981684
496,2622,0.0,0.5,-0.3333333333333333,0.0,0.75,-1.0,0.0,0.21190703421439672,-0.7031079613978242,-0.6089352686502348
497,2172,0.0,0.5,-0.3333333333333333,0.0,-0.75,0.0,0.0,0.3609953111384669,-0.24172578397128644,0.4647076627495362
498,342,0.0,0.5,-0.3333333333333333,0.0,-0.5,0.0,1.0,0.23065510357450794,0.7853530308100052,0.33390269900382935
499,625,0.0,0.5,-0.3333333333333333,0.0,-0.25,0.0,1.0,0.32841210344080385,0.80942522814425,-0.3535471305812532
500,991,0.0,0.5,-0.3333333333333333,0.0,0.0,0.0,0.0,0.4005975186378789,0.3440326226418278,-0.6154728849469017
501,1242,0.0,0.5,-0.3333333333333333,0.0,0.25,0.0,0.0,0.31442942963710896,-0.5125380039815411,0.5105867800134226
502,1521,0.0,0.5,-0.3333333333333333,0.0,0.5,-1.0,0.0,0.2351586236785203,-0.4964914772385335,-0.4648761037491283
503,3410,0.0,0.5,-0.3333333333333333,0.0,0.75,-1.0,0.0,0.2933871837784758,-0.8194585199931632,-1.0211735600268455
504,2704,0.0,0.5,-0.3333333333333333,0.0,-0.75,0.0,0.0,0.3563073717017758,-0.46238598805537545,0.7726388651287652
505,630,0.0,0.5,-0.3333333333333333,0.0,-0.5,0.0,1.0,0.2888098959413916,0.8896674907382222,0.5498440604808464
506,819,0.0,0.5,-0.3333333333333333,0.0,-0.25,0.0,1.0,0.34471846083624974,0.6710100934723421,-0.6612151438986198
507,766,0.0,0.5,-0.3333333333333333,0.0,0.0,0.0,1.0,0.3586863810933301,0.7131364388072706,-0.8314142464239188
508,1059,0.0,0.5,-0.3333333333333333,0.0,0.25,0.0,0.0,0.4401554654974484,0.43430336264524605,-0.0850521772315142
509,1417,0.0,0.5,-0.3333333333333333,0.0,0.5,-1.0,0.0,0.516980871104718,0.5807393534689238,-0.42557671303180644
510,2855,0.0,0.5,-0.3333333333333333,0.0,0.75,-1.0,0.0,0.5729226314794581,0.5105303827238655,0.18967509310313063
511,3283,0.0,0.5,-0.3333333333333333,0.0,-0.75,0.0,0.0,0.568234692042767,0.3400173801264752,0.3600005263781237
512,2557,0.0,0.5,-0.3333333333333333,0.0,-0.5,0.0,0.0,0.7079323365468407,0.23971816271361082,0.16366148622863236
513,880,0.0,0.5,-0.3333333333333333,1.0,-0.25,-1.0,0.0,0.6846659935361027,0.27983688679086305,1.2046163361450697
514,745,0.0,0.5,-0.3333333333333333,0.0,0.0,0.0,1.0,0.4564913299861228,0.20962791604580475,-0.4910686791856932
515,1100,0.0,0.5,-0.3333333333333333,0.0,0.25,0.0,0.0,0.5309967403882951,-0.6429274680622119,0.15058625363529896
516,533,0.0,0.5,-0.16666666666666666,0.0,0.5,-1.0,1.0,0.44481020945425725,0.6208628919856437,0.5957337053072076
517,2795,0.0,0.5,-0.16666666666666666,0.0,0.75,-1.0,0.0,0.2911003840532604,-0.3721152480519572,0.058817491545051316
518,2494,0.0,0.5,-0.16666666666666666,0.0,-0.75,0.0,0.0,0.32372416400411275,-0.6409246612440027,0.03276177442065502
519,1071,0.0,0.5,-0.16666666666666666,0.0,-0.5,0.0,0.0,0.3353425819628673,-0.6710149079118087,1.093371583476991
520,968,0.0,0.5,-0.16666666666666666,0.0,-0.25,0.0,1.0,0.14210431679552973,-0.06319192522212592,0.30108828677080185
521,1027,0.0,0.5,-0.16666666666666666,0.0,0.0,0.0,0.0,0.20259385791412524,-0.0732204026315724,-1.0932873629771949
522,1038,0.0,0.5,-0.16666666666666666,0.0,0.25,0.0,0.0,0.30273355555862946,-0.2858597505638909,-0.24871366346014656
523,1488,0.0,0.5,-0.16666666666666666,0.0,0.5,-1.0,0.0,0.4075575042531711,-0.7632884547334363,-0.05887012935742407
524,2708,0.0,0.5,-0.16666666666666666,0.0,0.75,-1.0,0.0,0.5938394721918698,-0.9117368812542573,-0.38623521206458655
525,2224,0.0,0.5,-0.16666666666666666,0.0,-0.75,0.0,0.0,0.6497185299934992,-0.42427488523579887,-0.49746943717019115
526,1017,0.0,0.5,-0.16666666666666666,0.0,-0.5,0.0,1.0,0.6357174142565367,-0.18555571871155954,0.2814859654432763
527,477,0.0,0.5,-0.16666666666666666,0.0,-0.25,0.0,1.0,0.4076054532796676,0.9959847574846478,0.35342079983155905
528,1173,0.0,0.5,-0.16666666666666666,0.0,0.0,0.0,0.0,0.45644706934627977,-0.21364315856115632,1.708665499861826
529,1180,0.0,0.5,-0.16666666666666666,0.0,0.25,0.0,0.0,0.5053772066925778,-0.2738236518967685,0.7659643905199301
530,1563,0.0,0.5,-0.16666666666666666,0.0,0.5,-1.0,0.0,0.414535931801731,-0.17753486255978904,-0.045879117263886465
531,2963,0.0,0.5,-0.16666666666666666,0.0,0.75,-1.0,0.0,0.39592433274780203,-0.588765024060161,-0.150628363885197
532,2634,0.0,0.5,-0.16666666666666666,0.0,-0.75,0.0,0.0,0.31207623895212944,-0.13340089596718457,-0.37973970601781804
533,653,0.0,0.5,-0.16666666666666666,0.0,-0.5,0.0,1.0,0.2119992438807362,0.7291877799897456,-0.0655761866536828
534,968,0.0,0.5,-0.16666666666666666,0.0,-0.25,0.0,0.0,0.6171685177757187,0.3059167053827842,-0.3469674040346883
535,872,0.0,0.5,-0.16666666666666666,0.0,0.0,0.0,0.0,0.8616458503344908,-0.1654987638926666,-0.7070626784750828
536,778,1.0,0.5,-0.16666666666666666,0.0,0.25,0.0,0.0,0.9780771518278264,-0.281844508048539,-0.6546880551644275
537,964,1.0,0.5,-0.16666666666666666,0.0,0.5,-1.0,0.0,0.873249514746631,-0.2537618826384089,0.01965495913989801
538,2657,1.0,0.5,-0.16666666666666666,0.0,0.75,-1.0,0.0,0.6101605831339303,-0.44232903323648254,-0.013201563343027524
539,2551,1.0,0.5,-0.16666666666666666,0.0,-0.75,0.0,0.0,0.6893207374929116,-0.7091260107313854,-0.3732020897211512
540,1139,1.0,0.5,-0.16666666666666666,0.0,-0.5,0.0,0.0,0.6147710664508964,-0.588765024060161,1.2570751799555213
541,1077,1.0,0.5,-0.16666666666666666,0.0,-0.25,0.0,0.0,0.3959095792011878,-1.2186573972658794,1.7545972549380853
542,1077,1.0,0.5,-0.16666666666666666,0.0,0.0,0.0,0.0,0.5658999432910554,-1.2828483186773767,0.9559026726849235
543,921,1.0,0.5,-0.16666666666666666,0.0,0.25,0.0,0.0,0.6939607279031061,-0.981945851999316,-0.09816952007474565
544,829,1.0,0.5,-0.16666666666666666,0.0,0.5,-1.0,0.0,1.1037441735017084,-0.6629892373205716,-0.16378781697832648
545,1455,1.0,0.5,-0.16666666666666666,0.0,0.75,-1.0,0.0,0.7382066141993667,-0.12136479730006212,-0.20954060349251882
546,1421,1.0,0.5,0.0,0.0,-0.75,0.0,0.0,0.9710212681595415,-0.5185560533151023,-0.13102604255767147
547,904,1.0,0.5,0.0,0.0,-0.5,0.0,0.0,0.791798872275781,-0.8635924865857677,0.15045992288560484
548,1052,1.0,0.5,0.0,0.0,-0.25,0.0,0.0,0.7940561649077676,-0.6469427105775639,-0.5762577147293759
549,2562,1.0,0.5,0.0,1.0,0.0,-1.0,0.0,0.903553299492386,-0.4222672639781229,-0.4845310628890263
550,1405,1.0,0.5,0.0,1.0,0.25,-1.0,0.0,1.0106271640456075,-0.811432849401926,0.13742680054216946
551,1366,1.0,0.5,0.0,0.0,0.5,-1.0,0.0,0.9780439563479442,-0.845538338585084,-0.3667065836743827
552,1448,1.0,0.5,0.0,0.0,0.75,-1.0,0.0,1.1712416492620925,-0.6469427105775639,-0.18340066586832646
553,1203,1.0,0.5,0.0,0.0,-0.75,0.0,0.0,1.1176973402121746,-0.2537618826384089,-0.5826584727138743
554,998,1.0,0.5,0.0,0.0,-0.5,0.0,1.0,0.6148153270907392,0.27381883745730184,0.0
555,954,1.0,0.5,0.0,0.0,-0.25,0.0,1.0,0.6544359765234194,0.1975918173786823,-0.3078048716295353
556,975,1.0,0.5,0.0,0.0,0.0,0.0,0.0,0.6008621603802731,0.033096864114853526,-0.30784698187943305
557,1032,1.0,0.5,0.0,0.0,0.25,0.0,0.0,0.6171353222958366,-0.4664012305707274,-0.3600426366280217
558,1511,1.0,0.5,0.0,0.0,0.5,-1.0,1.0,0.6660064454556774,-0.6770329572453699,-1.054072192759669
559,2355,1.0,0.5,0.0,0.0,0.75,-1.0,1.0,0.6590317062937713,0.350050671975389,-0.39263597004908485
560,1920,1.0,0.5,0.0,0.0,-0.75,0.0,0.0,0.803446797327764,0.44032141197880725,-0.150628363885197
561,1088,1.0,0.5,0.0,0.0,-0.5,0.0,0.0,0.8732642682932453,0.08926692937458043,-0.17673671882196576
562,921,1.0,0.5,0.0,0.0,-0.25,0.0,0.0,0.9896623743066987,-0.5807441679083905,-0.700567172428314
563,799,1.0,0.5,0.0,0.0,0.0,0.0,0.0,0.9524096691056128,-0.2377153558954012,-0.45829637720256344
564,888,1.0,0.5,0.0,0.0,0.25,0.0,0.0,0.8382872976574139,-0.1253752253759474,-0.16366148622863236
565,747,1.0,0.5,0.0,0.0,0.5,-1.0,1.0,0.46348451108129696,1.04814439466849,0.29468752878630355
566,1264,1.0,0.5,0.0,0.0,0.75,-1.0,2.0,0.23069936421435072,1.1504512333390307,0.34030345698832765
567,2544,1.0,0.5,0.0,0.0,-0.75,0.0,1.0,0.5007372162823831,0.6549635667293348,-0.916468529167928
568,1135,1.0,0.5,0.0,0.0,-0.5,0.0,0.0,0.7474607763131812,0.32597847464114416,-0.44523167217170473
569,1140,1.0,0.5,0.0,0.0,-0.25,0.0,0.0,0.8080720341913444,0.13741132404307016,0.32086957666039395
570,1383,1.0,0.5,0.0,0.0,0.0,0.0,0.0,0.6148153270907392,-0.8495487666609692,-0.170283323025095
571,1036,1.0,0.5,0.0,0.0,0.25,0.0,0.0,0.929099065455032,-0.14342937337663103,1.093161032227501
572,1259,1.0,0.5,0.0,0.0,0.5,-1.0,0.0,0.9104874664011032,-0.15346266522554416,-0.29459278072403333
573,2234,1.0,0.5,0.0,1.0,0.75,-1.0,0.0,0.7754445658538389,-0.06319192522212592,-0.24871366346014656
574,2153,1.0,0.5,0.0,0.0,-0.75,0.0,0.0,0.6660064454556774,-0.013039909295960241,-0.11137108341777317
575,1040,1.0,0.5,0.0,0.0,-0.5,0.0,0.0,0.7289081914457095,0.20360986671224354,-0.2880130541774684
576,968,1.0,0.5,0.0,0.0,-0.25,0.0,0.0,0.6474280418816305,0.3741228693096339,-0.16370359647853042
577,1074,1.0,0.5,0.16666666666666666,0.0,0.0,0.0,0.0,0.6637012037971944,0.24573621204717205,-0.41895487623534383
578,983,1.0,0.5,0.16666666666666666,0.0,0.25,0.0,0.0,0.810425224876324,0.15947590011963872,-0.5434433024963484
579,1328,1.0,0.5,0.16666666666666666,0.0,0.5,-1.0,1.0,0.8686242778830506,0.077230830707458,0.3665381426747905
580,2345,1.0,0.5,0.16666666666666666,0.0,0.75,-1.0,0.0,0.973374458844521,-0.06319192522212592,0.8051795607374559
581,1707,1.0,0.5,0.16666666666666666,0.0,-0.75,0.0,0.0,0.8989133090821915,0.12537522537594772,1.152199602584517
582,1233,1.0,0.5,0.16666666666666666,0.0,-0.5,0.0,1.0,0.8220731499283076,0.13340089596718524,-0.5434433024963484
583,1278,1.0,0.5,0.16666666666666666,0.0,-0.25,0.0,1.0,0.7755072684269496,0.37211524805195756,-0.6744693450540197
584,1263,1.0,0.5,0.16666666666666666,0.0,0.0,0.0,1.0,0.8127452200814212,0.2236716359706035,-0.7398244528957377
585,1196,1.0,0.5,0.16666666666666666,0.0,0.25,0.0,0.0,0.7824672540422416,-0.02908643603896793,-0.26187311655327605
586,1065,1.0,0.5,0.16666666666666666,0.0,0.5,-1.0,1.0,0.6660396409355597,0.4302881201298934,0.6088931584003371
587,2247,1.0,0.5,0.16666666666666666,0.0,0.75,-1.0,1.0,0.556586766990784,0.5125380039815418,0.2684949533497387
588,2182,1.0,0.5,0.16666666666666666,0.0,-0.75,0.0,0.0,0.5798678635481358,-0.46238598805537545,-0.6154728849469017
589,1207,1.0,0.5,0.16666666666666666,0.0,-0.5,0.0,0.0,0.6450600976500367,-0.3901693960526409,-0.471245279046203
590,1128,1.0,0.5,0.16666666666666666,0.0,-0.25,0.0,0.0,0.698633913793183,0.2898701786397769,-0.12440420576120854
591,1198,1.0,0.5,0.16666666666666666,0.0,0.0,0.0,0.0,0.6147526245176285,-0.03310167855431985,-0.11795080996433806
592,1338,1.0,0.5,0.16666666666666666,0.0,0.25,0.0,0.0,0.6171537642291045,-0.5165484320574264,-0.41245937018857504
593,1483,1.0,0.5,0.16666666666666666,0.0,0.5,-1.0,0.0,-0.9035237923991575,-0.2678056025632073,0.530368069903015
594,2827,1.0,0.5,0.16666666666666666,0.0,0.75,-1.0,0.0,0.48209611013522563,-0.11133631989061565,-0.03271966417075698
595,1208,1.0,0.5,0.16666666666666666,0.0,-0.75,0.0,1.0,0.4285518010853081,0.4102311653110012,-0.9951178429024491
596,1026,1.0,0.5,0.16666666666666666,0.0,-0.5,0.0,1.0,0.4005680115446504,0.518556053315103,-0.5368635759497835
597,1081,1.0,0.5,0.16666666666666666,0.0,-0.25,0.0,0.0,0.4192238712384221,0.22768206404648839,-1.1391264755036783
598,1094,1.0,0.5,0.16666666666666666,0.0,0.0,0.0,0.0,0.496049276845692,0.24372859078949574,-1.1653137871590058
599,1363,1.0,0.5,0.16666666666666666,0.0,0.25,0.0,0.0,0.5519430881939357,0.045132962781975955,-1.0146380492426736
600,1325,1.0,0.5,0.16666666666666666,0.0,0.5,-1.0,1.0,0.589166286301793,-0.055166254630888756,-1.145706202050243
601,1829,1.0,0.5,0.16666666666666666,0.0,0.75,-1.0,1.0,0.4844013517937087,0.4162492146445624,0.6677948704451845
602,1483,1.0,0.5,0.16666666666666666,0.0,-0.75,0.0,1.0,0.4006749747576041,1.05616525082026,0.5040912739666541
603,989,1.0,0.5,0.16666666666666666,0.0,-0.5,0.0,0.0,0.6171537642291045,0.5005019053144194,-0.549980918793015
604,935,1.0,0.5,0.16666666666666666,0.0,-0.25,0.0,0.0,0.6590612133869997,-0.031094057296643888,0.10474924662131053
605,1177,1.0,0.5,0.16666666666666666,0.0,0.0,0.0,0.0,0.5472403952106303,-0.3580763425666255,-0.7202221315682121
606,1172,1.0,0.5,0.16666666666666666,0.0,0.25,0.0,0.0,0.6101126341074339,-0.1735196200444371,-1.0933747417457333
607,1433,1.0,0.5,0.16666666666666666,0.0,0.5,-1.0,0.0,0.7451850417479267,-0.1875633399692355,-0.13098393230777342
608,2352,1.0,0.5,0.3333333333333333,0.0,0.75,-1.0,1.0,0.7940709184543818,0.05716906144909839,-0.7136424050216473
609,2613,1.0,0.5,0.3333333333333333,0.0,-0.75,0.0,1.0,0.596174220943582,0.9077216387389058,-1.2307162690318594
610,1965,1.0,0.5,0.3333333333333333,0.0,-0.5,0.0,0.0,0.6427548559915536,0.7913710801435664,-0.31428985011382937
611,867,1.0,0.5,0.3333333333333333,1.0,-0.25,-1.0,0.0,0.7359198144741517,0.6188552707279674,0.5826584727138743
612,832,1.0,0.5,0.3333333333333333,0.0,0.0,0.0,0.0,0.817414717584845,0.5526567280587941,0.07193483438828276
613,611,1.0,0.5,0.3333333333333333,0.0,0.25,0.0,1.0,0.6195180200740446,0.8856570626623372,-0.4058796436420104
614,1045,1.0,0.5,0.3333333333333333,0.0,0.5,-1.0,0.0,0.6264337450494938,0.5285845307245491,-0.0982116303246437
615,1557,1.0,0.5,0.3333333333333333,0.0,0.75,-1.0,1.0,0.456461822892894,0.8314946186602863,1.0541143030095668
616,2570,1.0,0.5,0.3333333333333333,0.0,-0.75,0.0,0.0,0.33771052619446107,-0.38014091864319444,0.4581700464528696
617,1118,1.0,0.5,0.3333333333333333,0.0,-0.5,0.0,0.0,0.28876194691489515,-0.590772645317837,0.8183916516429576
618,1070,1.0,0.5,0.3333333333333333,0.0,-0.25,0.0,0.0,0.24685449775700008,-0.5125380039815411,-0.9361192772828363
619,1050,1.0,0.5,0.3333333333333333,0.0,0.0,0.0,0.0,0.30506830431034104,-0.2377153558954012,-0.5172086168098855
620,1054,1.0,0.5,0.3333333333333333,0.0,0.25,0.0,0.0,0.3400452749461729,0.05115101211553717,-1.0343772288823678
621,1379,1.0,0.5,0.3333333333333333,0.0,0.5,-1.0,0.0,0.393619091089319,0.22166401471292718,-0.8118013975339186
622,3160,1.0,0.5,0.3333333333333333,0.0,0.75,-1.0,0.0,0.3633153063435642,-0.6008011227272835,0.700567172428314
623,2166,1.0,0.5,0.3333333333333333,0.0,-0.75,0.0,0.0,0.2794340170680094,-0.27181603063909254,-0.955815293916385
624,1022,1.0,0.5,0.3333333333333333,0.0,-0.5,0.0,1.0,0.24227352153326248,0.5205588601333117,-0.30775223381716255
625,371,1.0,0.5,0.3333333333333333,0.0,-0.25,0.0,1.0,0.28659686394924805,1.1845519080827218,1.8592938637470229
626,788,1.0,0.5,0.3333333333333333,0.0,0.0,0.0,0.0,0.1956301839121796,-0.4322957413875694,0.3600426366280217
627,939,1.0,0.5,0.3333333333333333,0.0,0.25,0.0,0.0,0.16534115271303906,-0.03911972788788107,-0.6612151438986198
628,1250,1.0,0.5,0.3333333333333333,0.0,0.5,-1.0,0.0,0.3120614854055152,0.20360986671224354,-0.28157018594307237
629,2512,1.0,0.5,0.3333333333333333,0.0,0.75,-1.0,0.0,0.4541270741411824,0.09729259996581795,1.0802121303838612
630,2454,0.0,0.5,0.3333333333333333,0.0,-0.75,0.0,0.0,0.11643683407331615,-0.7673036972487882,0.44513692410943395
631,1001,0.0,0.5,0.3333333333333333,0.0,-0.5,0.0,0.0,0.0558735252216491,-0.6429274680622119,-0.406058612204077
632,845,0.0,0.5,0.3333333333333333,0.0,-0.25,0.0,0.0,0.20955384352941744,-0.27181603063909254,0.5826584727138743
633,787,0.0,0.5,0.3333333333333333,0.0,0.0,0.0,0.0,0.4029507093228584,0.021060765447731094,0.6677106499453884
634,751,0.0,0.5,0.3333333333333333,0.0,0.25,0.0,1.0,0.4448581584807537,0.3099271334586691,-0.4909318208735246
635,1045,0.0,0.5,0.3333333333333333,0.0,0.5,-1.0,1.0,0.36330055279694995,0.3059167053827842,-0.17682093932176185
636,2589,0.0,0.5,0.3333333333333333,0.0,0.75,-1.0,0.0,0.1583479716178649,-0.4022054947197633,0.4908897106236266
637,2015,0.0,0.5,0.3333333333333333,0.0,-0.75,0.0,0.0,0.11175258302327848,-0.2076251092275951,-0.4844468423892305
638,763,0.0,0.5,0.5,0.0,-0.5,0.0,1.0,0.09086524940409524,0.10932869863294038,-0.9492787303759658
639,315,0.0,0.5,0.5,0.0,-0.25,0.0,2.0,0.20274508176692177,1.1805414800068368,-0.8053585292995223
640,728,0.0,0.5,0.5,0.0,0.0,0.0,1.0,0.4122454436898622,0.8054148000683651,-1.204660551907463
641,891,0.0,0.5,0.5,0.0,0.25,0.0,1.0,0.4448581584807537,0.4643936093130521,-0.6677527601952865
642,1516,0.0,0.5,0.5,0.0,0.5,-1.0,0.0,0.3423652701512702,0.005014238704723406,-0.7856193496598283
643,3031,0.0,0.5,0.5,0.0,0.75,-1.0,0.0,0.1886849518435019,0.18154529063567498,0.9164243134055348
644,781,0.0,0.5,0.5,0.0,-0.75,0.0,1.0,-0.24915605102882946,0.39417982412852615,-0.4191338447974104
645,874,0.0,0.5,0.5,0.0,-0.5,0.0,1.0,-0.3679405432071443,0.40019787346208735,0.09163190377807909
646,601,0.0,0.5,0.5,0.0,-0.25,0.0,1.0,-0.18166226365509897,0.6509531386534498,0.09816952007474565
647,780,0.0,0.5,0.5,0.0,0.0,0.0,0.0,0.05819352042674642,0.021060765447731094,0.07207169270045131
648,834,0.0,0.5,0.5,0.0,0.25,0.0,0.0,-0.20727810896416263,-0.7853578452494718,0.006537616296666564
649,1060,0.0,0.5,0.5,0.0,0.5,-1.0,0.0,-0.20025542077575997,-0.42025964272044697,0.5697200984327091
650,2252,0.0,0.5,0.5,0.0,0.75,-1.0,0.0,-0.3539689345634103,-0.6349066119104414,-0.3667065836743827
651,2080,0.0,0.5,0.5,0.0,-0.75,0.0,0.0,0.0768641336671324,0.06720235329801187,1.027879617323104
652,760,0.0,0.5,0.5,0.0,-0.5,0.0,1.0,0.19100494704859922,0.3901693960526412,1.211322393441329
653,922,0.0,0.5,0.5,0.0,-0.25,0.0,0.0,-0.09781048147277267,-0.32798609589881944,0.013117342843231447
654,979,0.0,0.5,0.5,0.0,0.0,0.0,0.0,-0.13741637735883838,0.31996042530758295,-0.8380360832203815
655,1008,0.0,0.5,0.5,0.0,0.25,0.0,1.0,0.0931704910625783,0.4904686134655056,0.5891434511981684
656,753,0.0,0.5,0.5,0.0,0.5,-1.0,1.0,0.18637971018501884,0.9077216387389058,-0.4844889526391283
657,2806,0.0,0.5,0.5,0.0,0.75,-1.0,0.0,-0.053564595176512346,-0.25777231071429413,-0.667847508257557
658,2132,0.0,0.5,0.5,0.0,-0.75,0.0,0.0,-0.11410208532160432,-0.5606823986500309,-0.15708175968206775
659,830,0.0,0.5,0.5,0.0,-0.5,0.0,0.0,-0.01631188997542618,-0.2798417012303297,-1.047405087444566
660,841,0.0,0.5,0.5,0.0,-0.25,0.0,0.0,0.15837747871109342,0.07322040263157309,-0.9098888026213633
661,795,0.0,0.5,0.5,0.0,0.0,0.0,0.0,0.2631903622456745,0.04714058403965192,-1.1390380439788925
662,875,0.0,0.5,0.5,0.0,0.25,0.0,1.0,0.15610543253249257,0.8375126679938475,-0.5958600360569015
663,1182,0.0,0.5,0.5,0.0,0.5,-1.0,1.0,0.13051540593000371,0.8696057214798621,-0.5106710005132187
664,2643,0.0,0.5,0.5,0.0,0.75,-1.0,1.0,0.10242096478973906,0.4503498893882534,0.5760366359174113
665,998,0.0,0.5,0.5,0.0,-0.75,0.0,1.0,-0.07226840389678055,0.3279812814593528,0.0
666,2,0.0,0.5,0.5,0.0,-0.5,0.0,2.0,-0.17691162164529714,1.220660204084089,1.8657472595438938
667,87,0.0,0.5,0.5,0.0,-0.25,0.0,1.0,-0.6545244978031048,0.958056603364812,0.33723993630824717
668,419,0.0,0.5,0.5,0.0,0.0,0.0,1.0,-0.46571229662005476,0.1935813893027974,-0.150628363885197
669,466,0.0,0.5,0.6666666666666666,0.0,0.25,0.0,1.0,-0.43309958182916325,-0.21564596537936562,-0.24875577371004462
670,618,0.0,0.5,0.6666666666666666,0.0,0.5,-1.0,0.0,-0.4843681563138265,-0.5025095265720947,0.8969483228277035
671,1029,0.0,0.5,0.6666666666666666,0.0,0.75,-1.0,1.0,-0.6031194530122594,-0.6509531386534492,0.942785329841692
672,1201,0.0,0.5,0.6666666666666666,0.0,-0.75,0.0,0.0,-0.5821251561801224,-0.45034988938825304,-0.01965495913989829
673,378,0.0,0.5,0.6666666666666666,0.0,-0.5,0.0,0.0,-0.6612889989257574,-0.6369094187286507,0.582700582963772
674,466,0.0,0.5,0.6666666666666666,0.0,-0.25,0.0,0.0,-0.7590607523386678,-0.2858597505638909,-0.07855667118474569
675,326,0.0,0.5,0.6666666666666666,0.0,0.0,0.0,1.0,-0.7846802860343851,-0.38014091864319444,1.2962903501730472
676,340,0.0,0.5,0.6666666666666666,0.0,0.25,0.0,0.0,-0.5365625158485363,-1.4105368822171453,1.7566290744956643
677,709,0.0,0.5,0.6666666666666666,0.0,0.5,-1.0,0.0,-0.4866881515189238,-0.41223878656867646,0.3535471305812532
678,2090,0.0,0.5,0.6666666666666666,1.0,0.75,-1.0,0.0,-0.3445967440766815,0.09127455063225673,-1.2962503454356438
679,2290,0.0,0.5,0.6666666666666666,0.0,-0.75,0.0,0.0,-0.24214811638704076,0.1574730933014301,-0.5629614033240778
680,1097,0.0,0.5,0.6666666666666666,0.0,-0.5,0.0,0.0,-0.04419240468978358,0.5546643493164704,-0.07851456093484764
681,327,0.0,0.5,0.6666666666666666,0.0,-0.25,0.0,1.0,-0.6054099411241283,0.17552724130211375,1.6956850153307632
682,373,0.0,0.5,0.6666666666666666,0.0,0.0,0.0,0.0,-0.759075505885282,-0.3580763425666255,0.1963390401494913
683,320,0.0,0.5,0.6666666666666666,0.0,0.25,0.0,1.0,-0.6007367552340513,-0.02908643603896793,-0.2946454185364058
684,484,0.0,0.5,0.6666666666666666,0.0,0.5,-1.0,0.0,-0.5169661175581037,-0.4904734279049723,-0.10474924662131053
685,1313,0.0,0.5,0.6666666666666666,0.0,0.75,-1.0,0.0,-0.593762016072145,-0.3901693960526409,-0.013117342843231447
686,922,0.0,0.5,0.6666666666666666,0.0,-0.75,0.0,0.0,-0.5518508785275962,0.31996042530758295,0.49097393112342264
687,449,0.0,0.5,0.6666666666666666,0.0,-0.5,0.0,1.0,-0.4121532340235227,-0.015047530553636203,0.5694569093708467
688,534,0.0,0.5,0.6666666666666666,0.0,-0.25,0.0,1.0,-0.393541634969594,0.28184450804853933,-1.0343330131199748
689,615,0.0,0.5,0.6666666666666666,0.0,0.0,0.0,0.0,-0.45172593442970643,-0.06118430396444997,-0.8182969035806874
690,955,0.0,0.5,0.6666666666666666,0.0,0.25,0.0,0.0,-0.5052849970262382,-0.22166401471292685,-1.348624968746299
691,1603,0.0,0.5,0.6666666666666666,1.0,0.5,-1.0,0.0,-0.40050530897153963,-0.27783407997265375,-0.34692529378479026
692,532,0.0,0.5,0.6666666666666666,1.0,0.75,-1.0,0.0,-0.8801320442421982,-1.068206163926849,2.06230737850535
693,309,0.0,0.5,0.6666666666666666,0.0,-0.75,0.0,0.0,-0.8475230178379601,-0.761285647915227,-0.3208274664104959
694,337,0.0,0.5,0.6666666666666666,0.0,-0.5,0.0,0.0,-0.5472108881174015,-0.43831379072113064,-1.4141148293876908
695,123,0.0,0.5,0.6666666666666666,0.0,-0.25,0.0,1.0,-0.75909394781855,0.7713141253246741,0.5957231777447329
696,198,0.0,0.5,0.6666666666666666,0.0,0.0,0.0,0.0,-0.728834423712638,-0.5787365466507145,0.3142056296140333
697,243,0.0,0.5,0.6666666666666666,0.0,0.25,0.0,0.0,-0.6968929952926968,-0.34089360810944175,-0.6890605466436815
698,362,0.0,0.5,0.6666666666666666,0.0,0.5,-1.0,0.0,-0.6030419968925345,0.11133150545114899,-1.2896706188890792
699,951,0.0,0.5,0.8333333333333334,0.0,0.75,-1.0,1.0,-0.6287242331613624,0.8676029146616536,-1.2766859233330268
700,892,0.0,0.5,0.8333333333333334,0.0,-0.75,0.0,1.0,-0.4726907241686147,0.947840362816158,-0.5958179258070037
701,555,0.0,0.5,0.8333333333333334,0.0,-0.5,0.0,0.0,-0.11643683407331588,0.6790357640635796,-1.0343772288823678
702,551,0.0,0.5,0.8333333333333334,0.0,-0.25,0.0,0.0,-0.06753620382024642,0.5165484320574267,-0.07207169270045131
703,331,0.0,0.5,0.8333333333333334,0.0,0.0,0.0,0.0,-0.21891496885618514,-0.6810433853212552,1.5059257017278362
704,340,0.0,0.5,0.8333333333333334,0.0,0.25,0.0,0.0,-0.8452325297260914,-0.5667004479835921,-0.06549196615388671
705,349,0.0,0.5,0.8333333333333334,0.0,0.5,-1.0,1.0,-0.6100831270142051,0.6629892373205722,-0.530325959653117
706,1153,0.0,0.5,0.8333333333333334,0.0,0.75,-1.0,1.0,-0.3609326085653559,1.3711114374231195,-0.8379518627205855
707,441,0.0,0.5,0.8333333333333334,0.0,-0.75,0.0,1.0,-0.3585794178803764,1.3430288120129896,-0.24213393691358195
708,329,0.0,0.5,0.8333333333333334,0.0,-0.5,0.0,1.0,-0.19101970059521348,1.4373099800922928,0.09825374057454173
709,282,0.0,0.5,0.8333333333333334,0.0,-0.25,0.0,1.0,-0.5495751439623416,-0.14342937337663103,1.211322393441329
710,310,0.0,0.5,0.8333333333333334,0.0,0.0,0.0,1.0,-0.7008912064251698,-0.42427488523579887,-0.18989617191509525
711,425,0.0,0.5,0.8333333333333334,0.0,0.25,0.0,0.0,-0.7125096243839243,-0.6770329572453699,-0.07207169270045131
712,429,0.0,0.5,0.8333333333333334,0.0,0.5,-1.0,0.0,-0.71249487083731,0.07923845196513431,-0.523704122856654
713,767,0.0,0.5,0.8333333333333334,0.0,0.75,-1.0,0.0,-0.5495013762292703,0.1153467479665016,-0.7856193496598283
714,538,0.0,0.5,0.8333333333333334,0.0,-0.75,0.0,1.0,-0.4331143353757775,1.022064576076569,-0.8446579200168443
715,212,0.0,0.5,0.8333333333333334,0.0,-0.5,0.0,1.0,-0.31670147581570984,1.3510496681647595,-0.8708052269347688
716,433,0.0,0.5,0.8333333333333334,0.0,-0.25,0.0,0.0,-0.28642719816318357,0.1915737680451211,0.4256188232817045
717,333,0.0,0.5,0.8333333333333334,0.0,0.0,0.0,0.0,-0.5355629630654182,-0.0050142387047230645,0.032814412233027494
718,314,0.0,0.5,0.8333333333333334,0.0,0.25,0.0,1.0,-0.5611788083744819,0.19959943863635862,-0.5107131107631168
719,221,-1.0,0.5,0.8333333333333334,0.0,0.5,-1.0,1.0,-0.6845553419364954,-0.33600695205058995,2.036114803068785
720,205,-1.0,0.5,0.8333333333333334,0.0,0.75,-1.0,0.0,-0.9267126792901702,-0.8916751119958978,0.0
721,408,-1.0,0.5,0.8333333333333334,0.0,-0.75,0.0,0.0,-0.8405593438360145,-0.5346025800581101,-0.5041860220289246
722,174,-1.0,0.5,0.8333333333333334,1.0,-0.5,-1.0,1.0,-0.8426654126152046,0.7936386811324523,-1.0921777578923821
723,440,-1.0,0.5,0.8333333333333334,1.0,-0.25,-1.0,1.0,-0.7114879412808846,0.5215217480266819,-0.12895211275019425
724,9,-1.0,0.5,0.8333333333333334,0.0,0.0,0.0,2.0,-0.9849154206835504,0.947840362816158,1.4272321722309222
725,247,-1.0,0.5,0.8333333333333334,0.0,0.25,0.0,1.0,-0.9616453892861591,0.12738284663362404,1.7808214130620734
726,644,-1.0,0.5,0.8333333333333334,0.0,0.5,-1.0,1.0,-0.8568804547780746,-0.17552724130211309,-0.268494953349739
727,159,-1.0,0.5,0.8333333333333334,0.0,0.75,-1.0,1.0,-0.9035237923991575,0.6088267933185213,-0.5957758155571057
728,364,-1.0,0.5,0.8333333333333334,0.0,-0.75,0.0,0.0,-0.9429895295923874,-0.6890690559124923,1.78735902935874
729,439,-1.0,0.5,0.8333333333333334,1.0,-0.5,-1.0,1.0,-0.9732822491781815,-0.23570773463772524,-0.2750746798963036
