,yr,mnth,dia_anual,holiday_num,weekday_num,workingday_num,weathersit,casual,seasons_autumn,seasons_spring,seasons_summer,seasons_winter,atemp,cnt
0,0,1,1,1,0,0,2,331,0.0,0.0,0.0,1.0,-0.4563991203197833,-1.2743853375055878
1,0,1,2,0,1,1,2,131,0.0,0.0,0.0,1.0,-0.4928625107770049,-1.3401877514528386
2,0,1,3,0,2,1,1,120,0.0,0.0,0.0,1.0,-1.098989843105253,-1.1442109968708092
3,0,1,4,0,3,1,1,108,0.0,0.0,0.0,1.0,-1.0152007634960376,-1.0680375502905677
4,0,1,5,0,4,1,1,82,0.0,0.0,0.0,1.0,-0.9519523091605695,-1.0544479213232008
5,0,1,6,0,5,0,1,88,0.0,0.0,0.0,1.0,-0.9374237541321458,-1.0523021904336165
6,0,1,7,0,6,0,2,148,0.0,0.0,0.0,1.0,-1.0273097368797173,-1.0866338846669648
7,0,1,8,0,0,1,2,68,0.0,0.0,0.0,1.0,-1.1991332291364107,-1.2836835046937862
8,0,1,9,0,1,1,1,54,0.0,0.0,0.0,1.0,-1.3690903977463962,-1.3326776933392936
9,0,1,10,0,2,1,1,41,0.0,0.0,0.0,1.0,-1.2410554318409202,-1.154224407688869
10,0,1,11,0,3,1,2,43,0.0,0.0,0.0,1.0,-1.0913954549855465,-1.1749664729548503
11,0,1,12,0,4,1,1,25,0.0,0.0,0.0,1.0,-1.205702245766424,-1.211086276262852
12,0,1,13,0,5,0,1,38,0.0,0.0,0.0,1.0,-1.2410738737741882,-1.1238265534197587
13,0,1,14,0,6,0,1,54,0.0,0.0,0.0,1.0,-1.1026487226655972,-1.118462226195798
14,0,1,15,0,0,1,2,222,0.0,0.0,0.0,1.0,-0.882455727833949,-1.1803308001788109
15,0,1,16,1,1,0,1,251,0.0,0.0,0.0,1.0,-0.9337058603853443,-1.1960661600357623
16,0,1,17,0,2,1,2,117,0.0,0.0,0.0,1.0,-1.145588920086493,-1.2690210102816273
17,0,1,18,0,3,1,2,9,0.0,0.0,0.0,1.0,-0.9406547808406758,-1.3823871256146625
18,0,1,19,0,4,1,2,78,0.0,0.0,0.0,1.0,-0.6968929952926968,-1.036566830576665
19,0,1,20,0,5,0,2,83,0.0,0.0,0.0,1.0,-0.8568657012314603,-0.9375055878408582
20,0,1,21,0,6,0,1,75,0.0,0.0,0.0,1.0,-1.2154395865318564,-1.0748323647742513
21,0,1,22,0,0,1,1,93,0.0,0.0,0.0,1.0,-1.50594945988188,-1.2758158247653106
22,0,1,23,0,1,1,1,150,0.0,0.0,0.0,1.0,-1.4330318999340705,-1.2740277156906572
23,0,1,24,0,2,1,1,86,0.0,0.0,0.0,1.0,-1.3626172791693756,-1.1202503352704516
24,0,1,25,0,3,1,2,186,0.0,0.0,0.0,1.0,-0.9325661489093904,-0.916763522574877
25,0,1,26,0,4,1,3,34,0.0,0.0,0.0,1.0,-1.0466331945577858,-1.4456861868573982
26,0,1,27,0,5,0,1,15,0.0,0.0,0.0,1.0,-0.9872501694352621,-1.4725078229772015
27,0,1,28,0,6,0,2,38,0.0,0.0,0.0,1.0,-0.9739092749092889,-1.2092981671881984
28,0,1,29,0,0,1,1,123,0.0,0.0,0.0,1.0,-1.0151860099494232,-1.2339740724184176
29,0,1,30,0,1,1,1,140,0.0,0.0,0.0,1.0,-0.8743043933295529,-1.234689316048279
30,0,1,31,0,2,1,2,42,0.0,0.0,0.0,1.0,-1.1106267029972754,-1.089852481001341
31,0,2,32,0,3,1,2,47,0.0,0.0,0.0,1.0,-0.9325513953627761,-1.1402771569065713
32,0,2,33,0,4,1,2,72,0.0,0.0,0.0,1.0,-0.8592004499831719,-1.0809119356280734
33,0,2,34,0,5,0,1,61,0.0,0.0,0.0,1.0,-1.1415058760609877,-1.0723290120697362
34,0,2,35,0,6,0,2,88,0.0,0.0,0.0,1.0,-0.9544714772449598,-1.015824765310684
35,0,2,36,0,0,1,2,100,0.0,0.0,0.0,1.0,-0.9010968339811064,-1.2672329012069736
36,0,2,37,0,1,1,1,354,0.0,0.0,0.0,1.0,-0.7217932935909672,-1.0462226195797943
37,0,2,38,0,2,1,1,120,0.0,0.0,0.0,1.0,-0.677580602774589,-1.0143942780509612
38,0,2,39,0,3,1,1,64,0.0,0.0,0.0,1.0,-1.066380816701015,-1.0794814483683504
39,0,2,40,0,4,1,2,53,0.0,0.0,0.0,1.0,-1.2654172256877692,-1.052659812248547
40,0,2,41,0,5,0,1,47,0.0,0.0,0.0,1.0,-1.2459978699567078,-1.0766204738489047
41,0,2,42,0,6,0,1,149,0.0,0.0,0.0,1.0,-1.010084971207532,-1.0022351363433168
42,0,2,43,0,0,1,1,288,0.0,0.0,0.0,1.0,-0.938364292728807,-1.1002235136343317
43,0,2,44,1,1,0,1,397,0.0,0.0,0.0,1.0,-0.6021346537757555,-1.0583817612874384
44,0,2,45,0,2,1,1,208,0.0,0.0,0.0,1.0,-0.32831989377446436,-0.9425122932498883
45,0,2,46,0,3,1,1,140,0.0,0.0,0.0,1.0,-0.8597278892746328,-0.977559231113098
46,0,2,47,0,4,1,1,218,0.0,0.0,0.0,1.0,-0.6313208573654777,-0.8702726866338847
47,0,2,48,0,5,0,1,259,0.0,0.0,0.0,1.0,-0.2165322710779771,-0.7415288332588288
48,0,2,49,0,6,0,1,579,0.0,0.0,0.0,1.0,0.09080254683098452,-0.5798837729101475
49,0,2,50,0,0,1,1,532,0.0,0.0,0.0,1.0,-0.35393942747018176,-1.0419311578006258
50,0,2,51,1,1,0,1,639,0.0,0.0,0.0,1.0,-0.7746884465898561,-0.9786320965578901
51,0,2,52,0,2,1,2,195,0.0,0.0,0.0,1.0,-0.7498102786115071,-1.2307554760840411
52,0,2,53,0,3,1,1,74,0.0,0.0,0.0,1.0,-1.1114270829011008,-1.1080911935628073
53,0,2,54,0,4,1,1,139,0.0,0.0,0.0,1.0,-0.8912894138692561,-0.9410818059901654
54,0,2,55,0,5,0,2,100,0.0,0.0,0.0,1.0,-0.730940492491828,-0.9804202056325436
55,0,2,56,0,6,0,2,120,0.0,0.0,0.0,1.0,-0.5049530422274167,-1.1041573535985696
56,0,2,57,0,0,1,1,424,0.0,0.0,0.0,1.0,-0.7567555106801848,-0.9224854716137685
57,0,2,58,0,1,1,1,694,0.0,0.0,0.0,1.0,-0.5025629676759015,-0.7676352257487706
58,0,2,59,0,2,1,2,81,0.0,0.0,0.0,1.0,-0.32179882617094746,-1.10952168082253
59,0,3,60,0,3,1,1,137,0.0,0.0,0.0,1.0,-0.8243009354670653,-0.9646848457755923
60,0,3,61,0,4,1,1,231,0.0,0.0,0.0,1.0,-0.617043112629497,-0.8634778721502011
61,0,3,62,0,5,0,1,123,0.0,0.0,0.0,1.0,-1.059420831085723,-1.0240500670540904
62,0,3,63,0,6,0,2,214,0.0,0.0,0.0,1.0,-0.8545457060263628,-0.9314260169870362
63,0,3,64,0,0,1,2,640,0.0,0.0,0.0,1.0,-0.40050530897153963,-0.8838623156012517
64,0,3,65,0,1,1,2,114,0.0,0.0,0.0,1.0,-0.4467097285808472,-1.410281627179258
65,0,3,66,0,2,1,1,244,0.0,0.0,0.0,1.0,-0.918052347427581,-0.9571747876620473
66,0,3,67,0,3,1,1,316,0.0,0.0,0.0,1.0,-0.6822205931847838,-0.8638354939651318
67,0,3,68,0,4,1,2,191,0.0,0.0,0.0,1.0,-0.7404675952180069,-0.9503799731783639
68,0,3,69,0,5,0,3,46,0.0,0.0,0.0,1.0,-0.3750960133150758,-1.4038444345105052
69,0,3,70,0,6,0,2,247,0.0,0.0,0.0,1.0,-0.6726307878854941,-0.9196244970943227
70,0,3,71,0,0,1,1,724,0.0,0.0,0.0,1.0,-0.5960967648238564,-0.8641931157800626
71,0,3,72,0,1,1,1,982,0.0,0.0,0.0,1.0,-0.395666145682052,-0.76227089852481
72,0,3,73,0,2,1,1,359,0.0,0.0,0.0,1.0,-0.5730443482390258,-0.8949485918641037
73,0,3,74,0,3,1,2,289,0.0,0.0,0.0,1.0,-0.6240252285647107,-0.8913723737147966
74,0,3,75,0,4,1,2,321,0.0,0.0,0.0,1.0,-0.44420900242972483,-0.8427358068842199
75,0,3,76,0,5,0,1,424,0.0,0.0,0.0,1.0,-0.2841219565047005,-0.6453285650424676
76,0,3,77,0,6,0,1,884,0.0,0.0,0.0,1.0,0.14622424468757061,-0.46830576665176576
77,0,3,78,0,0,1,1,1424,0.0,0.0,0.0,1.0,-0.07686413366713214,-0.5119356280733125
78,0,3,79,0,1,1,1,1047,0.0,0.0,0.0,1.0,-0.5960967648238564,-0.7429593205185516
79,0,3,80,0,2,1,2,401,0.0,1.0,0.0,0.0,-0.28632761172353693,-0.8838623156012517
80,0,3,81,0,3,1,1,460,0.0,1.0,0.0,0.0,-0.17233064542155954,-0.6599910594546268
81,0,3,82,0,4,1,2,203,0.0,1.0,0.0,0.0,-0.5511390199034565,-0.8681269557443004
82,0,3,83,0,5,0,2,166,0.0,1.0,0.0,0.0,-0.7986518946781193,-0.9596781403665624
83,0,3,84,0,6,0,1,300,0.0,1.0,0.0,0.0,-0.8522109572746512,-0.8362986142154671
84,0,3,85,0,0,1,1,981,0.0,1.0,0.0,0.0,-0.847567278477803,-0.7340187751452839
85,0,3,86,0,1,1,2,472,0.0,1.0,0.0,0.0,-0.8742416907564422,-1.0211890925346445
86,0,3,87,0,2,1,1,222,0.0,1.0,0.0,0.0,-0.8475562133178423,-0.9013857845328564
87,0,3,88,0,3,1,1,317,0.0,1.0,0.0,0.0,-0.7172307593004976,-0.7594099240053643
88,0,3,89,0,4,1,2,168,0.0,1.0,0.0,0.0,-0.7008469457853268,-1.077335717478766
89,0,3,90,1,5,0,3,179,0.0,1.0,0.0,0.0,-0.8475525249311887,-1.0240500670540904
90,0,4,91,0,6,0,2,307,0.0,1.0,0.0,0.0,-0.7521007667233757,-0.8302190433616451
91,0,4,92,0,0,1,2,898,0.0,1.0,0.0,0.0,-0.6333974190514392,-0.8212784979883773
92,0,4,93,0,1,1,1,1651,0.0,1.0,0.0,0.0,-0.40054956961138244,-0.4647295485024586
93,0,4,94,0,2,1,1,734,0.0,1.0,0.0,0.0,0.20494336021245133,-0.5126508717031739
94,0,4,95,0,3,1,2,167,0.0,1.0,0.0,0.0,-0.32831989377446436,-0.9847116674117121
95,0,4,96,0,4,1,1,413,0.0,1.0,0.0,0.0,-0.3679405432071443,-0.6224407688869021
96,0,4,97,0,5,0,1,571,0.0,1.0,0.0,0.0,-0.19795017911727691,-0.5033527045149754
97,0,4,98,0,6,0,2,172,0.0,1.0,0.0,0.0,-0.6007847042605479,-1.1005811354492625
98,0,4,99,0,0,1,2,879,0.0,1.0,0.0,0.0,-0.5378977118171298,-0.748681269557443
99,0,4,100,0,1,1,2,1188,0.0,1.0,0.0,0.0,-0.22361766183949075,-0.5913276709879303
100,0,4,101,0,2,1,2,855,0.0,1.0,0.0,0.0,0.287150121947284,-0.4293249888243183
101,0,4,102,0,3,1,2,257,0.0,1.0,0.0,0.0,0.020985075865503022,-0.8992400536432722
102,0,4,103,0,4,1,2,209,0.0,1.0,0.0,0.0,-0.2584876692623689,-0.8534644613321413
103,0,4,104,0,5,0,1,529,0.0,1.0,0.0,0.0,-0.09081730037759851,-0.45829235583370587
104,0,4,105,0,6,0,1,642,0.0,1.0,0.0,0.0,-0.16764270598486844,-0.5087170317389361
105,0,4,106,0,0,1,3,121,0.0,1.0,0.0,0.0,-0.22820970322318893,-1.342333482342423
106,0,4,107,0,1,1,1,1558,0.0,1.0,0.0,0.0,-0.15368953927440207,-0.28770675011175684
107,0,4,108,0,2,1,1,669,0.0,1.0,0.0,0.0,0.058208273973360675,-0.40035762181493073
108,0,4,109,0,3,1,2,409,0.0,1.0,0.0,0.0,0.006983960128540446,-0.4808225301743406
109,0,4,110,0,4,1,1,613,0.0,1.0,0.0,0.0,0.2841072029580862,-0.21618238712561466
110,0,4,111,0,5,0,1,745,0.0,1.0,0.0,0.0,-0.12345952226171857,-0.1285650424675905
111,0,4,112,0,6,0,2,177,0.0,1.0,0.0,0.0,-0.6100978805608194,-1.0247653106839518
112,0,4,113,0,0,1,2,1462,0.0,1.0,0.0,0.0,-0.13736842833234217,-0.18328118015198927
113,0,4,114,0,1,1,2,1710,0.0,1.0,0.0,0.0,0.2375265679101141,-0.1278497988377291
114,0,4,115,0,2,1,1,773,0.0,1.0,0.0,0.0,0.32138941525240117,-0.17004917299955297
115,0,4,116,0,3,1,1,678,0.0,1.0,0.0,0.0,0.393619091089319,-0.05310683951721055
116,0,4,117,0,4,1,2,547,0.0,1.0,0.0,0.0,0.323757359483995,-0.24193115780062585
117,0,4,118,0,5,0,2,569,0.0,1.0,0.0,0.0,0.33772527974107536,-0.17541350022351362
118,0,4,119,0,6,0,1,878,0.0,1.0,0.0,0.0,0.037247172621105884,0.01662941439427805
119,0,4,120,0,0,1,1,1965,0.0,1.0,0.0,0.0,-0.0860998538476789,0.27304425569959767
120,0,5,121,0,1,1,2,1138,0.0,1.0,0.0,0.0,-0.1444390655472413,-0.4282521233795262
121,0,5,122,0,2,1,2,847,0.0,1.0,0.0,0.0,0.16770540855797916,-0.05274921770227984
122,0,5,123,0,3,1,2,603,0.0,1.0,0.0,0.0,0.34934369769983015,-0.0348681269557443
123,0,5,124,0,4,1,2,255,0.0,1.0,0.0,0.0,-0.30508305785695505,-0.6850245864997765
124,0,5,125,0,5,0,1,614,0.0,1.0,0.0,0.0,-0.16762795243825418,-0.04130531962449709
125,0,5,126,0,6,0,1,894,0.0,1.0,0.0,0.0,-0.04886190219320673,0.02127849798837729
126,0,5,127,0,0,1,1,1612,0.0,1.0,0.0,0.0,0.09315573751596379,0.05918641037103263
127,0,5,128,0,1,1,1,1401,0.0,1.0,0.0,0.0,0.11643683407331615,-0.07706750111756817
128,0,5,129,0,2,1,1,664,0.0,1.0,0.0,0.0,0.1397216190173217,-0.06669646848457755
129,0,5,130,0,3,1,1,694,0.0,1.0,0.0,0.0,0.1304084427170502,0.0910147518998659
130,0,5,131,0,4,1,1,550,0.0,1.0,0.0,0.0,0.15135479052269074,-0.1310683951721055
131,0,5,132,0,5,0,1,695,0.0,1.0,0.0,0.0,0.132776386948644,0.11282968261063925
132,0,5,133,0,6,0,2,692,0.0,1.0,0.0,0.0,0.025580805635854884,-0.15860527492177023
133,0,5,134,0,0,1,2,902,0.0,1.0,0.0,0.0,0.048924604766317714,-0.4075100581135449
134,0,5,135,0,1,1,2,1582,0.0,1.0,0.0,0.0,0.17938652908984468,0.0016092981671881985
135,0,5,136,0,2,1,1,773,0.0,1.0,0.0,0.0,0.23291239620649454,-0.2111756817165847
136,0,5,137,0,3,1,2,678,0.0,1.0,0.0,0.0,0.18871445893673042,-0.15216808225301742
137,0,5,138,0,4,1,2,536,0.0,1.0,0.0,0.0,0.14677381429895314,-0.24801072865444793
138,0,5,139,0,5,0,2,735,0.0,1.0,0.0,0.0,0.08622525899390035,0.009476978095663835
139,0,5,140,0,6,0,1,909,0.0,1.0,0.0,0.0,0.15372273475428452,0.13178363880196692
140,0,5,141,0,0,1,1,2258,0.0,1.0,0.0,0.0,0.31207623895212944,0.4493518104604381
141,0,5,142,0,1,1,1,1576,0.0,1.0,0.0,0.0,0.32138941525240117,0.03987483236477425
142,0,5,143,0,2,1,2,836,0.0,1.0,0.0,0.0,0.3796511708322386,-0.09816718819848011
143,0,5,144,0,3,1,2,659,0.0,1.0,0.0,0.0,0.4331954798821562,-0.020205632543585157
144,0,5,145,0,4,1,1,740,0.0,1.0,0.0,0.0,0.4727681802883399,0.15359856951274029
145,0,5,146,0,5,0,1,758,0.0,1.0,0.0,0.0,0.6171537642291045,0.04595440321859633
146,0,5,147,0,6,0,1,871,0.0,1.0,0.0,0.0,0.5519430881939357,0.04666964684845776
147,0,5,148,0,0,1,1,2001,0.0,1.0,0.0,0.0,0.4611018133030889,0.07492177022798391
148,0,5,149,1,1,0,1,2355,0.0,1.0,0.0,0.0,0.4727976873815684,0.08565042467590522
149,0,5,150,0,2,1,1,1549,0.0,1.0,0.0,0.0,0.6776580588943142,-0.1611086276262852
150,0,5,151,0,3,1,1,673,0.0,1.0,0.0,0.0,0.8779042587034405,-0.20259275815824765
151,0,6,152,0,4,1,2,513,0.0,1.0,0.0,0.0,0.8616163432412622,-0.20545373267769335
152,0,6,153,0,5,0,1,736,0.0,1.0,0.0,0.0,0.57751836124981,0.15002235136343317
153,0,6,154,0,6,0,1,898,0.0,1.0,0.0,0.0,0.36798480384698734,0.27304425569959767
154,0,6,155,0,0,1,1,1869,0.0,1.0,0.0,0.0,0.3958800721079593,0.283772910147519
155,0,6,156,0,1,1,2,1685,0.0,1.0,0.0,0.0,0.4774229242451488,0.1278497988377291
156,0,6,157,0,2,1,1,673,0.0,1.0,0.0,0.0,0.4960640303923063,-0.0001788109074653554
157,0,6,158,0,3,1,1,763,0.0,1.0,0.0,0.0,0.6218085081859134,0.10174340634778721
158,0,6,159,0,4,1,1,676,0.0,1.0,0.0,0.0,0.8848974397986147,-0.05274921770227984
159,0,6,160,0,5,0,2,563,0.0,1.0,0.0,0.0,0.9966555554018734,-0.22655341975860527
160,0,6,161,0,6,0,1,815,0.0,1.0,0.0,0.0,0.7964241091393615,0.013410818059901655
161,0,6,162,0,0,1,1,1729,0.0,1.0,0.0,0.0,0.7032775925900313,0.14930710773357175
162,0,6,163,0,1,1,1,1467,0.0,1.0,0.0,0.0,0.5752426266845555,-0.031649530621367904
163,0,6,164,0,2,1,1,863,0.0,1.0,0.0,0.0,0.42154386644351943,0.16861868573983013
164,0,6,165,0,3,1,1,727,0.0,1.0,0.0,0.0,0.3842616541492047,0.12248547161376844
165,0,6,166,0,4,1,1,769,0.0,1.0,0.0,0.0,0.37027529195885617,0.22583817612874385
166,0,6,167,0,5,0,2,545,0.0,1.0,0.0,0.0,0.39827752343278156,-0.2794814483683505
167,0,6,168,0,6,0,1,863,0.0,1.0,0.0,0.0,0.41685592700682833,0.10567724631202503
168,0,6,169,0,0,1,1,1807,0.0,1.0,0.0,0.0,0.5775626218896528,0.20402324541797048
169,0,6,170,0,1,1,2,1639,0.0,1.0,0.0,0.0,0.5845410494382127,0.06991506481895396
170,0,6,171,0,2,1,2,699,0.0,1.0,0.0,0.0,0.39827752343278156,-0.19257934734018775
171,0,6,172,0,3,1,2,774,0.0,0.0,1.0,0.0,0.5542962788789152,0.10245864997764864
172,0,6,173,0,4,1,1,661,0.0,0.0,1.0,0.0,0.7615209062366013,-0.014841305319624498
173,0,6,174,0,5,0,2,746,0.0,0.0,1.0,0.0,0.7615356597832156,0.08636566830576665
174,0,6,175,0,6,0,1,969,0.0,0.0,1.0,0.0,0.624143256937625,0.15824765310683953
175,0,6,176,0,0,1,1,1782,0.0,0.0,1.0,0.0,0.5751983660447126,0.2337058560572195
176,0,6,177,0,1,1,1,1920,0.0,0.0,1.0,0.0,0.5542335763058045,0.2705409029950827
177,0,6,178,0,2,1,2,854,0.0,0.0,1.0,0.0,0.5519283346473214,0.05704067948144837
178,0,6,179,0,3,1,1,732,0.0,0.0,1.0,0.0,0.7568329667999097,0.03558337058560572
179,0,6,180,0,4,1,1,848,0.0,0.0,1.0,0.0,0.6171537642291045,0.24193115780062585
180,0,6,181,0,5,0,1,1027,0.0,0.0,1.0,0.0,0.5519430881939357,0.345641484130532
181,0,7,182,0,6,0,1,1246,0.0,0.0,1.0,0.0,0.6078368995421793,0.2909253464461332
182,0,7,183,0,0,1,1,2204,0.0,0.0,1.0,0.0,0.6637012037971944,0.20402324541797048
183,0,7,184,0,1,1,2,2282,0.0,0.0,1.0,0.0,0.6683743896872713,0.035940992400536435
184,0,7,185,1,2,0,2,3065,0.0,0.0,1.0,0.0,0.6567264646352882,0.5344658024139473
185,0,7,186,1,3,0,1,1031,0.0,0.0,1.0,0.0,0.7707750683504152,0.0416629414394278
186,0,7,187,0,4,1,1,784,0.0,0.0,1.0,0.0,0.7312908892239176,0.028788556101922217
187,0,7,188,0,5,0,1,754,0.0,0.0,1.0,0.0,0.735857111901041,0.015556548949485919
188,0,7,189,0,6,0,2,692,0.0,0.0,1.0,0.0,0.6754118314222882,-0.18185069289226644
189,0,7,190,0,0,1,1,1988,0.0,0.0,1.0,0.0,0.6520827858384399,0.28162717925793473
190,0,7,191,0,1,1,1,1743,0.0,0.0,1.0,0.0,0.7474902834064097,0.11890925346446134
191,0,7,192,0,2,1,1,723,0.0,0.0,1.0,0.0,0.8942106160988861,-0.16540008940545373
192,0,7,193,0,3,1,1,662,0.0,0.0,1.0,0.0,0.9291433260948747,-0.10388913723737148
193,0,7,194,0,4,1,1,748,0.0,0.0,1.0,0.0,0.745199795294541,-0.07384890478319177
194,0,7,195,0,5,0,1,888,0.0,0.0,1.0,0.0,0.5449204000055328,0.19150648189539562
195,0,7,196,0,6,0,1,1318,0.0,0.0,1.0,0.0,0.5053329460527349,0.3538667858739383
196,0,7,197,0,0,1,1,2418,0.0,0.0,1.0,0.0,0.5565720134441697,0.49155118462226194
197,0,7,198,0,1,1,1,2006,0.0,0.0,1.0,0.0,0.673014380097466,0.2694680375502906
198,0,7,199,0,2,1,1,841,0.0,0.0,1.0,0.0,0.7987588578910729,-0.03236477425122933
199,0,7,200,0,3,1,1,752,0.0,0.0,1.0,0.0,0.959402850200787,-0.002682163611980331
200,0,7,201,0,4,1,1,644,0.0,0.0,1.0,0.0,0.9570828549956897,-0.07742512293249888
201,0,7,202,0,5,0,2,632,0.0,0.0,1.0,0.0,1.2503870500744598,-0.2734018775145284
202,0,7,203,0,6,0,1,562,0.0,0.0,1.0,0.0,1.3039608662176063,-0.41537773804202055
203,0,7,204,0,0,1,1,987,0.0,0.0,1.0,0.0,1.168932719216956,-0.45185516316495306
204,0,7,205,0,1,1,1,1050,0.0,0.0,1.0,0.0,1.1340479582474636,-0.3370585605721949
205,0,7,206,0,2,1,1,568,0.0,0.0,1.0,0.0,0.86158314776138,-0.2533750558784086
206,0,7,207,0,3,1,1,750,0.0,0.0,1.0,0.0,0.7731393241953559,0.014841305319624498
207,0,7,208,0,4,1,1,755,0.0,0.0,1.0,0.0,0.7498582276380035,0.03844434510505141
208,0,7,209,1,5,0,1,606,0.0,0.0,1.0,0.0,0.9314485677533577,-0.056683057666517656
209,0,7,210,0,6,0,1,670,0.0,0.0,1.0,0.0,1.1013614757235004,-0.25122932498882433
210,0,7,211,0,0,1,1,1559,0.0,0.0,1.0,0.0,0.8895374302088093,-0.026285203397407243
211,0,7,212,0,1,1,1,1524,0.0,0.0,1.0,0.0,0.8941811090056576,-0.08815377738042021
212,0,8,213,0,2,1,1,729,0.0,0.0,1.0,0.0,0.7964241091393615,-0.10102816271792579
213,0,8,214,0,3,1,1,801,0.0,0.0,1.0,0.0,0.8103625223032133,0.10603486812695574
214,0,8,215,0,4,1,2,467,0.0,0.0,1.0,0.0,0.7102818388451666,-0.34850245864997764
215,0,8,216,0,5,0,2,799,0.0,0.0,1.0,0.0,0.6544064694301909,0.009834599910594547
216,0,8,217,0,6,0,1,1023,0.0,0.0,1.0,0.0,0.6240842427511679,0.11354492624050067
217,0,8,218,0,0,1,2,1521,0.0,0.0,1.0,0.0,0.6963286721347,-0.0910147518998659
218,0,8,219,0,1,1,1,1298,0.0,0.0,1.0,0.0,0.8406847489822362,-0.27304425569959767
219,0,8,220,0,2,1,1,846,0.0,0.0,1.0,0.0,0.7963909136594792,-0.07957085382208315
220,0,8,221,0,3,1,1,907,0.0,0.0,1.0,0.0,0.873249514746631,0.019132767098793028
221,0,8,222,0,4,1,1,884,0.0,0.0,1.0,0.0,0.7288934378990953,0.08278945015645954
222,0,8,223,0,5,0,1,812,0.0,0.0,1.0,0.0,0.6054726436972392,0.08708091193562807
223,0,8,224,0,6,0,1,1051,0.0,0.0,1.0,0.0,0.6147710664508964,0.1274921770227984
224,0,8,225,0,0,1,2,1504,0.0,0.0,1.0,0.0,0.5845853100780559,-0.14251229324988823
225,0,8,226,0,1,1,2,1338,0.0,0.0,1.0,0.0,0.5053956486258457,-0.2605274921770228
226,0,8,227,0,2,1,1,775,0.0,0.0,1.0,0.0,0.47507342194682295,-0.07527939204291462
227,0,8,228,0,3,1,1,721,0.0,0.0,1.0,0.0,0.5845078539583305,0.06312025033527045
228,0,8,229,0,4,1,1,668,0.0,0.0,1.0,0.0,0.6613517014988686,0.052033974072418415
229,0,8,230,0,5,0,1,639,0.0,0.0,1.0,0.0,0.6450748511966514,-0.26589181940098344
230,0,8,231,0,6,0,2,797,0.0,0.0,1.0,0.0,0.5379751679368551,-0.1414394278050961
231,0,8,232,0,0,1,1,1914,0.0,0.0,1.0,0.0,0.5961594673969677,0.22977201609298167
232,0,8,233,0,1,1,1,1249,0.0,0.0,1.0,0.0,0.6940086769296027,-0.24157353598569511
233,0,8,234,0,2,1,1,833,0.0,0.0,1.0,0.0,0.5565388179642875,0.07492177022798391
234,0,8,235,0,3,1,1,1281,0.0,0.0,1.0,0.0,0.4378207167457365,0.48153777380420204
235,0,8,236,0,4,1,1,949,0.0,0.0,1.0,0.0,0.5286472380899693,0.2079570853822083
236,0,8,237,0,5,0,2,435,0.0,0.0,1.0,0.0,0.5845705565314417,-0.3599463567277604
237,0,8,238,0,6,0,1,768,0.0,0.0,1.0,0.0,0.6357616748963795,0.04023245417970496
238,0,8,239,0,0,1,2,226,0.0,0.0,1.0,0.0,0.5465875507729477,-1.2278945015645955
239,0,8,240,0,1,1,1,1415,0.0,0.0,1.0,0.0,0.5923346104372125,-0.07670987930263747
240,0,8,241,0,2,1,1,729,0.0,0.0,1.0,0.0,0.444795455907643,0.03057666517657577
241,0,8,242,0,3,1,1,775,0.0,0.0,1.0,0.0,0.3959095792011878,0.2344210996870809
242,0,8,243,0,4,1,1,688,0.0,0.0,1.0,0.0,0.456461822892894,0.18220831470719714
243,0,9,244,0,5,0,1,783,0.0,0.0,1.0,0.0,0.4704776921764711,0.20259275815824765
244,0,9,245,0,6,0,2,875,0.0,0.0,1.0,0.0,0.43317703794888845,0.06383549396513187
245,0,9,246,0,0,1,1,1935,0.0,0.0,1.0,0.0,0.5379456608436265,-0.023066607063030844
246,0,9,247,1,1,0,1,2521,0.0,0.0,1.0,0.0,0.656770725275131,0.14000894054537327
247,0,9,248,0,2,1,2,1236,0.0,0.0,1.0,0.0,0.5100356390360403,-0.4282521233795262
248,0,9,249,0,3,1,3,204,0.0,0.0,1.0,0.0,0.10266808669552852,-0.6574877067501118
249,0,9,250,0,4,1,3,118,0.0,0.0,1.0,0.0,0.20973826286209593,-0.9128296826106392
250,0,9,251,0,5,0,3,153,0.0,0.0,1.0,0.0,0.25079738308966937,-0.9679034421099687
251,0,9,252,0,6,0,2,417,0.0,0.0,1.0,0.0,0.33778798231418605,-0.35923111309789896
252,0,9,253,0,0,1,1,1750,0.0,0.0,1.0,0.0,0.44481020945425725,0.2848457755923111
253,0,9,254,0,1,1,1,1633,0.0,0.0,1.0,0.0,0.4494833953443341,0.1779168529280286
254,0,9,255,0,2,1,1,690,0.0,0.0,1.0,0.0,0.42329953849062024,0.05882878855610192
255,0,9,256,0,3,1,1,701,0.0,0.0,1.0,0.0,0.4285518010853081,0.07670987930263747
256,0,9,257,0,4,1,1,647,0.0,0.0,1.0,0.0,0.5146608758996207,0.0845775592311131
257,0,9,258,0,5,0,2,428,0.0,0.0,1.0,0.0,0.24456400964513128,-0.31810460438086724
258,0,9,259,0,6,0,2,742,0.0,0.0,1.0,0.0,-0.09549048626767535,0.07563701385784533
259,0,9,260,0,0,1,2,1434,0.0,0.0,1.0,0.0,-0.032651442850754026,-0.013410818059901655
260,0,9,261,0,1,1,1,1353,0.0,0.0,1.0,0.0,0.01170140665846006,-0.09816718819848011
261,0,9,262,0,2,1,2,691,0.0,0.0,1.0,0.0,0.1560574835059961,-0.003397407241841752
262,0,9,263,0,3,1,2,438,0.0,0.0,1.0,0.0,0.1654333623793783,-0.32454179704962005
263,0,9,264,0,4,1,2,539,0.0,0.0,1.0,0.0,0.23298985232621952,-0.07027268663388467
264,0,9,265,0,5,0,2,555,0.0,0.0,1.0,0.0,0.24932940520154737,0.08815377738042021
265,0,9,266,0,6,0,2,258,1.0,0.0,0.0,0.0,0.12821016427152065,-0.7701385784532857
266,0,9,267,0,0,1,2,1776,1.0,0.0,0.0,0.0,0.2841809706911578,0.31274027715690655
267,0,9,268,0,1,1,2,1544,1.0,0.0,0.0,0.0,0.3145179509167948,0.16504246759052302
268,0,9,269,0,2,1,2,684,1.0,0.0,0.0,0.0,0.37502593396865824,0.02914617791685293
269,0,9,270,0,3,1,2,477,1.0,0.0,0.0,0.0,0.32148162491874044,-0.15324094769780958
270,0,9,271,0,4,1,2,480,1.0,0.0,0.0,0.0,0.323816373670452,-0.22941439427805096
271,0,9,272,0,5,0,1,653,1.0,0.0,0.0,0.0,0.321433675892244,0.10388913723737148
272,0,9,273,0,6,0,1,830,1.0,0.0,0.0,0.0,0.21195129485423975,0.2337058560572195
273,0,10,274,0,0,1,2,480,1.0,0.0,0.0,0.0,-0.27479033827116106,-0.7579794367456415
274,0,10,275,0,1,1,2,616,1.0,0.0,0.0,0.0,-0.5239261031733957,-0.583102369244524
275,0,10,276,0,2,1,2,330,1.0,0.0,0.0,0.0,-0.35157148323858795,-0.3499329459097005
276,0,10,277,0,3,1,1,486,1.0,0.0,0.0,0.0,-0.053505580990055056,-0.033080017881090745
277,0,10,278,0,4,1,1,559,1.0,0.0,0.0,0.0,0.1467000465658816,0.09924005364327224
278,0,10,279,0,5,0,1,639,1.0,0.0,0.0,0.0,-0.02559555918246914,0.07742512293249888
279,0,10,280,0,6,0,1,949,1.0,0.0,0.0,0.0,0.06284826438355531,0.15610192221725525
280,0,10,281,0,0,1,1,2235,1.0,0.0,0.0,0.0,0.09544622562783259,0.30773357174787663
281,0,10,282,0,1,1,1,2397,1.0,0.0,0.0,0.0,0.1350631866738591,0.34421099687080914
282,0,10,283,0,2,1,1,1514,1.0,0.0,0.0,0.0,0.20492860666583682,0.20330800178810907
283,0,10,284,0,3,1,2,667,1.0,0.0,0.0,0.0,0.2166244807443166,0.005185516316495306
284,0,10,285,0,4,1,3,217,1.0,0.0,0.0,0.0,0.11195175590257148,-0.7626285203397407
285,0,10,286,0,5,0,2,290,1.0,0.0,0.0,0.0,0.23767779176291062,-0.5848904783191775
286,0,10,287,0,6,0,2,529,1.0,0.0,0.0,0.0,0.1560574835059961,-0.32346893160482787
287,0,10,288,0,0,1,1,1899,1.0,0.0,0.0,0.0,0.04190191657791504,0.23907018328118015
288,0,10,289,0,1,1,1,1748,1.0,0.0,0.0,0.0,0.05823778106658919,0.17612874385337507
289,0,10,290,0,2,1,1,713,1.0,0.0,0.0,0.0,0.08616255642078963,0.007688869021010281
290,0,10,291,0,3,1,2,637,1.0,0.0,0.0,0.0,0.1304084427170502,0.0713455520786768
291,0,10,292,0,4,1,3,254,1.0,0.0,0.0,0.0,0.09768138793989779,-0.759767545820295
292,0,10,293,0,5,0,1,471,1.0,0.0,0.0,0.0,-0.07686413366713214,-0.12641931157800626
293,0,10,294,0,6,0,1,676,1.0,0.0,0.0,0.0,-0.23520288431836306,-0.08743853375055878
294,0,10,295,0,0,1,1,1499,1.0,0.0,0.0,0.0,-0.22820970322318893,-0.08600804649083595
295,0,10,296,0,1,1,1,1619,1.0,0.0,0.0,0.0,-0.23986131666182567,-0.059901654000894054
296,0,10,297,0,2,1,1,699,1.0,0.0,0.0,0.0,-0.1117488946366248,-0.12928028609745196
297,0,10,298,0,3,1,1,695,1.0,0.0,0.0,0.0,-0.08848255162588695,0.04953062136790344
298,0,10,299,0,4,1,2,404,1.0,0.0,0.0,0.0,-0.05354984162989809,-0.2340634778721502
299,0,10,300,0,5,0,2,240,1.0,0.0,0.0,0.0,-0.11182635075634977,-0.675726419311578
300,0,10,301,0,6,0,2,456,1.0,0.0,0.0,0.0,-0.6216867914263453,-0.2866338846669647
301,0,10,302,0,0,1,3,57,1.0,0.0,0.0,0.0,-0.956957449849468,-1.4024139472507824
302,0,10,303,0,1,1,1,885,1.0,0.0,0.0,0.0,-0.6124031222193024,-0.43540455967814035
303,0,10,304,0,2,1,1,362,1.0,0.0,0.0,0.0,-0.48429070019410153,-0.3145283862315601
304,0,11,305,0,3,1,1,410,1.0,0.0,0.0,0.0,-0.3329746377312735,-0.17183728207420654
305,0,11,306,0,4,1,1,370,1.0,0.0,0.0,0.0,-0.35862736690687286,-0.12963790791238267
306,0,11,307,0,5,0,1,318,1.0,0.0,0.0,0.0,-0.30039511842026395,-0.20545373267769335
307,0,11,308,0,6,0,2,470,1.0,0.0,0.0,0.0,-0.3097230482671499,-0.17970496200268216
308,0,11,309,0,0,1,1,1156,1.0,0.0,0.0,0.0,-0.6030899459190309,-0.22261957979436744
309,0,11,310,0,1,1,1,952,1.0,0.0,0.0,0.0,-0.4610723062098601,-0.3216808225301743
310,0,11,311,0,2,1,1,373,1.0,0.0,0.0,0.0,-0.31902147102080713,-0.18363880196691998
311,0,11,312,0,3,1,1,376,1.0,0.0,0.0,0.0,-0.2770660728364154,-0.12284309342869915
312,0,11,313,0,4,1,1,305,1.0,0.0,0.0,0.0,-0.28874719336828086,-0.15717478766204737
313,0,11,314,1,5,0,2,190,1.0,0.0,0.0,0.0,-0.4191611686653111,-0.5777380420205632
314,0,11,315,0,6,0,1,440,1.0,0.0,0.0,0.0,-0.6659289893359522,-0.42217255252570407
315,0,11,316,0,0,1,1,1275,1.0,0.0,0.0,0.0,-0.47736022167203807,-0.17219490388913725
316,0,11,317,0,1,1,1,1004,1.0,0.0,0.0,0.0,-0.2095538435294172,-0.297362539114886
317,0,11,318,0,2,1,1,595,1.0,0.0,0.0,0.0,0.13738318187895643,-0.022351363433169423
318,0,11,319,0,3,1,2,449,1.0,0.0,0.0,0.0,0.07455889200864935,-0.12641931157800626
319,0,11,320,0,4,1,3,145,1.0,0.0,0.0,0.0,-0.1304822104501215,-0.9768439874832365
320,0,11,321,0,5,0,2,139,1.0,0.0,0.0,0.0,-0.6054246946707424,-0.534823424228878
321,0,11,322,0,6,0,1,245,1.0,0.0,0.0,0.0,-0.7916882206761737,-0.413589628967367
322,0,11,323,0,0,1,1,943,1.0,0.0,0.0,0.0,-0.6007699507139334,-0.3166741171211444
323,0,11,324,0,1,1,2,787,1.0,0.0,0.0,0.0,-0.11178209011650674,-0.367814036656236
324,0,11,325,0,2,1,3,220,1.0,0.0,0.0,0.0,-0.15602797641276733,-0.6378185069289226
325,0,11,326,0,3,1,3,69,1.0,0.0,0.0,0.0,-0.24221081896015148,-1.0519445686186857
326,0,11,327,1,4,0,2,112,1.0,0.0,0.0,0.0,-0.20960179255591366,-0.7089852481001341
327,0,11,328,1,5,0,1,560,1.0,0.0,0.0,0.0,-0.42377165198227723,-1.0919982118909253
328,0,11,329,0,6,0,1,1095,1.0,0.0,0.0,0.0,-0.3935268814229795,-0.6281627179257935
329,0,11,330,0,0,1,1,1249,1.0,0.0,0.0,0.0,-0.3772389659608018,-0.5294590970049173
330,0,11,331,0,1,1,1,810,1.0,0.0,0.0,0.0,-0.11642208052670164,-0.5283862315601252
331,0,11,332,0,2,1,1,253,1.0,0.0,0.0,0.0,0.010170726197227338,-0.2437192668752794
332,0,11,333,0,3,1,2,96,1.0,0.0,0.0,0.0,-0.1327431914687615,-0.5845328565042468
333,0,11,334,0,4,1,1,188,1.0,0.0,0.0,0.0,-0.6496853345136172,-0.33455520786767995
334,0,12,335,0,5,0,1,182,1.0,0.0,0.0,0.0,-0.6705874216794149,-0.2937863209655789
335,0,12,336,0,6,0,1,268,1.0,0.0,0.0,0.0,-0.5751356634716017,-0.2176128743853375
336,0,12,337,0,0,1,1,706,1.0,0.0,0.0,0.0,-0.6519610690788716,-0.33419758605274924
337,0,12,338,0,1,1,1,634,1.0,0.0,0.0,0.0,-0.5099729364629296,-0.38033080017881093
338,0,12,339,0,2,1,2,233,1.0,0.0,0.0,0.0,-0.34464100471652453,-0.2637460885113992
339,0,12,340,0,3,1,3,126,1.0,0.0,0.0,0.0,-0.11420904853455781,-0.6989718372820742
340,0,12,341,0,4,1,3,50,1.0,0.0,0.0,0.0,-0.3213267126792902,-1.374519445686187
341,0,12,342,0,5,0,1,150,1.0,0.0,0.0,0.0,-0.8499020272295147,-0.4386231560125168
342,0,12,343,0,6,0,1,261,1.0,0.0,0.0,0.0,-0.6263710424763829,-0.33205185516316493
343,0,12,344,0,0,1,1,502,1.0,0.0,0.0,0.0,-0.814958252073565,-0.4858292355833706
344,0,12,345,0,1,1,1,377,1.0,0.0,0.0,0.0,-0.8638588823266344,-0.6456861868573983
345,0,12,346,0,2,1,1,143,1.0,0.0,0.0,0.0,-0.8010013969764452,-0.4429146177916853
346,0,12,347,0,3,1,1,155,1.0,0.0,0.0,0.0,-0.6868753371415927,-0.3667411712114439
347,0,12,348,0,4,1,2,178,1.0,0.0,0.0,0.0,-0.5495788323489953,-0.28913723737147967
348,0,12,349,0,5,0,2,181,1.0,0.0,0.0,0.0,-0.27709926831629755,-0.3002235136343317
349,0,12,350,0,6,0,2,178,1.0,0.0,0.0,0.0,-0.47041498960336015,-0.3474295932051855
350,0,12,351,0,0,1,2,275,1.0,0.0,0.0,0.0,-0.8778120490371008,-0.6471166741171211
351,0,12,352,0,1,1,1,220,1.0,0.0,0.0,0.0,-0.8917984112274492,-0.7572641931157801
352,0,12,353,0,2,1,1,260,1.0,0.0,0.0,0.0,-0.761399189477033,-0.4096557890031292
353,0,12,354,0,3,1,2,216,1.0,0.0,0.0,0.0,-0.3353130748696385,-0.28556101922217253
354,0,12,355,0,4,1,2,107,0.0,0.0,0.0,1.0,-0.21889652692291744,-0.6753687974966472
355,0,12,356,0,5,0,2,227,0.0,0.0,0.0,1.0,-0.2258897080180916,-0.5294590970049173
356,0,12,357,0,6,0,1,163,0.0,0.0,0.0,1.0,-0.4051748064749628,-0.8366562360303978
357,0,12,358,1,0,0,1,155,0.0,0.0,0.0,1.0,-0.6938685182367669,-1.2650871703173894
358,0,12,359,1,1,0,1,303,0.0,0.0,0.0,1.0,-0.764984301304306,-1.356995976754582
359,0,12,360,0,2,1,1,430,0.0,0.0,0.0,1.0,-0.6337736344901037,-1.1556548949485919
360,0,12,361,0,3,1,2,103,0.0,0.0,0.0,1.0,-0.5891515327551788,-1.211086276262852
361,0,12,362,0,4,1,1,255,0.0,0.0,0.0,1.0,-0.7649363522778094,-0.8033974072418417
362,0,12,363,0,5,0,1,254,0.0,0.0,0.0,1.0,-0.8242529864405688,-0.7601251676352258
363,0,12,364,0,6,0,1,491,0.0,0.0,0.0,1.0,-0.6216867914263453,-0.5541350022351363
364,0,12,365,1,0,0,1,665,0.0,0.0,0.0,1.0,-0.2701503478609662,-0.7379526151095217
365,1,1,1,1,1,0,1,686,0.0,0.0,0.0,1.0,-0.4121532340235227,-0.8062583817612874
366,1,1,2,0,2,1,1,244,0.0,0.0,0.0,1.0,-0.8669940109821714,-0.9289226642825212
367,1,1,3,0,3,1,1,89,0.0,0.0,0.0,1.0,-1.33183769254531,-0.8270004470272687
368,1,1,4,0,4,1,2,95,0.0,0.0,0.0,1.0,-1.3574277191477986,-0.7797943674564148
369,1,1,5,0,5,0,1,140,0.0,0.0,0.0,1.0,-0.7706976122306902,-0.4565042467590523
370,1,1,6,0,6,0,1,307,0.0,0.0,0.0,1.0,-0.542552455773939,-0.1611086276262852
371,1,1,7,0,0,1,1,1070,0.0,0.0,0.0,1.0,-0.3562446691286648,-0.009834599910594547
372,1,1,8,0,1,1,1,599,0.0,0.0,0.0,1.0,-0.5425856512538212,-0.40178810907465357
373,1,1,9,0,2,1,2,106,0.0,0.0,0.0,1.0,-0.8847904765856606,-0.7769333929369692
374,1,1,10,0,3,1,1,173,0.0,0.0,0.0,1.0,-0.6216351540131954,-0.3399195350916406
375,1,1,11,0,4,1,2,92,0.0,0.0,0.0,1.0,-0.7544355154750874,-0.8481001341081806
376,1,1,12,0,5,0,2,269,0.0,0.0,0.0,1.0,-0.3888536955329026,-0.1614662494412159
377,1,1,13,0,6,0,1,174,0.0,0.0,0.0,1.0,-0.8778452445169829,-0.47724631202503354
378,1,1,14,0,0,1,1,333,0.0,0.0,0.0,1.0,-1.1222930699825264,-0.735091640590076
379,1,1,15,0,1,1,1,284,0.0,0.0,0.0,1.0,-1.201453224341508,-0.8001788109074653
380,1,1,16,1,2,0,1,217,0.0,0.0,0.0,1.0,-1.0943498526950584,-0.8048278945015646
381,1,1,17,0,3,1,2,127,0.0,0.0,0.0,1.0,-0.4539906038350002,-0.5770227983907018
382,1,1,18,0,4,1,1,109,0.0,0.0,0.0,1.0,-0.7823455372826734,-0.4193115780062584
383,1,1,19,0,5,0,1,130,0.0,0.0,0.0,1.0,-1.0966550943535414,-0.4493518104604381
384,1,1,20,0,6,0,2,115,0.0,0.0,0.0,1.0,-0.9826101790250674,-0.4954850245864998
385,1,1,21,0,0,1,2,67,0.0,0.0,0.0,1.0,-1.152582101181667,-1.1613768439874832
386,1,1,22,0,1,1,2,196,0.0,0.0,0.0,1.0,-1.199147982683025,-0.9196244970943227
387,1,1,23,0,2,1,2,145,0.0,0.0,0.0,1.0,-0.9010968339811064,-0.7569065713008494
388,1,1,24,0,3,1,1,439,0.0,0.0,0.0,1.0,-0.5099434293697008,-0.07492177022798391
389,1,1,25,0,4,1,1,467,0.0,0.0,0.0,1.0,-0.7101748756322127,-0.09959767545820294
390,1,1,26,0,5,0,2,244,0.0,0.0,0.0,1.0,-0.484338649220598,-0.16933392936969155
391,1,1,27,0,6,0,2,269,0.0,0.0,0.0,1.0,-0.2654956039041573,-0.39070183281180154
392,1,1,28,0,0,1,1,775,0.0,0.0,0.0,1.0,-0.5937767696187591,-0.1879302637460885
393,1,1,29,0,1,1,1,558,0.0,0.0,0.0,1.0,-0.7916882206761737,-0.46687527939204293
394,1,1,30,0,2,1,1,126,0.0,0.0,0.0,1.0,-0.8289261723306456,-0.3306213679034421
395,1,1,31,0,3,1,1,324,0.0,0.0,0.0,1.0,-0.39114418364477144,-0.014126061689763075
396,1,2,32,0,4,1,1,304,0.0,0.0,0.0,1.0,-0.07681618464063594,0.010907465355386678
397,1,2,33,0,5,0,2,190,0.0,0.0,0.0,1.0,-0.3260294056625956,-0.28162717925793473
398,1,2,34,0,6,0,1,310,0.0,0.0,0.0,1.0,-0.6566010594890663,-0.14215467143495752
399,1,2,35,0,0,1,2,384,0.0,0.0,0.0,1.0,-0.7916734671295593,-0.613857845328565
400,1,2,36,0,1,1,2,318,0.0,0.0,0.0,1.0,-0.8219329912354714,-0.5727313366115333
401,1,2,37,0,2,1,1,206,0.0,0.0,0.0,1.0,-0.7042550150532281,-0.2734018775145284
402,1,2,38,0,3,1,1,199,0.0,0.0,0.0,1.0,-0.4656975430734405,-0.06204738489047832
403,1,2,39,0,4,1,2,109,0.0,0.0,0.0,1.0,-0.8149250565936829,-0.6245864997764864
404,1,2,40,0,5,0,1,163,0.0,0.0,0.0,1.0,-0.8312756746289716,-0.25695127402771567
405,1,2,41,0,6,0,2,227,0.0,0.0,0.0,1.0,-0.7148333079756752,-0.25659365221278496
406,1,2,42,0,0,1,3,192,0.0,0.0,0.0,1.0,-1.0198296887462714,-0.8509611086276263
407,1,2,43,0,1,1,1,73,0.0,0.0,0.0,1.0,-1.4226347067963139,-1.0798390701832812
408,1,2,44,1,2,0,1,94,0.0,0.0,0.0,1.0,-0.956957449849468,-0.4028609745194457
409,1,2,45,0,3,1,2,135,0.0,0.0,0.0,1.0,-0.5658667478111733,-0.2240500670540903
410,1,2,46,0,4,1,1,141,0.0,0.0,0.0,1.0,-0.5006450066160436,-0.13571747876620474
411,1,2,47,0,5,0,2,74,0.0,0.0,0.0,1.0,-0.579823602908293,-0.5519892713455521
412,1,2,48,0,6,0,1,349,0.0,0.0,0.0,1.0,-0.5006450066160436,-0.1410818059901654
413,1,2,49,0,0,1,1,1435,0.0,0.0,0.0,1.0,-0.48664389087908105,-0.08243182834152883
414,1,2,50,0,1,1,2,618,0.0,0.0,0.0,1.0,-0.8172598053453944,-0.6649977648636567
415,1,2,51,1,2,0,1,502,0.0,0.0,0.0,1.0,-0.7892170016182799,-0.507644166294144
416,1,2,52,0,3,1,1,163,0.0,0.0,0.0,1.0,-0.7090978667293695,-0.27590523021904334
417,1,2,53,0,4,1,1,394,0.0,0.0,0.0,1.0,-0.3492809951267192,0.08028609745194457
418,1,2,54,0,5,0,1,516,0.0,0.0,0.0,1.0,-0.1583000225913682,0.18363880196691998
419,1,2,55,0,6,0,2,246,0.0,0.0,0.0,1.0,-0.281768765819721,-0.37961555654894946
420,1,2,56,0,0,1,1,317,0.0,0.0,0.0,1.0,-0.8545604595729772,-0.6496200268216361
421,1,2,57,0,1,1,1,515,0.0,0.0,0.0,1.0,-0.8079650709783909,-0.41466249441215913
422,1,2,58,0,2,1,1,253,0.0,0.0,0.0,1.0,-0.47731596103219504,-0.081001341081806
423,1,2,59,0,3,1,1,229,0.0,0.0,0.0,1.0,-0.49365182552086945,-0.06633884666964684
424,1,3,60,0,4,1,1,325,0.0,0.0,0.0,1.0,-0.04423666532962635,0.15789003129190882
425,1,3,61,0,5,0,2,246,0.0,0.0,0.0,1.0,-0.4703522870302494,-0.48439874832364777
426,1,3,62,0,6,0,2,956,0.0,0.0,0.0,1.0,-0.2724703430660635,-0.17255252570406795
427,1,3,63,0,0,1,1,710,0.0,0.0,0.0,1.0,-0.679930105072915,-0.402503352704515
428,1,3,64,0,1,1,1,203,0.0,0.0,0.0,1.0,-0.9080568195963985,-0.43468931604827893
429,1,3,65,0,2,1,1,221,0.0,0.0,0.0,1.0,-0.8568952083246888,-0.21189092534644613
430,1,3,66,0,3,1,1,432,0.0,0.0,0.0,1.0,-0.37719101693430535,0.1314260169870362
431,1,3,67,0,4,1,1,486,0.0,0.0,0.0,1.0,0.1373536747857279,0.29807778274474744
432,1,3,68,0,5,0,2,447,0.0,0.0,0.0,1.0,-0.3329930796645412,0.007331247206079571
433,1,3,69,0,6,0,1,968,0.0,0.0,0.0,1.0,-0.7730766216222448,-0.153956191327671
434,1,3,70,0,0,1,1,1658,0.0,0.0,0.0,1.0,-0.47098668953466405,0.12963790791238267
435,1,3,71,0,1,1,1,838,0.0,0.0,0.0,1.0,-0.10243571833635305,0.26803755029056775
436,1,3,72,0,2,1,1,762,0.0,0.0,0.0,1.0,0.20494336021245133,0.4643719266875279
437,1,3,73,0,3,1,1,997,0.0,0.0,0.0,1.0,0.2259229034979738,0.6306660706303084
438,1,3,74,0,4,1,1,1005,0.0,0.0,0.0,1.0,0.16767590146475064,0.5877514528386232
439,1,3,75,0,5,0,2,548,0.0,0.0,0.0,1.0,-0.18860749572377666,-0.06097451944568619
440,1,3,76,0,6,0,2,3155,0.0,0.0,0.0,1.0,0.06521620861514936,1.1756817165847118
441,1,3,77,0,0,1,2,2207,0.0,0.0,0.0,1.0,-0.08617730996740389,0.4804649083594099
442,1,3,78,0,1,1,1,982,0.0,0.0,0.0,1.0,0.16766114791813638,0.5738042020563254
443,1,3,79,0,2,1,1,1051,0.0,0.0,0.0,1.0,0.18872921248334468,0.5523468931604828
444,1,3,80,0,3,1,2,1122,0.0,1.0,0.0,0.0,0.09550523981428988,0.6013410818059902
445,1,3,81,0,4,1,1,1334,0.0,1.0,0.0,0.0,0.163035911054556,0.8305766651765758
446,1,3,82,0,5,0,2,2469,0.0,1.0,0.0,0.0,0.3050387972171125,1.3637907912382656
447,1,3,83,0,6,0,2,1033,0.0,1.0,0.0,0.0,-0.002329216171731293,-0.42074206526598124
448,1,3,84,0,0,1,2,1532,0.0,1.0,0.0,0.0,-0.18396381692692831,0.16003576218149307
449,1,3,85,0,1,1,1,795,0.0,1.0,0.0,0.0,-0.17930907297011944,0.3610192221725525
450,1,3,86,0,2,1,1,531,0.0,1.0,0.0,0.0,-0.6333347164783285,0.1979436745641484
451,1,3,87,0,3,1,1,674,0.0,1.0,0.0,0.0,-0.06054302272507225,0.41108627626285205
452,1,3,88,0,4,1,1,834,0.0,1.0,0.0,0.0,-0.018665080660405443,0.5666517657577113
453,1,3,89,0,5,0,2,796,0.0,1.0,0.0,0.0,-0.4121532340235227,0.3256146624944122
454,1,3,90,1,6,0,2,2301,0.0,1.0,0.0,0.0,-0.24216655832030873,0.6031291908806438
455,1,4,91,0,0,1,2,2347,0.0,1.0,0.0,0.0,-0.25847291571575437,0.5337505587840858
456,1,4,92,0,1,1,1,1208,0.0,1.0,0.0,0.0,-0.22075547379631805,0.4962002682163612
457,1,4,93,0,2,1,1,1348,0.0,1.0,0.0,0.0,-0.09546097917444685,0.7951721054984354
458,1,4,94,0,3,1,1,1058,0.0,1.0,0.0,0.0,0.1699811431232337,0.6750111756817165
459,1,4,95,0,4,1,1,1192,0.0,1.0,0.0,0.0,-0.2072928625107769,0.6825212337952615
460,1,4,96,0,5,0,1,1807,0.0,1.0,0.0,0.0,-0.35628892976850757,0.6835940992400537
461,1,4,97,0,6,0,1,3252,0.0,1.0,0.0,0.0,-0.2258602009248628,0.8255699597675458
462,1,4,98,0,0,1,1,2230,0.0,1.0,0.0,0.0,0.018665080660405706,0.22190433616450603
463,1,4,99,0,1,1,1,905,0.0,1.0,0.0,0.0,-0.039563479439549507,0.3706750111756817
464,1,4,100,0,2,1,1,819,0.0,1.0,0.0,0.0,-0.1885927421771624,0.4897630755476084
465,1,4,101,0,3,1,1,482,0.0,1.0,0.0,0.0,-0.5535917970280825,0.11211443898077783
466,1,4,102,0,4,1,1,663,0.0,1.0,0.0,0.0,-0.3679552967537588,0.30773357174787663
467,1,4,103,0,5,0,1,1252,0.0,1.0,0.0,0.0,-0.20491385311922256,0.6614215467143496
468,1,4,104,0,6,0,1,2795,0.0,1.0,0.0,0.0,0.002329216171731293,1.0412159141707644
469,1,4,105,0,0,1,1,2846,0.0,1.0,0.0,0.0,0.3190841735939181,0.9239159588734913
470,1,4,106,0,1,1,1,1198,0.0,1.0,0.0,0.0,0.47049244572308535,0.6514081358962897
471,1,4,107,0,2,1,1,989,0.0,1.0,0.0,0.0,0.40986274591165417,0.7662047384890478
472,1,4,108,0,3,1,2,347,0.0,1.0,0.0,0.0,-0.11185585784957829,-0.06490835940992401
473,1,4,109,0,4,1,1,846,0.0,1.0,0.0,0.0,0.02095556877227451,0.7211443898077783
474,1,4,110,0,5,0,1,1340,0.0,1.0,0.0,0.0,0.10478890902133284,0.9804202056325436
475,1,4,111,0,6,0,1,2541,0.0,1.0,0.0,0.0,0.20491385311922256,0.7422440768886902
476,1,4,112,0,0,1,3,120,0.0,1.0,0.0,0.0,-0.36094736211197015,-1.259365221278498
477,1,4,113,0,1,1,2,195,0.0,1.0,0.0,0.0,-0.6869232861680891,-0.47724631202503354
478,1,4,114,0,2,1,1,518,0.0,1.0,0.0,0.0,-0.3027483091052435,0.3878408582923558
479,1,4,115,0,3,1,1,655,0.0,1.0,0.0,0.0,-0.06287777147678382,0.589181940098346
480,1,4,116,0,4,1,2,475,0.0,1.0,0.0,0.0,-0.01394763413048583,0.17076441662941438
481,1,4,117,0,5,0,1,1014,0.0,1.0,0.0,0.0,-0.12808844751195264,0.6024139472507823
482,1,4,118,0,6,0,2,1120,0.0,1.0,0.0,0.0,-0.405208001954845,-0.11747876620473849
483,1,4,119,0,0,1,1,2229,0.0,1.0,0.0,0.0,-0.13736842833234217,0.6278050961108628
484,1,4,120,0,1,1,2,665,0.0,1.0,0.0,0.0,-0.10942889943152748,0.3660259275815825
485,1,5,121,0,2,1,2,653,0.0,1.0,0.0,0.0,0.3306878380060584,0.42610639248994187
486,1,5,122,0,3,1,1,667,0.0,1.0,0.0,0.0,0.18637971018501884,0.5795261510952168
487,1,5,123,0,4,1,2,764,0.0,1.0,0.0,0.0,0.18396750531358227,0.6696468484577559
488,1,5,124,0,5,0,1,1069,0.0,1.0,0.0,0.0,0.3819416589441074,0.6249441215914171
489,1,5,125,0,6,0,2,2496,0.0,1.0,0.0,0.0,0.3586716275467159,0.8348681269557443
490,1,5,126,0,0,1,2,2135,0.0,1.0,0.0,0.0,0.21898873658925666,0.6474742959320519
491,1,5,127,0,1,1,2,1008,0.0,1.0,0.0,0.0,0.14671480011249585,0.6167188198480107
492,1,5,128,0,2,1,2,738,0.0,1.0,0.0,0.0,0.2585798789287084,0.42181493071077336
493,1,5,129,0,3,1,2,620,0.0,1.0,0.0,0.0,0.24218131186692324,0.06025927581582476
494,1,5,130,0,4,1,1,1026,0.0,1.0,0.0,0.0,0.01629713642881192,0.7236477425122932
495,1,5,131,0,5,0,1,1319,0.0,1.0,0.0,0.0,0.12344476871510457,0.8874385337505588
496,1,5,132,0,6,0,1,2622,0.0,1.0,0.0,0.0,0.21190703421439672,1.0301296379079123
497,1,5,133,0,0,1,1,2172,0.0,1.0,0.0,0.0,0.3609953111384669,0.5612874385337505
498,1,5,134,0,1,1,2,342,0.0,1.0,0.0,0.0,0.23065510357450794,-0.6099240053643272
499,1,5,135,0,2,1,2,625,0.0,1.0,0.0,0.0,0.32841210344080385,0.20259275815824765
500,1,5,136,0,3,1,1,991,0.0,1.0,0.0,0.0,0.4005975186378789,1.028341528833259
501,1,5,137,0,4,1,1,1242,0.0,1.0,0.0,0.0,0.31442942963710896,1.0140366562360303
502,1,5,138,0,5,0,1,1521,0.0,1.0,0.0,0.0,0.2351586236785203,1.1052302190433616
503,1,5,139,0,6,0,1,3410,0.0,1.0,0.0,0.0,0.2933871837784758,1.3394725078229772
504,1,5,140,0,0,1,1,2704,0.0,1.0,0.0,0.0,0.3563073717017758,0.9228430934286992
505,1,5,141,0,1,1,2,630,0.0,1.0,0.0,0.0,0.2888098959413916,-0.0677693339293697
506,1,5,142,0,2,1,2,819,0.0,1.0,0.0,0.0,0.34471846083624974,0.5451944568618686
507,1,5,143,0,3,1,2,766,0.0,1.0,0.0,0.0,0.3586863810933301,0.2544479213232007
508,1,5,144,0,4,1,1,1059,0.0,1.0,0.0,0.0,0.4401554654974484,0.794456861868574
509,1,5,145,0,5,0,1,1417,0.0,1.0,0.0,0.0,0.516980871104718,0.7815824765310684
510,1,5,146,0,6,0,1,2855,0.0,1.0,0.0,0.0,0.5729226314794581,0.7107733571747876
511,1,5,147,0,0,1,1,3283,0.0,1.0,0.0,0.0,0.568234692042767,0.7304425569959767
512,1,5,148,0,1,1,1,2557,0.0,1.0,0.0,0.0,0.7079323365468407,0.5344658024139473
513,1,5,149,1,2,0,1,880,0.0,1.0,0.0,0.0,0.6846659935361027,0.427179257934734
514,1,5,150,0,3,1,2,745,0.0,1.0,0.0,0.0,0.4564913299861228,0.8248547161376844
515,1,5,151,0,4,1,1,1100,0.0,1.0,0.0,0.0,0.5309967403882951,0.9975860527492177
516,1,6,152,0,5,0,2,533,0.0,1.0,0.0,0.0,0.44481020945425725,-0.1507375949932946
517,1,6,153,0,6,0,1,2795,0.0,1.0,0.0,0.0,0.2911003840532604,1.2772463120250335
518,1,6,154,0,0,1,1,2494,0.0,1.0,0.0,0.0,0.32372416400411275,1.105945462673223
519,1,6,155,0,1,1,1,1071,0.0,1.0,0.0,0.0,0.3353425819628673,0.875994635672776
520,1,6,156,0,2,1,2,968,0.0,1.0,0.0,0.0,0.14210431679552973,0.8770675011175681
521,1,6,157,0,3,1,1,1027,0.0,1.0,0.0,0.0,0.20259385791412524,0.8963790791238265
522,1,6,158,0,4,1,1,1038,0.0,1.0,0.0,0.0,0.30273355555862946,1.0533750558784085
523,1,6,159,0,5,0,1,1488,0.0,1.0,0.0,0.0,0.4075575042531711,1.1399195350916407
524,1,6,160,0,6,0,1,2708,0.0,1.0,0.0,0.0,0.5938394721918698,1.0548055431381314
525,1,6,161,0,0,1,1,2224,0.0,1.0,0.0,0.0,0.6497185299934992,0.7329459097004918
526,1,6,162,0,1,1,2,1017,0.0,1.0,0.0,0.0,0.6357174142565367,0.7565489494859187
527,1,6,163,0,2,1,2,477,0.0,1.0,0.0,0.0,0.4076054532796676,0.151452838623156
528,1,6,164,0,3,1,1,1173,0.0,1.0,0.0,0.0,0.45644706934627977,1.0272686633884667
529,1,6,165,0,4,1,1,1180,0.0,1.0,0.0,0.0,0.5053772066925778,1.0065265981224856
530,1,6,166,0,5,0,1,1563,0.0,1.0,0.0,0.0,0.414535931801731,1.11452838623156
531,1,6,167,0,6,0,1,2963,0.0,1.0,0.0,0.0,0.39592433274780203,1.1277603933839964
532,1,6,168,0,0,1,1,2634,0.0,1.0,0.0,0.0,0.31207623895212944,0.8688421993741618
533,1,6,169,0,1,1,2,653,0.0,1.0,0.0,0.0,0.2119992438807362,0.19687080911935628
534,1,6,170,0,2,1,1,968,0.0,1.0,0.0,0.0,0.6171685177757187,0.8141260616897631
535,1,6,171,0,3,1,1,872,0.0,1.0,0.0,0.0,0.8616458503344908,0.5945462673223066
536,1,6,172,0,4,1,1,778,0.0,0.0,1.0,0.0,0.9780771518278264,0.4851139919535092
537,1,6,173,0,5,0,1,964,0.0,0.0,1.0,0.0,0.873249514746631,0.4557890031291909
538,1,6,174,0,6,0,1,2657,0.0,0.0,1.0,0.0,0.6101605831339303,1.040500670540903
539,1,6,175,0,0,1,1,2551,0.0,0.0,1.0,0.0,0.6893207374929116,0.83772910147519
540,1,6,176,0,1,1,1,1139,0.0,0.0,1.0,0.0,0.6147710664508964,0.7976754582029504
541,1,6,177,0,2,1,1,1077,0.0,0.0,1.0,0.0,0.3959095792011878,1.0347787215020117
542,1,6,178,0,3,1,1,1077,0.0,0.0,1.0,0.0,0.5658999432910554,0.9965131873044256
543,1,6,179,0,4,1,1,921,0.0,0.0,1.0,0.0,0.6939607279031061,0.8334376396960215
544,1,6,180,0,5,0,1,829,0.0,0.0,1.0,0.0,1.1037441735017084,0.327045149754135
545,1,6,181,0,6,0,1,1455,0.0,0.0,1.0,0.0,0.7382066141993667,0.4071524362986142
546,1,7,182,0,0,1,1,1421,0.0,0.0,1.0,0.0,0.9710212681595415,0.3513634331694233
547,1,7,183,0,1,1,1,904,0.0,0.0,1.0,0.0,0.791798872275781,0.600268216361198
548,1,7,184,0,2,1,1,1052,0.0,0.0,1.0,0.0,0.7940561649077676,0.7551184622261958
549,1,7,185,1,3,0,1,2562,0.0,0.0,1.0,0.0,0.903553299492386,1.020831470719714
550,1,7,186,1,4,0,1,1405,0.0,0.0,1.0,0.0,1.0106271640456075,0.605274921770228
551,1,7,187,0,5,0,1,1366,0.0,0.0,1.0,0.0,0.9780439563479442,0.5931157800625838
552,1,7,188,0,6,0,1,1448,0.0,0.0,1.0,0.0,1.1712416492620925,0.10424675905230218
553,1,7,189,0,0,1,1,1203,0.0,0.0,1.0,0.0,1.1176973402121746,0.04416629414394278
554,1,7,190,0,1,1,2,998,0.0,0.0,1.0,0.0,0.6148153270907392,0.7225748770675011
555,1,7,191,0,2,1,2,954,0.0,0.0,1.0,0.0,0.6544359765234194,0.6227983907018328
556,1,7,192,0,3,1,1,975,0.0,0.0,1.0,0.0,0.6008621603802731,0.9711220384443451
557,1,7,193,0,4,1,1,1032,0.0,0.0,1.0,0.0,0.6171353222958366,1.0362092087617345
558,1,7,194,0,5,0,2,1511,0.0,0.0,1.0,0.0,0.6660064454556774,1.0551631649530622
559,1,7,195,0,6,0,2,2355,0.0,0.0,1.0,0.0,0.6590317062937713,0.8656236030397855
560,1,7,196,0,0,1,1,1920,0.0,0.0,1.0,0.0,0.803446797327764,0.5301743406347788
561,1,7,197,0,1,1,1,1088,0.0,0.0,1.0,0.0,0.8732642682932453,0.8159141707644166
562,1,7,198,0,2,1,1,921,0.0,0.0,1.0,0.0,0.9896623743066987,0.8001788109074653
563,1,7,199,0,3,1,1,799,0.0,0.0,1.0,0.0,0.9524096691056128,0.4164506034868127
564,1,7,200,0,4,1,1,888,0.0,0.0,1.0,0.0,0.8382872976574139,0.7304425569959767
565,1,7,201,0,5,0,2,747,0.0,0.0,1.0,0.0,0.46348451108129696,0.47259722843093427
566,1,7,202,0,6,0,3,1264,0.0,0.0,1.0,0.0,0.23069936421435072,-0.03200715243629861
567,1,7,203,0,0,1,2,2544,0.0,0.0,1.0,0.0,0.5007372162823831,1.0233348234242288
568,1,7,204,0,1,1,1,1135,0.0,0.0,1.0,0.0,0.7474607763131812,0.8645507375949933
569,1,7,205,0,2,1,1,1140,0.0,0.0,1.0,0.0,0.8080720341913444,1.0884219937416182
570,1,7,206,0,3,1,1,1383,0.0,0.0,1.0,0.0,0.6148153270907392,1.2962002682163611
571,1,7,207,0,4,1,1,1036,0.0,0.0,1.0,0.0,0.929099065455032,0.8270004470272687
572,1,7,208,0,5,0,1,1259,0.0,0.0,1.0,0.0,0.9104874664011032,0.8423781850692892
573,1,7,209,1,6,0,1,2234,0.0,0.0,1.0,0.0,0.7754445658538389,0.7640590075994635
574,1,7,210,0,0,1,1,2153,0.0,0.0,1.0,0.0,0.6660064454556774,0.7325882878855611
575,1,7,211,0,1,1,1,1040,0.0,0.0,1.0,0.0,0.7289081914457095,0.9142601698703621
576,1,7,212,0,2,1,1,968,0.0,0.0,1.0,0.0,0.6474280418816305,0.953956191327671
577,1,8,213,0,3,1,1,1074,0.0,0.0,1.0,0.0,0.6637012037971944,1.0841305319624497
578,1,8,214,0,4,1,1,983,0.0,0.0,1.0,0.0,0.810425224876324,0.970049172999553
579,1,8,215,0,5,0,2,1328,0.0,0.0,1.0,0.0,0.8686242778830506,0.9392936969155119
580,1,8,216,0,6,0,1,2345,0.0,0.0,1.0,0.0,0.973374458844521,0.8137684398748324
581,1,8,217,0,0,1,1,1707,0.0,0.0,1.0,0.0,0.8989133090821915,0.3274027715690657
582,1,8,218,0,1,1,2,1233,0.0,0.0,1.0,0.0,0.8220731499283076,0.8813589628967367
583,1,8,219,0,2,1,2,1278,0.0,0.0,1.0,0.0,0.7755072684269496,0.9743406347787215
584,1,8,220,0,3,1,2,1263,0.0,0.0,1.0,0.0,0.8127452200814212,1.067679928475637
585,1,8,221,0,4,1,1,1196,0.0,0.0,1.0,0.0,0.7824672540422416,0.9789897183728208
586,1,8,222,0,5,0,2,1065,0.0,0.0,1.0,0.0,0.6660396409355597,0.4425569959767546
587,1,8,223,0,6,0,2,2247,0.0,0.0,1.0,0.0,0.556586766990784,0.6260169870362092
588,1,8,224,0,0,1,1,2182,0.0,0.0,1.0,0.0,0.5798678635481358,0.7136343316942334
589,1,8,225,0,1,1,1,1207,0.0,0.0,1.0,0.0,0.6450600976500367,0.8348681269557443
590,1,8,226,0,2,1,1,1128,0.0,0.0,1.0,0.0,0.698633913793183,0.7994635672776039
591,1,8,227,0,3,1,1,1198,0.0,0.0,1.0,0.0,0.6147526245176285,1.000804649083594
592,1,8,228,0,4,1,1,1338,0.0,0.0,1.0,0.0,0.6171537642291045,1.0930710773357175
593,1,8,229,0,5,0,1,1483,0.0,0.0,1.0,0.0,-0.9035237923991575,0.9296379079123827
594,1,8,230,0,6,0,1,2827,0.0,0.0,1.0,0.0,0.48209611013522563,1.1860527492177022
595,1,8,231,0,0,1,2,1208,0.0,0.0,1.0,0.0,0.4285518010853081,0.0001788109074653554
596,1,8,232,0,1,1,2,1026,0.0,0.0,1.0,0.0,0.4005680115446504,0.7086276262852034
597,1,8,233,0,2,1,1,1081,0.0,0.0,1.0,0.0,0.4192238712384221,0.8788556101922217
598,1,8,234,0,3,1,1,1094,0.0,0.0,1.0,0.0,0.496049276845692,1.010818059901654
599,1,8,235,0,4,1,1,1363,0.0,0.0,1.0,0.0,0.5519430881939357,1.1502905677246311
600,1,8,236,0,5,0,2,1325,0.0,0.0,1.0,0.0,0.589166286301793,1.084845775592311
601,1,8,237,0,6,0,2,1829,0.0,0.0,1.0,0.0,0.4844013517937087,0.5380420205632543
602,1,8,238,0,0,1,2,1483,0.0,0.0,1.0,0.0,0.4006749747576041,0.25265981224854717
603,1,8,239,0,1,1,1,989,0.0,0.0,1.0,0.0,0.6171537642291045,0.8470272686633885
604,1,8,240,0,2,1,1,935,0.0,0.0,1.0,0.0,0.6590612133869997,0.8910147518998659
605,1,8,241,0,3,1,1,1177,0.0,0.0,1.0,0.0,0.5472403952106303,1.125972284309343
606,1,8,242,0,4,1,1,1172,0.0,0.0,1.0,0.0,0.6101126341074339,1.1316942333482343
607,1,8,243,0,5,0,1,1433,0.0,0.0,1.0,0.0,0.7451850417479267,1.0018775145283862
608,1,9,244,0,6,0,2,2352,0.0,0.0,1.0,0.0,0.7940709184543818,0.5691551184622262
609,1,9,245,0,0,1,2,2613,0.0,0.0,1.0,0.0,0.596174220943582,0.45113991953509164
610,1,9,246,0,1,1,1,1965,0.0,0.0,1.0,0.0,0.6427548559915536,0.5312472060795709
611,1,9,247,1,2,0,1,867,0.0,0.0,1.0,0.0,0.7359198144741517,0.8280733124720608
612,1,9,248,0,3,1,1,832,0.0,0.0,1.0,0.0,0.817414717584845,0.916763522574877
613,1,9,249,0,4,1,2,611,0.0,0.0,1.0,0.0,0.6195180200740446,0.591685292802861
614,1,9,250,0,5,0,1,1045,0.0,0.0,1.0,0.0,0.6264337450494938,1.0569512740277156
615,1,9,251,0,6,0,2,1557,0.0,0.0,1.0,0.0,0.456461822892894,0.5105051408135897
616,1,9,252,0,0,1,1,2570,0.0,0.0,1.0,0.0,0.33771052619446107,1.3155118462226196
617,1,9,253,0,1,1,1,1118,0.0,0.0,1.0,0.0,0.28876194691489515,1.0644613321412606
618,1,9,254,0,2,1,1,1070,0.0,0.0,1.0,0.0,0.24685449775700008,1.1510058113544925
619,1,9,255,0,3,1,1,1050,0.0,0.0,1.0,0.0,0.30506830431034104,1.1878408582923559
620,1,9,256,0,4,1,1,1054,0.0,0.0,1.0,0.0,0.3400452749461729,1.1642378185069289
621,1,9,257,0,5,0,1,1379,0.0,0.0,1.0,0.0,0.393619091089319,1.2375502905677247
622,1,9,258,0,6,0,1,3160,0.0,0.0,1.0,0.0,0.3633153063435642,1.4896736700938757
623,1,9,259,0,0,1,1,2166,0.0,0.0,1.0,0.0,0.2794340170680094,0.9957979436745642
624,1,9,260,0,1,1,2,1022,0.0,0.0,1.0,0.0,0.24227352153326248,0.8298614215467144
625,1,9,261,0,2,1,2,371,0.0,0.0,1.0,0.0,0.28659686394924805,-0.17004917299955297
626,1,9,262,0,3,1,1,788,0.0,0.0,1.0,0.0,0.1956301839121796,1.0880643719266876
627,1,9,263,0,4,1,1,939,0.0,0.0,1.0,0.0,0.16534115271303906,1.1341975860527491
628,1,9,264,0,5,0,1,1250,0.0,0.0,1.0,0.0,0.3120614854055152,1.2940545373267769
629,1,9,265,0,6,0,1,2512,0.0,0.0,1.0,0.0,0.4541270741411824,1.375592311130979
630,1,9,266,0,0,1,1,2454,1.0,0.0,0.0,0.0,0.11643683407331615,1.2010728654447922
631,1,9,267,0,1,1,1,1001,1.0,0.0,0.0,0.0,0.0558735252216491,1.0326329906124274
632,1,9,268,0,2,1,1,845,1.0,0.0,0.0,0.0,0.20955384352941744,1.06911041573536
633,1,9,269,0,3,1,1,787,1.0,0.0,0.0,0.0,0.4029507093228584,1.1388466696468484
634,1,9,270,0,4,1,2,751,1.0,0.0,0.0,0.0,0.4448581584807537,1.0172552525704068
635,1,9,271,0,5,0,2,1045,1.0,0.0,0.0,0.0,0.36330055279694995,1.0251229324988824
636,1,9,272,0,6,0,1,2589,1.0,0.0,0.0,0.0,0.1583479716178649,1.4328118015198927
637,1,9,273,0,0,1,1,2015,1.0,0.0,0.0,0.0,0.11175258302327848,0.8370138578453286
638,1,10,274,0,1,1,2,763,1.0,0.0,0.0,0.0,0.09086524940409524,0.7973178363880197
639,1,10,275,0,2,1,3,315,1.0,0.0,0.0,0.0,0.20274508176692177,0.03236477425122933
640,1,10,276,0,3,1,2,728,1.0,0.0,0.0,0.0,0.4122454436898622,1.081269557443004
641,1,10,277,0,4,1,2,891,1.0,0.0,0.0,0.0,0.4448581584807537,0.9940098345999105
642,1,10,278,0,5,0,1,1516,1.0,0.0,0.0,0.0,0.3423652701512702,1.2901206973625392
643,1,10,279,0,6,0,1,3031,1.0,0.0,0.0,0.0,0.1886849518435019,1.2218149307107733
644,1,10,280,0,0,1,2,781,1.0,0.0,0.0,0.0,-0.24915605102882946,-0.37139025480554316
645,1,10,281,0,1,1,2,874,1.0,0.0,0.0,0.0,-0.3679405432071443,0.33240947697809564
646,1,10,282,0,2,1,2,601,1.0,0.0,0.0,0.0,-0.18166226365509897,0.6592758158247654
647,1,10,283,0,3,1,1,780,1.0,0.0,0.0,0.0,0.05819352042674642,1.1238265534197587
648,1,10,284,0,4,1,1,834,1.0,0.0,0.0,0.0,-0.20727810896416263,1.0805543138131426
649,1,10,285,0,5,0,1,1060,1.0,0.0,0.0,0.0,-0.20025542077575997,0.977559231113098
650,1,10,286,0,6,0,1,2252,1.0,0.0,0.0,0.0,-0.3539689345634103,0.9156906571300849
651,1,10,287,0,0,1,1,2080,1.0,0.0,0.0,0.0,0.0768641336671324,0.7476084041126508
652,1,10,288,0,1,1,2,760,1.0,0.0,0.0,0.0,0.19100494704859922,0.47438533750558787
653,1,10,289,0,2,1,1,922,1.0,0.0,0.0,0.0,-0.09781048147277267,1.067679928475637
654,1,10,290,0,3,1,1,979,1.0,0.0,0.0,0.0,-0.13741637735883838,1.041573535985695
655,1,10,291,0,4,1,2,1008,1.0,0.0,0.0,0.0,0.0931704910625783,1.0587393831023693
656,1,10,292,0,5,0,2,753,1.0,0.0,0.0,0.0,0.18637971018501884,0.31309789897183726
657,1,10,293,0,6,0,1,2806,1.0,0.0,0.0,0.0,-0.053564595176512346,1.2665176575771122
658,1,10,294,0,0,1,1,2132,1.0,0.0,0.0,0.0,-0.11410208532160432,0.8137684398748324
659,1,10,295,0,1,1,1,830,1.0,0.0,0.0,0.0,-0.01631188997542618,0.8974519445686187
660,1,10,296,0,2,1,1,841,1.0,0.0,0.0,0.0,0.15837747871109342,1.0433616450603487
661,1,10,297,0,3,1,1,795,1.0,0.0,0.0,0.0,0.2631903622456745,1.12454179704962
662,1,10,298,0,4,1,2,875,1.0,0.0,0.0,0.0,0.15610543253249257,1.0050961108627627
663,1,10,299,0,5,0,2,1182,1.0,0.0,0.0,0.0,0.13051540593000371,1.035493965131873
664,1,10,300,0,6,0,2,2643,1.0,0.0,0.0,0.0,0.10242096478973906,1.181403665623603
665,1,10,301,0,0,1,2,998,1.0,0.0,0.0,0.0,-0.07226840389678055,-0.03200715243629861
666,1,10,302,0,1,1,3,2,1.0,0.0,0.0,0.0,-0.17691162164529714,-1.6187751452838623
667,1,10,303,0,2,1,2,87,1.0,0.0,0.0,0.0,-0.6545244978031048,-1.234689316048279
668,1,10,304,0,3,1,2,419,1.0,0.0,0.0,0.0,-0.46571229662005476,0.3638801966919982
669,1,11,305,0,4,1,2,466,1.0,0.0,0.0,0.0,-0.43309958182916325,0.5140813589628968
670,1,11,306,0,5,0,1,618,1.0,0.0,0.0,0.0,-0.4843681563138265,0.4643719266875279
671,1,11,307,0,6,0,2,1029,1.0,0.0,0.0,0.0,-0.6031194530122594,0.210818059901654
672,1,11,308,0,0,1,1,1201,1.0,0.0,0.0,0.0,-0.5821251561801224,0.19973178363880198
673,1,11,309,0,1,1,1,378,1.0,0.0,0.0,0.0,-0.6612889989257574,0.25409029950827
674,1,11,310,0,2,1,1,466,1.0,0.0,0.0,0.0,-0.7590607523386678,0.4067948144836835
675,1,11,311,0,3,1,2,326,1.0,0.0,0.0,0.0,-0.7846802860343851,0.1739830129637908
676,1,11,312,0,4,1,1,340,1.0,0.0,0.0,0.0,-0.5365625158485363,0.2741171211443898
677,1,11,313,0,5,0,1,709,1.0,0.0,0.0,0.0,-0.4866881515189238,0.516227089852481
678,1,11,314,1,6,0,1,2090,1.0,0.0,0.0,0.0,-0.3445967440766815,0.7107733571747876
679,1,11,315,0,0,1,1,2290,1.0,0.0,0.0,0.0,-0.24214811638704076,0.8237818506928922
680,1,11,316,0,1,1,1,1097,1.0,0.0,0.0,0.0,-0.04419240468978358,0.6152883325882879
681,1,11,317,0,2,1,2,327,1.0,0.0,0.0,0.0,-0.6054099411241283,-0.16253911488600806
682,1,11,318,0,3,1,1,373,1.0,0.0,0.0,0.0,-0.759075505885282,0.33848904783191774
683,1,11,319,0,4,1,2,320,1.0,0.0,0.0,0.0,-0.6007367552340513,0.3206079570853822
684,1,11,320,0,5,0,1,484,1.0,0.0,0.0,0.0,-0.5169661175581037,0.41108627626285205
685,1,11,321,0,6,0,1,1313,1.0,0.0,0.0,0.0,-0.593762016072145,0.386410371032633
686,1,11,322,0,0,1,1,922,1.0,0.0,0.0,0.0,-0.5518508785275962,0.04309342869915065
687,1,11,323,0,1,1,2,449,1.0,0.0,0.0,0.0,-0.4121532340235227,0.3399195350916406
688,1,11,324,0,2,1,2,534,1.0,0.0,0.0,0.0,-0.393541634969594,0.3881984801072865
689,1,11,325,0,3,1,1,615,1.0,0.0,0.0,0.0,-0.45172593442970643,0.2136790344210997
690,1,11,326,0,4,1,1,955,1.0,0.0,0.0,0.0,-0.5052849970262382,-0.7594099240053643
691,1,11,327,1,5,0,1,1603,1.0,0.0,0.0,0.0,-0.40050530897153963,-0.22834152883325884
692,1,11,328,1,6,0,1,532,1.0,0.0,0.0,0.0,-0.8801320442421982,-0.8123379526151095
693,1,11,329,0,0,1,1,309,1.0,0.0,0.0,0.0,-0.8475230178379601,-0.759767545820295
694,1,11,330,0,1,1,1,337,1.0,0.0,0.0,0.0,-0.5472108881174015,0.19257934734018775
695,1,11,331,0,2,1,2,123,1.0,0.0,0.0,0.0,-0.75909394781855,-0.210818059901654
696,1,11,332,0,3,1,1,198,1.0,0.0,0.0,0.0,-0.728834423712638,0.2544479213232007
697,1,11,333,0,4,1,1,243,1.0,0.0,0.0,0.0,-0.6968929952926968,0.27697809566383547
698,1,11,334,0,5,0,1,362,1.0,0.0,0.0,0.0,-0.6030419968925345,0.40035762181493073
699,1,12,335,0,6,0,2,951,1.0,0.0,0.0,0.0,-0.6287242331613624,0.22977201609298167
700,1,12,336,0,0,1,2,892,1.0,0.0,0.0,0.0,-0.4726907241686147,0.035940992400536435
701,1,12,337,0,1,1,1,555,1.0,0.0,0.0,0.0,-0.11643683407331588,0.602771569065713
702,1,12,338,0,2,1,1,551,1.0,0.0,0.0,0.0,-0.06753620382024642,0.7358068842199375
703,1,12,339,0,3,1,1,331,1.0,0.0,0.0,0.0,-0.21891496885618514,0.42217255252570407
704,1,12,340,0,4,1,1,340,1.0,0.0,0.0,0.0,-0.8452325297260914,0.2955744300402324
705,1,12,341,0,5,0,2,349,1.0,0.0,0.0,0.0,-0.6100831270142051,0.1643272239606616
706,1,12,342,0,6,0,2,1153,1.0,0.0,0.0,0.0,-0.3609326085653559,0.36960214573088956
707,1,12,343,0,0,1,2,441,1.0,0.0,0.0,0.0,-0.3585794178803764,-0.47223960661600356
708,1,12,344,0,1,1,2,329,1.0,0.0,0.0,0.0,-0.19101970059521348,0.22226195797943674
709,1,12,345,0,2,1,2,282,1.0,0.0,0.0,0.0,-0.5495751439623416,0.340634778721502
710,1,12,346,0,3,1,2,310,1.0,0.0,0.0,0.0,-0.7008912064251698,0.27554760840411263
711,1,12,347,0,4,1,1,425,1.0,0.0,0.0,0.0,-0.7125096243839243,0.351721054984354
712,1,12,348,0,5,0,1,429,1.0,0.0,0.0,0.0,-0.71249487083731,0.37997317836388017
713,1,12,349,0,6,0,1,767,1.0,0.0,0.0,0.0,-0.5495013762292703,0.17827447474295932
714,1,12,350,0,0,1,2,538,1.0,0.0,0.0,0.0,-0.4331143353757775,-0.27268663388466696
715,1,12,351,0,1,1,2,212,1.0,0.0,0.0,0.0,-0.31670147581570984,0.013053196244970942
716,1,12,352,0,2,1,1,433,1.0,0.0,0.0,0.0,-0.28642719816318357,0.3606616003576218
717,1,12,353,0,3,1,1,333,1.0,0.0,0.0,0.0,-0.5355629630654182,0.25695127402771567
718,1,12,354,0,4,1,2,314,1.0,0.0,0.0,0.0,-0.5611788083744819,-0.15037997317836388
719,1,12,355,0,5,0,2,221,0.0,0.0,0.0,1.0,-0.6845553419364954,-0.3309789897183728
720,1,12,356,0,6,0,1,205,0.0,0.0,0.0,1.0,-0.9267126792901702,-1.0011622708985248
721,1,12,357,0,0,1,1,408,0.0,0.0,0.0,1.0,-0.8405593438360145,-0.9875726419311578
722,1,12,358,1,1,0,2,174,0.0,0.0,0.0,1.0,-0.8426654126152046,-1.297630755476084
723,1,12,359,1,2,0,2,440,0.0,0.0,0.0,1.0,-0.7114879412808846,-1.264371926687528
724,1,12,360,0,3,1,3,9,0.0,0.0,0.0,1.0,-0.9849154206835504,-1.4689316048278944
725,1,12,361,0,4,1,2,247,0.0,0.0,0.0,1.0,-0.9616453892861591,-0.8706303084488154
726,1,12,362,0,5,0,2,644,0.0,0.0,0.0,1.0,-0.8568804547780746,-0.5198033080017881
727,1,12,363,0,6,0,2,159,0.0,0.0,0.0,1.0,-0.9035237923991575,-1.1470719713902549
728,1,12,364,0,0,1,1,364,0.0,0.0,0.0,1.0,-0.9429895295923874,-0.9843540455967814
729,1,12,365,1,1,0,2,439,0.0,0.0,0.0,1.0,-0.9732822491781815,-0.6506928922664282
