,yr,mnth,dia_anual,holiday_num,weekday_num,workingday_num,weathersit,cnt,seasons_autumn,seasons_spring,seasons_summer,seasons_winter,atemp,casual,registered
0,0,1,1,1,0,0,2,985,0.0,0.0,0.0,1.0,-0.4563991203197833,-0.49471323293816083,-1.3198158702323541
1,0,1,2,0,1,1,2,801,0.0,0.0,0.0,1.0,-0.4928625107770049,-0.7510413329061199,-1.3128014028934678
2,0,1,3,0,2,1,1,1349,0.0,0.0,0.0,1.0,-1.098989843105253,-0.7651393784043575,-1.0677334502411222
3,0,1,4,0,3,1,1,1562,0.0,0.0,0.0,1.0,-1.0152007634960376,-0.7805190644024351,-0.9690925032880315
4,0,1,5,0,4,1,1,1600,0.0,0.0,0.0,1.0,-0.9519523091605695,-0.8138417173982698,-0.9410346339324858
5,0,1,6,0,5,0,1,1606,0.0,0.0,0.0,1.0,-0.9374237541321458,-0.806151874399231,-0.9410346339324858
6,0,1,7,0,6,0,2,1510,0.0,0.0,0.0,1.0,-1.0273097368797173,-0.7292534444088433,-1.0094256904866288
7,0,1,8,0,0,1,2,959,0.0,0.0,0.0,1.0,-1.1991332291364107,-0.8317846843960269,-1.2159140727750986
8,0,1,9,0,1,1,1,822,0.0,0.0,0.0,1.0,-1.3690903977463962,-0.849727651393784,-1.2698377904427882
9,0,1,10,0,2,1,1,1321,0.0,0.0,0.0,1.0,-1.2410554318409202,-0.8663889778917013,-1.0453748355984218
10,0,1,11,0,3,1,2,1263,0.0,0.0,0.0,1.0,-1.0913954549855465,-0.8638256968920218,-1.071679088119246
11,0,1,12,0,4,1,1,1162,0.0,0.0,0.0,1.0,-1.205702245766424,-0.886895225889138,-1.1080666374397194
12,0,1,13,0,5,0,1,1406,0.0,0.0,0.0,1.0,-1.2410738737741882,-0.8702338993912208,-1.0067952652345462
13,0,1,14,0,6,0,1,1421,0.0,0.0,0.0,1.0,-1.1026487226655972,-0.849727651393784,-1.0072336694432267
14,0,1,15,0,0,1,2,1248,0.0,0.0,0.0,1.0,-0.882455727833949,-0.6344120474206985,-1.1567295046032442
15,0,1,16,1,1,0,1,1204,0.0,0.0,0.0,1.0,-0.9337058603853443,-0.5972444729253444,-1.1887330118369137
16,0,1,17,0,2,1,2,1000,0.0,0.0,0.0,1.0,-1.145588920086493,-0.768984299903877,-1.2194213064445418
17,0,1,18,0,3,1,2,683,0.0,0.0,0.0,1.0,-0.9406547808406758,-0.9074014738865748,-1.3110477860587462
18,0,1,19,0,4,1,2,1650,0.0,0.0,0.0,1.0,-0.6968929952926968,-0.818968279397629,-0.917360806663744
19,0,1,20,0,5,0,2,1927,0.0,0.0,0.0,1.0,-0.8568657012314603,-0.81256007689843,-0.7981148619026742
20,0,1,21,0,6,0,1,1543,0.0,0.0,0.0,1.0,-1.2154395865318564,-0.8228132008971484,-0.9629548443665059
21,0,1,22,0,0,1,1,981,0.0,0.0,0.0,1.0,-1.50594945988188,-0.799743671900032,-1.21722928540114
22,0,1,23,0,1,1,1,986,0.0,0.0,0.0,1.0,-1.4330318999340705,-0.7266901634091637,-1.2400263042525208
23,0,1,24,0,2,1,1,1416,0.0,0.0,0.0,1.0,-1.3626172791693756,-0.8087151553989106,-1.0234546251644017
24,0,1,25,0,3,1,2,1985,0.0,0.0,0.0,1.0,-0.9325661489093904,-0.6805511054149311,-0.8178430512932924
25,0,1,26,0,4,1,3,506,0.0,0.0,0.0,1.0,-1.0466331945577858,-0.87536046139058,-1.3996054362121877
26,0,1,27,0,5,0,1,431,0.0,0.0,0.0,1.0,-0.9872501694352621,-0.899711630887536,-1.4241560718982902
27,0,1,28,0,6,0,2,1167,0.0,0.0,0.0,1.0,-0.9739092749092889,-0.8702338993912208,-1.1115738711091627
28,0,1,29,0,0,1,1,1098,0.0,0.0,0.0,1.0,-1.0151860099494232,-0.7612944569048382,-1.1790881192459448
29,0,1,30,0,1,1,1,1096,0.0,0.0,0.0,1.0,-0.8743043933295529,-0.7395065684075617,-1.1874177992108723
30,0,1,31,0,2,1,2,1501,0.0,0.0,0.0,1.0,-1.1106267029972754,-0.8651073373918616,-0.9669004822446295
31,0,2,32,0,3,1,2,1360,0.0,0.0,0.0,1.0,-0.9325513953627761,-0.8586991348926626,-1.0309074967119685
32,0,2,33,0,4,1,2,1526,0.0,0.0,0.0,1.0,-0.8592004499831719,-0.8266581223966677,-0.9690925032880315
33,0,2,34,0,5,0,1,1550,0.0,0.0,0.0,1.0,-1.1415058760609877,-0.8407561678949055,-0.9537483559842175
34,0,2,35,0,6,0,2,1708,0.0,0.0,0.0,1.0,-0.9544714772449598,-0.806151874399231,-0.8963174046470846
35,0,2,36,0,0,1,2,1005,0.0,0.0,0.0,1.0,-0.9010968339811064,-0.7907721884011535,-1.209776413853573
36,0,2,37,0,1,1,1,1623,0.0,0.0,0.0,1.0,-0.7217932935909672,-0.46523550144184556,-1.0501972818939063
37,0,2,38,0,2,1,1,1712,0.0,0.0,0.0,1.0,-0.677580602774589,-0.7651393784043575,-0.9085927224901359
38,0,2,39,0,3,1,1,1530,0.0,0.0,0.0,1.0,-1.066380816701015,-0.836911246395386,-0.9638316527838667
39,0,2,40,0,4,1,2,1605,0.0,0.0,0.0,1.0,-1.2654172256877692,-0.8510092918936238,-0.9261288908373521
40,0,2,41,0,5,0,1,1538,0.0,0.0,0.0,1.0,-1.2459978699567078,-0.8586991348926626,-0.9528715475668567
41,0,2,42,0,6,0,1,1746,0.0,0.0,0.0,1.0,-1.010084971207532,-0.7279718039090035,-0.9064007014467339
42,0,2,43,0,0,1,1,1472,0.0,0.0,0.0,1.0,-0.938364292728807,-0.5498237744312721,-1.0874616396317405
43,0,2,44,1,1,0,1,1589,0.0,0.0,0.0,1.0,-0.6021346537757555,-0.4101249599487344,-1.0839544059622972
44,0,2,45,0,2,1,1,1913,0.0,0.0,0.0,1.0,-0.32831989377446436,-0.6523550144184557,-0.8590530469092503
45,0,2,46,0,3,1,1,1815,0.0,0.0,0.0,1.0,-0.8597278892746328,-0.7395065684075617,-0.8722051731696624
46,0,2,47,0,4,1,1,2115,0.0,0.0,0.0,1.0,-0.6313208573654777,-0.6395386094200577,-0.7748794388426129
47,0,2,48,0,5,0,1,2475,0.0,0.0,0.0,1.0,-0.2165322710779771,-0.5869913489266261,-0.6350284962735643
48,0,2,49,0,6,0,1,2927,0.0,0.0,0.0,1.0,0.09080254683098452,-0.1768663889778917,-0.577159140727751
49,0,2,50,0,0,1,1,1635,0.0,0.0,0.0,1.0,-0.35393942747018176,-0.23710349247036205,-1.122972380534853
50,0,2,51,1,1,0,1,1812,0.0,0.0,0.0,1.0,-0.7746884465898561,-0.099967958987504,-1.092284085927225
51,0,2,52,0,2,1,2,1107,0.0,0.0,0.0,1.0,-0.7498102786115071,-0.669016340916373,-1.2067075843928101
52,0,2,53,0,3,1,1,1450,0.0,0.0,0.0,1.0,-1.1114270829011008,-0.8240948413969882,-1.003288031565103
53,0,2,54,0,4,1,1,1917,0.0,0.0,0.0,1.0,-0.8912894138692561,-0.7407882089074015,-0.8270495396755809
54,0,2,55,0,5,0,2,1807,0.0,0.0,0.0,1.0,-0.730940492491828,-0.7907721884011535,-0.8581762384918895
55,0,2,56,0,6,0,2,1461,0.0,0.0,0.0,1.0,-0.5049530422274167,-0.7651393784043575,-1.0186321788689172
56,0,2,57,0,0,1,1,1969,0.0,0.0,0.0,1.0,-0.7567555106801848,-0.3755206664530599,-0.9291977202981149
57,0,2,58,0,1,1,1,2402,0.0,0.0,0.0,1.0,-0.5025629676759015,-0.029477731496315284,-0.8577378342832092
58,0,2,59,0,2,1,2,1446,0.0,0.0,0.0,1.0,-0.32179882617094746,-0.8151233578981096,-1.0081104778605874
59,0,3,60,0,3,1,1,1851,0.0,0.0,0.0,1.0,-0.8243009354670653,-0.7433514899070811,-0.8551074090311267
60,0,3,61,0,4,1,1,2134,0.0,0.0,0.0,1.0,-0.617043112629497,-0.6228772829221403,-0.7722490135905304
61,0,3,62,0,5,0,1,1685,0.0,0.0,0.0,1.0,-1.059420831085723,-0.7612944569048382,-0.921744848750548
62,0,3,63,0,6,0,2,1944,0.0,0.0,0.0,1.0,-0.8545457060263628,-0.6446651714194168,-0.8480929416922403
63,0,3,64,0,0,1,2,2077,0.0,0.0,0.0,1.0,-0.40050530897153963,-0.09868631848766421,-0.9765453748355984
64,0,3,65,0,1,1,2,605,0.0,0.0,0.0,1.0,-0.4467097285808472,-0.7728292214033964,-1.39127575624726
65,0,3,66,0,2,1,1,1872,0.0,0.0,0.0,1.0,-0.918052347427581,-0.606215956424223,-0.8928101709776414
66,0,3,67,0,3,1,1,2133,0.0,0.0,0.0,1.0,-0.6822205931847838,-0.5139378404357577,-0.8099517755370451
67,0,3,68,0,4,1,2,1891,0.0,0.0,0.0,1.0,-0.7404675952180069,-0.6741429029157321,-0.8612450679526523
68,0,3,69,0,5,0,3,623,0.0,0.0,0.0,1.0,-0.3750960133150758,-0.8599807753925024,-1.3535729943007453
69,0,3,70,0,6,0,2,1977,0.0,0.0,0.0,1.0,-0.6726307878854941,-0.6023710349247037,-0.8480929416922403
70,0,3,71,0,0,1,1,2132,0.0,0.0,0.0,1.0,-0.5960967648238564,0.008971483498878564,-0.9892590968873302
71,0,3,72,0,1,1,1,2417,0.0,0.0,0.0,1.0,-0.395666145682052,0.33963473245754566,-0.9774221832529593
72,0,3,73,0,2,1,1,2046,0.0,0.0,0.0,1.0,-0.5730443482390258,-0.45882729894264657,-0.8669443226654976
73,0,3,74,0,3,1,2,2056,0.0,0.0,0.0,1.0,-0.6240252285647107,-0.5485421339314323,-0.8318719859710654
74,0,3,75,0,4,1,2,2192,0.0,0.0,0.0,1.0,-0.44420900242972483,-0.5075296379365588,-0.7862779482683033
75,0,3,76,0,5,0,1,2744,0.0,0.0,0.0,1.0,-0.2841219565047005,-0.3755206664530599,-0.5894344585708022
76,0,3,77,0,6,0,1,3239,0.0,0.0,0.0,1.0,0.14622424468757061,0.21403396347324574,-0.5740903112669882
77,0,3,78,0,0,1,1,3117,0.0,0.0,0.0,1.0,-0.07686413366713214,0.9061198333867351,-0.8643138974134151
78,0,3,79,0,1,1,1,2471,0.0,0.0,0.0,1.0,-0.5960967648238564,0.4229413649471323,-0.9822446295484437
79,0,3,80,0,2,1,2,2077,0.0,1.0,0.0,0.0,-0.28632761172353693,-0.4049983979493752,-0.871766768960982
80,0,3,81,0,3,1,1,2703,0.0,1.0,0.0,0.0,-0.17233064542155954,-0.3293816084588273,-0.6231915826391934
81,0,3,82,0,4,1,2,2121,0.0,1.0,0.0,0.0,-0.5511390199034565,-0.6587632169176546,-0.7656729504603245
82,0,3,83,0,5,0,2,1865,0.0,1.0,0.0,0.0,-0.7986518946781193,-0.706183915411727,-0.8616834721613328
83,0,3,84,0,6,0,1,2210,0.0,1.0,0.0,0.0,-0.8522109572746512,-0.5344440884331945,-0.7691801841297676
84,0,3,85,0,0,1,1,2496,0.0,1.0,0.0,0.0,-0.847567278477803,0.33835309195770585,-0.9423498465585269
85,0,3,86,0,1,1,2,1693,0.0,1.0,0.0,0.0,-0.8742416907564422,-0.31400192246074976,-1.0712406839105655
86,0,3,87,0,2,1,1,2028,0.0,1.0,0.0,0.0,-0.8475562133178423,-0.6344120474206985,-0.8147742218325296
87,0,3,88,0,3,1,1,2425,0.0,1.0,0.0,0.0,-0.7172307593004976,-0.5126561999359179,-0.6823761508110477
88,0,3,89,0,4,1,2,1536,0.0,1.0,0.0,0.0,-0.7008469457853268,-0.7036206344120475,-1.0067952652345462
89,0,3,90,1,5,0,3,1685,0.0,1.0,0.0,0.0,-0.8475525249311887,-0.6895225889138097,-0.9462954844366506
90,0,4,91,0,6,0,2,2227,0.0,1.0,0.0,0.0,-0.7521007667233757,-0.5254726049343159,-0.7647961420429636
91,0,4,92,0,0,1,2,2252,0.0,1.0,0.0,0.0,-0.6333974190514392,0.23197693047100287,-1.0129329241560718
92,0,4,93,0,1,1,1,3249,0.0,1.0,0.0,0.0,-0.40054956961138244,1.1970522268503685,-0.9059622972380534
93,0,4,94,0,2,1,1,3115,0.0,1.0,0.0,0.0,0.20494336021245133,0.021787888497276513,-0.5626918018412976
94,0,4,95,0,3,1,2,1795,0.0,1.0,0.0,0.0,-0.32831989377446436,-0.7049022749118872,-0.8928101709776414
95,0,4,96,0,4,1,1,2808,0.0,1.0,0.0,0.0,-0.3679405432071443,-0.38961871195129766,-0.556554142919772
96,0,4,97,0,5,0,1,3141,0.0,1.0,0.0,0.0,-0.19795017911727691,-0.18711951297661006,-0.47983340640070143
97,0,4,98,0,6,0,2,1471,0.0,1.0,0.0,0.0,-0.6007847042605479,-0.6984940724126882,-1.037045155633494
98,0,4,99,0,0,1,2,2455,0.0,1.0,0.0,0.0,-0.5378977118171298,0.20762576097404678,-0.9156071898290223
99,0,4,100,0,1,1,2,2895,0.0,1.0,0.0,0.0,-0.22361766183949075,0.6036526754245434,-0.8581762384918895
100,0,4,101,0,2,1,2,3348,0.0,1.0,0.0,0.0,0.287150121947284,0.1768663889778917,-0.5135905304690925
101,0,4,102,0,3,1,2,2034,0.0,1.0,0.0,0.0,0.020985075865503022,-0.5895546299263057,-0.8274879438842613
102,0,4,103,0,4,1,2,2162,0.0,1.0,0.0,0.0,-0.2584876692623689,-0.6510733739186159,-0.7503288031565103
103,0,4,104,0,5,0,1,3267,0.0,1.0,0.0,0.0,-0.09081730037759851,-0.24094841396988145,-0.40618149934239367
104,0,4,105,0,6,0,1,3126,0.0,1.0,0.0,0.0,-0.16764270598486844,-0.09612303748798462,-0.5175361683472162
105,0,4,106,0,0,1,3,795,0.0,1.0,0.0,0.0,-0.22820970322318893,-0.7638577379045178,-1.3110477860587462
106,0,4,107,0,1,1,1,3744,0.0,1.0,0.0,0.0,-0.15368953927440207,1.0778596603652675,-0.6481806225339763
107,0,4,108,0,2,1,1,3429,0.0,1.0,0.0,0.0,0.058208273973360675,-0.06151874399231016,-0.3965366067514248
108,0,4,109,0,3,1,2,3204,0.0,1.0,0.0,0.0,0.006983960128540446,-0.39474527395065684,-0.3811924594476107
109,0,4,110,0,4,1,1,3944,0.0,1.0,0.0,0.0,0.2841072029580862,-0.13329061198333866,-0.1462078035949145
110,0,4,111,0,5,0,1,4189,0.0,1.0,0.0,0.0,-0.12345952226171857,0.035885933995514256,-0.09666812801402894
111,0,4,112,0,6,0,2,1683,0.0,1.0,0.0,0.0,-0.6100978805608194,-0.6920858699134893,-0.9462954844366506
112,0,4,113,0,0,1,2,4036,0.0,1.0,0.0,0.0,-0.13736842833234217,0.9548221723806473,-0.47807978956597985
113,0,4,114,0,1,1,2,4191,0.0,1.0,0.0,0.0,0.2375265679101141,1.2726690163409164,-0.5188513809732573
114,0,4,115,0,2,1,1,4073,0.0,1.0,0.0,0.0,0.32138941525240117,0.07177186799102851,-0.159798334064007
115,0,4,116,0,3,1,1,4400,0.0,1.0,0.0,0.0,0.393619091089319,-0.049983979493752,0.025208241999123193
116,0,4,117,0,4,1,2,3872,0.0,1.0,0.0,0.0,0.323757359483995,-0.21787888497276514,-0.14883822884699693
117,0,4,118,0,5,0,2,4058,0.0,1.0,0.0,0.0,0.33772527974107536,-0.18968279397628965,-0.07693993862341078
118,0,4,119,0,6,0,1,4595,0.0,1.0,0.0,0.0,0.037247172621105884,0.20634412047420697,0.023016220955721176
119,0,4,120,0,0,1,1,5312,0.0,1.0,0.0,0.0,-0.0860998538476789,1.599487343800064,-0.13919333625602806
120,0,5,121,0,1,1,2,3351,0.0,1.0,0.0,0.0,-0.1444390655472413,0.5395706504325537,-0.6363437088996055
121,0,5,122,0,2,1,2,4401,0.0,1.0,0.0,0.0,0.16770540855797916,0.16661326497917334,-0.04844366505918457
122,0,5,123,0,3,1,2,4451,0.0,1.0,0.0,0.0,0.34934369769983015,-0.14610701698173661,0.08044717229285402
123,0,5,124,0,4,1,2,2633,0.0,1.0,0.0,0.0,-0.30508305785695505,-0.5921179109259853,-0.5640070144673389
124,0,5,125,0,5,0,1,4433,0.0,1.0,0.0,0.0,-0.16762795243825418,-0.13200897148349888,0.06773345024112232
125,0,5,126,0,6,0,1,4608,0.0,1.0,0.0,0.0,-0.04886190219320673,0.2268503684716437,0.021701008329679965
126,0,5,127,0,0,1,1,4714,0.0,1.0,0.0,0.0,0.09315573751596379,1.1470682473566165,-0.24660236738272687
127,0,5,128,0,1,1,1,4333,0.0,1.0,0.0,0.0,0.11643683407331615,0.8766421018904197,-0.3211310828583954
128,0,5,129,0,2,1,1,4362,0.0,1.0,0.0,0.0,0.1397216190173217,-0.06792694649150913,0.014686540990793511
129,0,5,130,0,3,1,1,4803,0.0,1.0,0.0,0.0,0.1304084427170502,-0.029477731496315284,0.19487067075843928
130,0,5,131,0,4,1,1,4182,0.0,1.0,0.0,0.0,0.15135479052269074,-0.21403396347324574,-0.014248136782113108
131,0,5,132,0,5,0,1,4864,0.0,1.0,0.0,0.0,0.132776386948644,-0.02819609099647549,0.22117492327926347
132,0,5,133,0,6,0,2,4105,0.0,1.0,0.0,0.0,0.025580805635854884,-0.03204101249599487,-0.11025865848312144
133,0,5,134,0,0,1,2,3409,0.0,1.0,0.0,0.0,0.048924604766317714,0.23710349247036205,-0.5074528715475669
134,0,5,135,0,1,1,2,4553,0.0,1.0,0.0,0.0,0.17938652908984468,1.1086190323614227,-0.3040333187198597
135,0,5,136,0,2,1,1,3958,0.0,1.0,0.0,0.0,0.23291239620649454,0.07177186799102851,-0.2102148180622534
136,0,5,137,0,3,1,2,4123,0.0,1.0,0.0,0.0,0.18871445893673042,-0.049983979493752,-0.09622972380534853
137,0,5,138,0,4,1,2,3855,0.0,1.0,0.0,0.0,0.14677381429895314,-0.23197693047100287,-0.15146865409907936
138,0,5,139,0,5,0,2,4575,0.0,1.0,0.0,0.0,0.08622525899390035,0.02306952899711631,0.07693993862341078
139,0,5,140,0,6,0,1,4917,0.0,1.0,0.0,0.0,0.15372273475428452,0.24607497596924063,0.15059184568171854
140,0,5,141,0,0,1,1,5805,0.0,1.0,0.0,0.0,0.31207623895212944,1.975008010253124,-0.05151249451994739
141,0,5,142,0,1,1,1,4660,0.0,1.0,0.0,0.0,0.32138941525240117,1.1009291893623838,-0.25449364313897416
142,0,5,143,0,2,1,2,4274,0.0,1.0,0.0,0.0,0.3796511708322386,0.1525152194809356,-0.09929855326611135
143,0,5,144,0,3,1,2,4492,0.0,1.0,0.0,0.0,0.4331954798821562,-0.0743351489907081,0.07387110916264795
144,0,5,145,0,4,1,1,4978,0.0,1.0,0.0,0.0,0.4727681802883399,0.029477731496315284,0.2514248136782113
145,0,5,146,0,5,0,1,4677,0.0,1.0,0.0,0.0,0.6171537642291045,0.05254726049343159,0.11157387110916264
146,0,5,147,0,6,0,1,4679,0.0,1.0,0.0,0.0,0.5519430881939357,0.19737263697532842,0.06291100394563788
147,0,5,148,0,0,1,1,4758,0.0,1.0,0.0,0.0,0.4611018133030889,1.6456264017942968,-0.397851819377466
148,0,5,149,1,1,0,1,4788,0.0,1.0,0.0,0.0,0.4727976873815684,2.0993271387375843,-0.5398947829899167
149,0,5,150,0,2,1,1,4098,0.0,1.0,0.0,0.0,0.6776580588943142,1.0663248958667093,-0.4890398947829899
150,0,5,151,0,3,1,1,3982,0.0,1.0,0.0,0.0,0.8779042587034405,-0.05639218199295098,-0.15585269618588338
151,0,6,152,0,4,1,2,3974,0.0,1.0,0.0,0.0,0.8616163432412622,-0.26145466196731815,-0.08921525646646208
152,0,6,153,0,5,0,1,4968,0.0,1.0,0.0,0.0,0.57751836124981,0.024351169496956104,0.2487943884261289
153,0,6,154,0,6,0,1,5312,0.0,1.0,0.0,0.0,0.36798480384698734,0.23197693047100287,0.3285839544059623
154,0,6,155,0,0,1,1,5342,0.0,1.0,0.0,0.0,0.3958800721079593,1.4764498558154437,-0.08395440596229724
155,0,6,156,0,1,1,2,4906,0.0,1.0,0.0,0.0,0.4774229242451488,1.2406280038449216,-0.19443226654975887
156,0,6,157,0,2,1,1,4548,0.0,1.0,0.0,0.0,0.4960640303923063,-0.05639218199295098,0.0922840859272249
157,0,6,158,0,3,1,1,4833,0.0,1.0,0.0,0.0,0.6218085081859134,0.05895546299263057,0.17777290661990355
158,0,6,159,0,4,1,1,4401,0.0,1.0,0.0,0.0,0.8848974397986147,-0.05254726049343159,0.0265234546251644
159,0,6,160,0,5,0,2,3915,0.0,1.0,0.0,0.0,0.9966555554018734,-0.19737263697532842,-0.13700131521262604
160,0,6,161,0,6,0,1,4586,0.0,1.0,0.0,0.0,0.7964241091393615,0.1256007689842999,0.04669004822446295
161,0,6,162,0,0,1,1,4966,0.0,1.0,0.0,0.0,0.7032775925900313,1.2970201858378725,-0.18741779921087243
162,0,6,163,0,1,1,1,4460,0.0,1.0,0.0,0.0,0.5752426266845555,0.9612303748798462,-0.2943884261288908
163,0,6,164,0,2,1,1,5020,0.0,1.0,0.0,0.0,0.42154386644351943,0.18711951297661006,0.21591407277509864
164,0,6,165,0,3,1,1,4891,0.0,1.0,0.0,0.0,0.3842616541492047,0.01281640499839795,0.21898290223586148
165,0,6,166,0,4,1,1,5180,0.0,1.0,0.0,0.0,0.37027529195885617,0.06664530599166933,0.3272687417799211
166,0,6,167,0,5,0,2,3767,0.0,1.0,0.0,0.0,0.39827752343278156,-0.22044216597244473,-0.1939938623410785
167,0,6,168,0,6,0,1,4844,0.0,1.0,0.0,0.0,0.41685592700682833,0.18711951297661006,0.13875493204734765
168,0,6,169,0,0,1,1,5119,0.0,1.0,0.0,0.0,0.5775626218896528,1.3969881448253765,-0.15453748355984218
169,0,6,170,0,1,1,2,4744,0.0,1.0,0.0,0.0,0.5845410494382127,1.181672540852291,-0.24528715475668567
170,0,6,171,0,2,1,2,4010,0.0,1.0,0.0,0.0,0.39827752343278156,-0.02306952899711631,-0.15497588776852259
171,0,6,172,0,3,1,2,4835,0.0,0.0,1.0,0.0,0.5542962788789152,0.07305350849086831,0.17382726874177992
172,0,6,173,0,4,1,1,4507,0.0,0.0,1.0,0.0,0.7615209062366013,-0.07177186799102851,0.07957036387549321
173,0,6,174,0,5,0,2,4790,0.0,0.0,1.0,0.0,0.7615356597832156,0.03716757449535405,0.16637439719421307
174,0,6,175,0,6,0,1,4991,0.0,0.0,1.0,0.0,0.624143256937625,0.3229734059596283,0.1567295046032442
175,0,6,176,0,0,1,1,5202,0.0,0.0,1.0,0.0,0.5751983660447126,1.3649471323293816,-0.10718982902235862
176,0,6,177,0,1,1,1,5305,0.0,0.0,1.0,0.0,0.5542335763058045,1.5418135213072732,-0.12253397632617273
177,0,6,178,0,2,1,2,4708,0.0,0.0,1.0,0.0,0.5519283346473214,0.17558474847805192,0.08307759754493643
178,0,6,179,0,3,1,1,4648,0.0,0.0,1.0,0.0,0.7568329667999097,0.019224607497596923,0.11025865848312144
179,0,6,180,0,4,1,1,5225,0.0,0.0,1.0,0.0,0.6171537642291045,0.16789490547901315,0.3123629986847874
180,0,6,181,0,5,0,1,5515,0.0,0.0,1.0,0.0,0.5519430881939357,0.39730855495033646,0.36102586584831214
181,0,7,182,0,6,0,1,5362,0.0,0.0,1.0,0.0,0.6078368995421793,0.6779878244152515,0.1979395002192021
182,0,7,183,0,0,1,1,5119,0.0,0.0,1.0,0.0,0.6637012037971944,1.905799423261775,-0.3285839544059623
183,0,7,184,0,1,1,2,4649,0.0,0.0,1.0,0.0,0.6683743896872713,2.005767382249279,-0.5688294607628234
184,0,7,185,1,2,0,2,6043,0.0,0.0,1.0,0.0,0.6567264646352882,3.0092918936238386,-0.3009644892590969
185,0,7,186,1,3,0,1,4665,0.0,0.0,1.0,0.0,0.7707750683504152,0.40243511694969564,-0.013371328364752301
186,0,7,187,0,4,1,1,4629,0.0,0.0,1.0,0.0,0.7312908892239176,0.08586991348926626,0.0791319596668128
187,0,7,188,0,5,0,1,4592,0.0,0.0,1.0,0.0,0.735857111901041,0.04742069849407241,0.07606313020604998
188,0,7,189,0,6,0,2,4040,0.0,0.0,1.0,0.0,0.6754118314222882,-0.03204101249599487,-0.13875493204734765
189,0,7,190,0,0,1,1,5336,0.0,0.0,1.0,0.0,0.6520827858384399,1.6289650752963794,-0.13875493204734765
190,0,7,191,0,1,1,1,4881,0.0,0.0,1.0,0.0,0.7474902834064097,1.3149631528356296,-0.23081981587023234
191,0,7,192,0,2,1,1,4086,0.0,0.0,1.0,0.0,0.8942106160988861,0.00768984299903877,-0.13217886891714162
192,0,7,193,0,3,1,1,4258,0.0,0.0,1.0,0.0,0.9291433260948747,-0.07049022749118872,-0.03003068829460763
193,0,7,194,0,4,1,1,4342,0.0,0.0,1.0,0.0,0.745199795294541,0.03973085549503364,-0.030907496711968435
194,0,7,195,0,5,0,1,5084,0.0,0.0,1.0,0.0,0.5449204000055328,0.21916052547260492,0.23301183691363436
195,0,7,196,0,6,0,1,5538,0.0,0.0,1.0,0.0,0.5053329460527349,0.7702659404037168,0.24353353792196406
196,0,7,197,0,0,1,1,5923,0.0,0.0,1.0,0.0,0.5565720134441697,2.180070490227491,-0.06992547128452434
197,0,7,198,0,1,1,1,5302,0.0,0.0,1.0,0.0,0.673014380097466,1.6520346042934957,-0.16155195089872862
198,0,7,199,0,2,1,1,4458,0.0,0.0,1.0,0.0,0.7987588578910729,0.15892342198013457,-0.02082419991231916
199,0,7,200,0,3,1,1,4541,0.0,0.0,1.0,0.0,0.959402850200787,0.04485741749439282,0.054581323980710215
200,0,7,201,0,4,1,1,4332,0.0,0.0,1.0,0.0,0.9570828549956897,-0.09355975648830503,0.010302498903989479
201,0,7,202,0,5,0,2,3784,0.0,0.0,1.0,0.0,1.2503870500744598,-0.10893944248638257,-0.22468215694870672
202,0,7,203,0,6,0,1,3387,0.0,0.0,1.0,0.0,1.3039608662176063,-0.19865427747516823,-0.3680403331871986
203,0,7,204,0,0,1,1,3285,0.0,0.0,1.0,0.0,1.168932719216956,0.34604293495674465,-0.5990793511617711
204,0,7,205,0,1,1,1,3606,0.0,0.0,1.0,0.0,1.1340479582474636,0.42678628644665173,-0.4859710653222271
205,0,7,206,0,2,1,1,3840,0.0,0.0,1.0,0.0,0.86158314776138,-0.19096443447612946,-0.1720736519070583
206,0,7,207,0,3,1,1,4590,0.0,0.0,1.0,0.0,0.7731393241953559,0.04229413649471323,0.07693993862341078
207,0,7,208,0,4,1,1,4656,0.0,0.0,1.0,0.0,0.7498582276380035,0.04870233899391221,0.1036825953529154
208,0,7,209,1,5,0,1,4390,0.0,0.0,1.0,0.0,0.9314485677533577,-0.14226209548221724,0.052389302937308195
209,0,7,210,0,6,0,1,3846,0.0,0.0,1.0,0.0,1.1013614757235004,-0.06023710349247036,-0.21416045594037703
210,0,7,211,0,0,1,1,4475,0.0,0.0,1.0,0.0,0.8895374302088093,1.0791413008651074,-0.3281455501972819
211,0,7,212,0,1,1,1,4302,0.0,0.0,1.0,0.0,0.8941811090056576,1.0342838833707144,-0.38864533099517756
212,0,8,213,0,2,1,1,4266,0.0,0.0,1.0,0.0,0.7964241091393615,0.01537968599807754,-0.055896536606751424
213,0,8,214,0,3,1,1,4845,0.0,0.0,1.0,0.0,0.8103625223032133,0.10765780198654278,0.16637439719421307
214,0,8,215,0,4,1,2,3574,0.0,0.0,1.0,0.0,0.7102818388451666,-0.32041012495994875,-0.24441034633932485
215,0,8,216,0,5,0,2,4576,0.0,0.0,1.0,0.0,0.6544064694301909,0.10509452098686319,0.049320473476545376
216,0,8,217,0,6,0,1,4866,0.0,0.0,1.0,0.0,0.6240842427511679,0.3921819929509773,0.078255151249452
217,0,8,218,0,0,1,2,4294,0.0,0.0,1.0,0.0,0.6963286721347,1.030438961871195,-0.39083735203857956
218,0,8,219,0,1,1,1,3785,0.0,0.0,1.0,0.0,0.8406847489822362,0.7446331304069208,-0.5162209557211749
219,0,8,220,0,2,1,1,4326,0.0,0.0,1.0,0.0,0.7963909136594792,0.16533162447933356,-0.08088557650153441
220,0,8,221,0,3,1,1,4602,0.0,0.0,1.0,0.0,0.873249514746631,0.24351169496956104,0.013371328364752301
221,0,8,222,0,4,1,1,4780,0.0,0.0,1.0,0.0,0.7288934378990953,0.21403396347324574,0.10149057430951337
222,0,8,223,0,5,0,1,4792,0.0,0.0,1.0,0.0,0.6054726436972392,0.12175584748478052,0.13831652783866724
223,0,8,224,0,6,0,1,4905,0.0,0.0,1.0,0.0,0.6147710664508964,0.4280679269464915,0.08307759754493643
224,0,8,225,0,0,1,2,4150,0.0,0.0,1.0,0.0,0.5845853100780559,1.0086510733739187,-0.4465146865409908
225,0,8,226,0,1,1,2,3820,0.0,0.0,1.0,0.0,0.5053956486258457,0.7958987504005126,-0.518412976764577
226,0,8,227,0,2,1,1,4338,0.0,0.0,1.0,0.0,0.47507342194682295,0.0743351489907081,-0.04449802718106094
227,0,8,228,0,3,1,1,4725,0.0,0.0,1.0,0.0,0.5845078539583305,0.00512656199935918,0.14883822884699693
228,0,8,229,0,4,1,1,4694,0.0,0.0,1.0,0.0,0.6613517014988686,-0.06280038449214995,0.1584831214379658
229,0,8,230,0,5,0,1,3805,0.0,0.0,1.0,0.0,0.6450748511966514,-0.099967958987504,-0.21854449802718107
230,0,8,231,0,6,0,2,4153,0.0,0.0,1.0,0.0,0.5379751679368551,0.1025312399871836,-0.13524769837790443
231,0,8,232,0,0,1,1,5191,0.0,0.0,1.0,0.0,0.5961594673969677,1.5341236783082346,-0.1698816308636563
232,0,8,233,0,1,1,1,3873,0.0,0.0,1.0,0.0,0.6940086769296027,0.6818327459147709,-0.45615957913195965
233,0,8,234,0,2,1,1,4758,0.0,0.0,1.0,0.0,0.5565388179642875,0.1486702979814162,0.11420429636124507
234,0,8,235,0,3,1,1,5895,0.0,0.0,1.0,0.0,0.4378207167457365,0.7228452419096444,0.416264796142043
235,0,8,236,0,4,1,1,5130,0.0,0.0,1.0,0.0,0.5286472380899693,0.2973405959628324,0.22643577378342833
236,0,8,237,0,5,0,2,3542,0.0,0.0,1.0,0.0,0.5845705565314417,-0.3614226209548222,-0.24441034633932485
237,0,8,238,0,6,0,1,4661,0.0,0.0,1.0,0.0,0.6357616748963795,0.06536366549182954,0.10017536168347216
238,0,8,239,0,0,1,2,1115,0.0,0.0,1.0,0.0,0.5465875507729477,-0.6292854854213393,-1.2167908811924595
239,0,8,240,0,1,1,1,4334,0.0,0.0,1.0,0.0,0.5923346104372125,0.8945850688881769,-0.3268303375712407
240,0,8,241,0,2,1,1,4634,0.0,0.0,1.0,0.0,0.444795455907643,0.01537968599807754,0.105436212187637
241,0,8,242,0,3,1,1,5204,0.0,0.0,1.0,0.0,0.3959095792011878,0.0743351489907081,0.33516001753616836
242,0,8,243,0,4,1,1,5058,0.0,0.0,1.0,0.0,0.456461822892894,-0.03716757449535405,0.30929416922402453
243,0,9,244,0,5,0,1,5115,0.0,0.0,1.0,0.0,0.4704776921764711,0.08458827298942646,0.29263480929416924
244,0,9,245,0,6,0,2,4727,0.0,0.0,1.0,0.0,0.43317703794888845,0.2024991989746876,0.08220078912757563
245,0,9,246,0,0,1,1,4484,0.0,0.0,1.0,0.0,0.5379456608436265,1.5610381288048703,-0.4890398947829899
246,0,9,247,1,1,0,1,4940,0.0,0.0,1.0,0.0,0.656770725275131,2.31207946171099,-0.5460324419114424
247,0,9,248,0,2,1,2,3351,0.0,0.0,1.0,0.0,0.5100356390360403,0.6651714194168535,-0.6793073213502849
248,0,9,249,0,3,1,3,2710,0.0,0.0,1.0,0.0,0.10266808669552852,-0.6574815764178148,-0.5078912757562473
249,0,9,250,0,4,1,3,1996,0.0,0.0,1.0,0.0,0.20973826286209593,-0.7677026594040371,-0.7832091188075405
250,0,9,251,0,5,0,3,1842,0.0,0.0,1.0,0.0,0.25079738308966937,-0.7228452419096444,-0.8660675142481368
251,0,9,252,0,6,0,2,3544,0.0,0.0,1.0,0.0,0.33778798231418605,-0.3844921499519385,-0.2356422621657168
252,0,9,253,0,0,1,1,5345,0.0,0.0,1.0,0.0,0.44481020945425725,1.3239346363345081,-0.030469092503288032
253,0,9,254,0,1,1,1,5046,0.0,0.0,1.0,0.0,0.4494833953443341,1.1739826978532522,-0.11025865848312144
254,0,9,255,0,2,1,1,4713,0.0,0.0,1.0,0.0,0.42329953849062024,-0.03460429349567446,0.1571679088119246
255,0,9,256,0,3,1,1,4763,0.0,0.0,1.0,0.0,0.4285518010853081,-0.02050624799743672,0.17426567295046033
256,0,9,257,0,4,1,1,4785,0.0,0.0,1.0,0.0,0.5146608758996207,-0.08971483498878564,0.20758439281017096
257,0,9,258,0,5,0,2,3659,0.0,0.0,1.0,0.0,0.24456400964513128,-0.37039410445370075,-0.19004822446295486
258,0,9,259,0,6,0,2,4760,0.0,0.0,1.0,0.0,-0.09549048626767535,0.03204101249599487,0.15497588776852259
259,0,9,260,0,0,1,2,4511,0.0,0.0,1.0,0.0,-0.032651442850754026,0.9189362383851329,-0.25756247259973697
260,0,9,261,0,1,1,1,4274,0.0,0.0,1.0,0.0,0.01170140665846006,0.8151233578981096,-0.3259535291538799
261,0,9,262,0,2,1,2,4539,0.0,0.0,1.0,0.0,0.1560574835059961,-0.033322652995834666,0.08044717229285402
262,0,9,263,0,3,1,2,3641,0.0,0.0,1.0,0.0,0.1654333623793783,-0.35757769945530277,-0.20232354230600613
263,0,9,264,0,4,1,2,4352,0.0,0.0,1.0,0.0,0.23298985232621952,-0.2281320089714835,0.0651030249890399
264,0,9,265,0,5,0,2,4795,0.0,0.0,1.0,0.0,0.24932940520154737,-0.20762576097404678,0.2523016220955721
265,0,9,266,0,6,0,2,2395,1.0,0.0,0.0,0.0,0.12821016427152065,-0.5882729894264659,-0.6696624287593161
266,0,9,267,0,0,1,2,5423,1.0,0.0,0.0,0.0,0.2841809706911578,1.3572572893303427,-0.0076720736519070585
267,0,9,268,0,1,1,2,5010,1.0,0.0,0.0,0.0,0.3145179509167948,1.0599166933675104,-0.08702323542306006
268,0,9,269,0,2,1,2,4630,1.0,0.0,0.0,0.0,0.37502593396865824,-0.04229413649471323,0.12341078474353354
269,0,9,270,0,3,1,2,4120,1.0,0.0,0.0,0.0,0.32148162491874044,-0.30759371996155077,-0.009425690486628672
270,0,9,271,0,4,1,2,3907,1.0,0.0,0.0,0.0,0.323816373670452,-0.3037487984620314,-0.10412099956159579
271,0,9,272,0,5,0,1,4839,1.0,0.0,0.0,0.0,0.321433675892244,-0.08202499198974687,0.22862779482683035
272,0,9,273,0,6,0,1,5202,1.0,0.0,0.0,0.0,0.21195129485423975,0.14482537648189683,0.31017097764138535
273,0,10,274,0,0,1,2,2429,1.0,0.0,0.0,0.0,-0.27479033827116106,-0.3037487984620314,-0.7520824199912319
274,0,10,275,0,1,1,2,2918,1.0,0.0,0.0,0.0,-0.5239261031733957,-0.1294456904838193,-0.5973257343270495
275,0,10,276,0,2,1,2,3570,1.0,0.0,0.0,0.0,-0.35157148323858795,-0.49599487343800064,-0.18610258658483123
276,0,10,277,0,3,1,1,4456,1.0,0.0,0.0,0.0,-0.053505580990055056,-0.29605895546299266,0.13393248575186323
277,0,10,278,0,4,1,1,4826,1.0,0.0,0.0,0.0,0.1467000465658816,-0.2024991989746876,0.264138535729943
278,0,10,279,0,5,0,1,4765,1.0,0.0,0.0,0.0,-0.02559555918246914,-0.099967958987504,0.20232354230600613
279,0,10,280,0,6,0,1,4985,1.0,0.0,0.0,0.0,0.06284826438355531,0.2973405959628324,0.16286716352476985
280,0,10,281,0,0,1,1,5409,1.0,0.0,0.0,0.0,0.09544622562783259,1.9455302787568087,-0.21503726435773785
281,0,10,282,0,1,1,1,5511,1.0,0.0,0.0,0.0,0.1350631866738591,2.1531560397308556,-0.24134151687856203
282,0,10,283,0,2,1,1,5117,1.0,0.0,0.0,0.0,0.20492860666583682,1.0214674783723166,-0.026961858833844804
283,0,10,284,0,3,1,2,4563,1.0,0.0,0.0,0.0,0.2166244807443166,-0.06408202499198974,0.10149057430951337
284,0,10,285,0,4,1,3,2416,1.0,0.0,0.0,0.0,0.11195175590257148,-0.6408202499198975,-0.6424813678211311
285,0,10,286,0,5,0,2,2913,1.0,0.0,0.0,0.0,0.23767779176291062,-0.5472604934315924,-0.45659798334064006
286,0,10,287,0,6,0,2,3644,1.0,0.0,0.0,0.0,0.1560574835059961,-0.24094841396988145,-0.24090311266988162
287,0,10,288,0,0,1,1,5217,1.0,0.0,0.0,0.0,0.04190191657791504,1.5148990708106376,-0.15190705830775975
288,0,10,289,0,1,1,1,5041,1.0,0.0,0.0,0.0,0.05823778106658919,1.3213713553348285,-0.16286716352476985
289,0,10,290,0,2,1,1,4570,1.0,0.0,0.0,0.0,0.08616255642078963,-0.00512656199935918,0.08439281017097765
290,0,10,291,0,3,1,2,4748,1.0,0.0,0.0,0.0,0.1304084427170502,-0.1025312399871836,0.1957474791758001
291,0,10,292,0,4,1,3,2424,1.0,0.0,0.0,0.0,0.09768138793989779,-0.593399551425825,-0.6551950898728628
292,0,10,293,0,5,0,1,4195,1.0,0.0,0.0,0.0,-0.07686413366713214,-0.31528356296058957,0.026085050416484
293,0,10,294,0,6,0,1,4304,1.0,0.0,0.0,0.0,-0.23520288431836306,-0.05254726049343159,-0.016001753616834723
294,0,10,295,0,0,1,1,4308,1.0,0.0,0.0,0.0,-0.22820970322318893,1.0022428708747197,-0.37505480052608503
295,0,10,296,0,1,1,1,4381,1.0,0.0,0.0,0.0,-0.23986131666182567,1.156039730855495,-0.395659798334064
296,0,10,297,0,2,1,1,4187,1.0,0.0,0.0,0.0,-0.1117488946366248,-0.02306952899711631,-0.07737834283209119
297,0,10,298,0,3,1,1,4687,1.0,0.0,0.0,0.0,-0.08848255162588695,-0.02819609099647549,0.1435773783428321
298,0,10,299,0,4,1,2,3894,1.0,0.0,0.0,0.0,-0.05354984162989809,-0.40115347644985583,-0.07650153441473038
299,0,10,300,0,5,0,2,2659,1.0,0.0,0.0,0.0,-0.11182635075634977,-0.6113425184235822,-0.5460324419114424
300,0,10,301,0,6,0,2,3747,1.0,0.0,0.0,0.0,-0.6216867914263453,-0.3345081704581865,-0.16374397194213064
301,0,10,302,0,0,1,3,627,1.0,0.0,0.0,0.0,-0.956957449849468,-0.8458827298942646,-1.356641823761508
302,0,10,303,0,1,1,1,3331,1.0,0.0,0.0,0.0,-0.6124031222193024,0.21531560397308555,-0.5341955282770715
303,0,10,304,0,2,1,1,3669,1.0,0.0,0.0,0.0,-0.48429070019410153,-0.4549823774431272,-0.1567295046032442
304,0,11,305,0,3,1,1,4068,1.0,0.0,0.0,0.0,-0.3329746377312735,-0.39346363345081703,-0.002849627356422622
305,0,11,306,0,4,1,1,4186,1.0,0.0,0.0,0.0,-0.35862736690687286,-0.44472925344440883,0.0664182376150811
306,0,11,307,0,5,0,1,3974,1.0,0.0,0.0,0.0,-0.30039511842026395,-0.5113745594360782,-0.003726435773783428
307,0,11,308,0,6,0,2,4046,1.0,0.0,0.0,0.0,-0.3097230482671499,-0.3165652034604293,-0.0387987724682157
308,0,11,309,0,0,1,1,3926,1.0,0.0,0.0,0.0,-0.6030899459190309,0.5626401794296699,-0.3921525646646208
309,0,11,310,0,1,1,1,3649,1.0,0.0,0.0,0.0,-0.4610723062098601,0.30118551746235184,-0.42415607189829024
310,0,11,311,0,2,1,1,4035,1.0,0.0,0.0,0.0,-0.31902147102080713,-0.44088433194488946,-0.0010960105217010083
311,0,11,312,0,3,1,1,4205,1.0,0.0,0.0,0.0,-0.2770660728364154,-0.4370394104453701,0.07211749232792634
312,0,11,313,0,4,1,1,4109,1.0,0.0,0.0,0.0,-0.28874719336828086,-0.5280358859339955,0.06115738711091626
313,0,11,314,1,5,0,2,2933,1.0,0.0,0.0,0.0,-0.4191611686653111,-0.6754245434155719,-0.4039894782989917
314,0,11,315,0,6,0,1,3368,1.0,0.0,0.0,0.0,-0.6659289893359522,-0.3550144184556232,-0.32288469969311706
315,0,11,316,0,0,1,1,4067,1.0,0.0,0.0,0.0,-0.47736022167203807,0.7151553989106055,-0.3825076720736519
316,0,11,317,0,1,1,1,3717,1.0,0.0,0.0,0.0,-0.2095538435294172,0.3678308234540211,-0.41714160455940374
317,0,11,318,0,2,1,1,4486,1.0,0.0,0.0,0.0,0.13738318187895643,-0.15636014098045498,0.09929855326611135
318,0,11,319,0,3,1,2,4195,1.0,0.0,0.0,0.0,0.07455889200864935,-0.34347965395706503,0.03572994300745287
319,0,11,320,0,4,1,3,1817,1.0,0.0,0.0,0.0,-0.1304822104501215,-0.7330983659083627,-0.8735203857957037
320,0,11,321,0,5,0,2,3053,1.0,0.0,0.0,0.0,-0.6054246946707424,-0.7407882089074015,-0.3290223586146427
321,0,11,322,0,6,0,1,3392,1.0,0.0,0.0,0.0,-0.7916882206761737,-0.6049343159243832,-0.2268741779921087
322,0,11,323,0,0,1,1,3663,1.0,0.0,0.0,0.0,-0.6007699507139334,0.28965075296379367,-0.41407277509864093
323,0,11,324,0,1,1,2,3520,1.0,0.0,0.0,0.0,-0.11178209011650674,0.08971483498878564,-0.4083735203857957
324,0,11,325,0,2,1,3,2765,1.0,0.0,0.0,0.0,-0.15602797641276733,-0.6369753284203781,-0.4907935116177115
325,0,11,326,0,3,1,3,1607,1.0,0.0,0.0,0.0,-0.24221081896015148,-0.8305030438961871,-0.9322665497588777
326,0,11,327,1,4,0,2,2566,1.0,0.0,0.0,0.0,-0.20960179255591366,-0.7753925024030759,-0.5306882946076282
327,0,11,328,1,5,0,1,1495,1.0,0.0,0.0,0.0,-0.42377165198227723,-0.20121755847484782,-1.196624287593161
328,0,11,329,0,6,0,1,2792,1.0,0.0,0.0,0.0,-0.3935268814229795,0.48446010893944247,-0.8625602805786936
329,0,11,330,0,0,1,1,3068,1.0,0.0,0.0,0.0,-0.3772389659608018,0.6818327459147709,-0.8090749671196843
330,0,11,331,0,1,1,1,3071,1.0,0.0,0.0,0.0,-0.11642208052670164,0.11919256648510093,-0.6153003068829461
331,0,11,332,0,2,1,1,3867,1.0,0.0,0.0,0.0,0.010170726197227338,-0.5946811919256648,-0.022139412538360367
332,0,11,333,0,3,1,2,2914,1.0,0.0,0.0,0.0,-0.1327431914687615,-0.7958987504005126,-0.3711091626479614
333,0,11,334,0,4,1,1,3613,1.0,0.0,0.0,0.0,-0.6496853345136172,-0.6779878244152515,-0.1049978079789566
334,0,12,335,0,5,0,1,3727,1.0,0.0,0.0,0.0,-0.6705874216794149,-0.6856776674142903,-0.052389302937308195
335,0,12,336,0,6,0,1,3940,1.0,0.0,0.0,0.0,-0.5751356634716017,-0.5754565844280679,0.003288031565103025
336,0,12,337,0,0,1,1,3614,1.0,0.0,0.0,0.0,-0.6519610690788716,-0.014098045498237744,-0.33165278386672514
337,0,12,338,0,1,1,1,3485,1.0,0.0,0.0,0.0,-0.5099729364629296,-0.10637616148670298,-0.3566418237615081
338,0,12,339,0,2,1,2,3811,1.0,0.0,0.0,0.0,-0.34464100471652453,-0.6203140019224608,-0.037921964050854885
339,0,12,340,0,3,1,3,2594,1.0,0.0,0.0,0.0,-0.11420904853455781,-0.7574495354053188,-0.5245506356861026
340,0,12,341,0,4,1,3,705,1.0,0.0,0.0,0.0,-0.3213267126792902,-0.8548542133931433,-1.319377466023674
341,0,12,342,0,5,0,1,3322,1.0,0.0,0.0,0.0,-0.8499020272295147,-0.7266901634091637,-0.21591407277509864
342,0,12,343,0,6,0,1,3620,1.0,0.0,0.0,0.0,-0.6263710424763829,-0.5844280679269465,-0.13393248575186323
343,0,12,344,0,0,1,1,3190,1.0,0.0,0.0,0.0,-0.814958252073565,-0.27555270746555593,-0.4281017097764139
344,0,12,345,0,1,1,1,2743,1.0,0.0,0.0,0.0,-0.8638588823266344,-0.4357577699455303,-0.5692678649715037
345,0,12,346,0,2,1,1,3310,1.0,0.0,0.0,0.0,-0.8010013969764452,-0.7356616469080423,-0.21810609381850066
346,0,12,347,0,3,1,1,3523,1.0,0.0,0.0,0.0,-0.6868753371415927,-0.7202819609099648,-0.1299868478737396
347,0,12,348,0,4,1,2,3740,1.0,0.0,0.0,0.0,-0.5495788323489953,-0.6908042294136495,-0.04493643138974134
348,0,12,349,0,5,0,2,3709,1.0,0.0,0.0,0.0,-0.27709926831629755,-0.6869593079141301,-0.059842174484875055
349,0,12,350,0,6,0,2,3577,1.0,0.0,0.0,0.0,-0.47041498960336015,-0.6908042294136495,-0.11639631740464708
350,0,12,351,0,0,1,2,2739,1.0,0.0,0.0,0.0,-0.8778120490371008,-0.5664851009291894,-0.5263042525208242
351,0,12,352,0,1,1,1,2431,1.0,0.0,0.0,0.0,-0.8917984112274492,-0.6369753284203781,-0.6372205173169663
352,0,12,353,0,2,1,1,3403,1.0,0.0,0.0,0.0,-0.761399189477033,-0.5857097084267863,-0.22862779482683035
353,0,12,354,0,3,1,2,3750,1.0,0.0,0.0,0.0,-0.3353130748696385,-0.6421018904197373,-0.05721174923279263
354,0,12,355,0,4,1,2,2660,0.0,0.0,0.0,1.0,-0.21889652692291744,-0.7818007049022749,-0.4872862779482683
355,0,12,356,0,5,0,2,3068,0.0,0.0,0.0,1.0,-0.2258897080180916,-0.6280038449214995,-0.36102586584831214
356,0,12,357,0,6,0,1,2209,0.0,0.0,0.0,1.0,-0.4051748064749628,-0.7100288369112464,-0.7095572117492328
357,0,12,358,1,0,0,1,1011,0.0,0.0,0.0,1.0,-0.6938685182367669,-0.7202819609099648,-1.2312582200789128
358,0,12,359,1,1,0,1,754,0.0,0.0,0.0,1.0,-0.764984301304306,-0.5305991669336751,-1.4088119245944761
359,0,12,360,0,2,1,1,1317,0.0,0.0,0.0,1.0,-0.6337736344901037,-0.3678308234540211,-1.2176676896098202
360,0,12,361,0,3,1,2,1162,0.0,0.0,0.0,1.0,-0.5891515327551788,-0.7869272669016341,-1.1422621657167908
361,0,12,362,0,4,1,1,2302,0.0,0.0,0.0,1.0,-0.7649363522778094,-0.5921179109259853,-0.7091188075405523
362,0,12,363,0,5,0,1,2423,0.0,0.0,0.0,1.0,-0.8242529864405688,-0.593399551425825,-0.6556334940815431
363,0,12,364,0,6,0,1,2999,0.0,0.0,0.0,1.0,-0.6216867914263453,-0.28965075296379367,-0.5070144673388864
364,0,12,365,1,0,0,1,2485,0.0,0.0,0.0,1.0,-0.2701503478609662,-0.06664530599166933,-0.8086365629110039
365,1,1,1,1,1,0,1,2294,0.0,0.0,0.0,1.0,-0.4121532340235227,-0.03973085549503364,-0.9015782551512495
366,1,1,2,0,2,1,1,1951,0.0,0.0,0.0,1.0,-0.8669940109821714,-0.606215956424223,-0.8581762384918895
367,1,1,3,0,3,1,1,2236,0.0,0.0,0.0,1.0,-1.33183769254531,-0.8048702338993913,-0.665278386672512
368,1,1,4,0,4,1,2,2368,0.0,0.0,0.0,1.0,-1.3574277191477986,-0.7971803909003524,-0.6100394563787812
369,1,1,5,0,5,0,1,3272,0.0,0.0,0.0,1.0,-0.7706976122306902,-0.7395065684075617,-0.23345024112231477
370,1,1,6,0,6,0,1,4098,0.0,0.0,0.0,1.0,-0.542552455773939,-0.5254726049343159,0.05545813239807102
371,1,1,7,0,0,1,1,4521,0.0,0.0,0.0,1.0,-0.3562446691286648,0.45241909644344763,-0.09359929855326611
372,1,1,8,0,1,1,1,3425,0.0,0.0,0.0,1.0,-0.5425856512538212,-0.1512335789810958,-0.3676019289785182
373,1,1,9,0,2,1,2,2376,0.0,0.0,0.0,1.0,-0.8847904765856606,-0.7830823454021147,-0.6113546690048225
374,1,1,10,0,3,1,1,3598,0.0,0.0,0.0,1.0,-0.6216351540131954,-0.6972124319128484,-0.1049978079789566
375,1,1,11,0,4,1,2,2177,0.0,0.0,0.0,1.0,-0.7544355154750874,-0.8010253123998718,-0.6924594476106971
376,1,1,12,0,5,0,2,4097,0.0,0.0,0.0,1.0,-0.3888536955329026,-0.5741749439282281,0.07167908811924595
377,1,1,13,0,6,0,1,3214,0.0,0.0,0.0,1.0,-0.8778452445169829,-0.6959307914130086,-0.2737834283209119
378,1,1,14,0,0,1,1,2493,0.0,0.0,0.0,1.0,-1.1222930699825264,-0.49214995193848127,-0.6595791319596668
379,1,1,15,0,1,1,1,2311,0.0,0.0,0.0,1.0,-1.201453224341508,-0.5549503364306312,-0.7178868917141604
380,1,1,16,1,2,0,1,2298,0.0,0.0,0.0,1.0,-1.0943498526950584,-0.6408202499198975,-0.6942130644454186
381,1,1,17,0,3,1,2,2935,0.0,0.0,0.0,1.0,-0.4539906038350002,-0.756167894905479,-0.37549320473476544
382,1,1,18,0,4,1,1,3376,0.0,0.0,0.0,1.0,-0.7823455372826734,-0.7792374239025953,-0.17426567295046033
383,1,1,19,0,5,0,1,3292,0.0,0.0,0.0,1.0,-1.0966550943535414,-0.7523229734059597,-0.22029811486190268
384,1,1,20,0,6,0,2,3163,0.0,0.0,0.0,1.0,-0.9826101790250674,-0.7715475809035566,-0.2702761946514686
385,1,1,21,0,0,1,2,1301,0.0,0.0,0.0,1.0,-1.152582101181667,-0.8330663248958667,-1.0655414291977203
386,1,1,22,0,1,1,2,1977,0.0,0.0,0.0,1.0,-1.199147982683025,-0.6677347004165332,-0.8257343270495396
387,1,1,23,0,2,1,2,2432,0.0,0.0,0.0,1.0,-0.9010968339811064,-0.7330983659083627,-0.6039017974572556
388,1,1,24,0,3,1,1,4339,0.0,0.0,0.0,1.0,-0.5099434293697008,-0.356296058955463,0.10324419114423498
389,1,1,25,0,4,1,1,4270,0.0,0.0,0.0,1.0,-0.7101748756322127,-0.32041012495994875,0.06071898290223586
390,1,1,26,0,5,0,2,4075,0.0,0.0,0.0,1.0,-0.484338649220598,-0.606215956424223,0.07299430074528715
391,1,1,27,0,6,0,2,3456,0.0,0.0,0.0,1.0,-0.2654956039041573,-0.5741749439282281,-0.2093380096448926
392,1,1,28,0,0,1,1,4023,0.0,0.0,0.0,1.0,-0.5937767696187591,0.0743351489907081,-0.18259535291538798
393,1,1,29,0,1,1,1,3243,0.0,0.0,0.0,1.0,-0.7916882206761737,-0.2037808394745274,-0.42941692240245505
394,1,1,30,0,2,1,1,3624,0.0,0.0,0.0,1.0,-0.8289261723306456,-0.7574495354053188,-0.07299430074528715
395,1,1,31,0,3,1,1,4509,0.0,0.0,0.0,1.0,-0.39114418364477144,-0.5036847164370394,0.22818939061814994
396,1,2,32,0,4,1,1,4579,0.0,0.0,0.0,1.0,-0.07681618464063594,-0.5293175264338353,0.2676457693993862
397,1,2,33,0,5,0,2,3761,0.0,0.0,0.0,1.0,-0.3260294056625956,-0.6754245434155719,-0.04099079351161771
398,1,2,34,0,6,0,1,4151,0.0,0.0,0.0,1.0,-0.6566010594890663,-0.5216276834347965,0.07737834283209119
399,1,2,35,0,0,1,2,2832,0.0,0.0,0.0,1.0,-0.7916734671295593,-0.42678628644665173,-0.5333187198597107
400,1,2,36,0,1,1,2,2947,0.0,0.0,0.0,1.0,-0.8219329912354714,-0.5113745594360782,-0.45396755808855765
401,1,2,37,0,2,1,1,3784,0.0,0.0,0.0,1.0,-0.7042550150532281,-0.6549182954181352,-0.037921964050854885
402,1,2,38,0,3,1,1,4375,0.0,0.0,0.0,1.0,-0.4656975430734405,-0.6638897789170137,0.2242437527400263
403,1,2,39,0,4,1,2,2802,0.0,0.0,0.0,1.0,-0.8149250565936829,-0.7792374239025953,-0.4259096887330118
404,1,2,40,0,5,0,1,3830,0.0,0.0,0.0,1.0,-0.8312756746289716,-0.7100288369112464,0.0010960105217010083
405,1,2,41,0,6,0,2,3831,0.0,0.0,0.0,1.0,-0.7148333079756752,-0.6280038449214995,-0.0265234546251644
406,1,2,42,0,0,1,3,2169,0.0,0.0,0.0,1.0,-1.0198296887462714,-0.6728612624158924,-0.7398071021481806
407,1,2,43,0,1,1,1,1529,0.0,0.0,0.0,1.0,-1.4226347067963139,-0.8253764818968279,-0.9682156948706707
408,1,2,44,1,2,0,1,3422,0.0,0.0,0.0,1.0,-0.956957449849468,-0.7984620314001922,-0.14752301622095573
409,1,2,45,0,3,1,2,3922,0.0,0.0,0.0,1.0,-0.5658667478111733,-0.7459147709067606,0.05370451556334941
410,1,2,46,0,4,1,1,4169,0.0,0.0,0.0,1.0,-0.5006450066160436,-0.7382249279077219,0.1593599298553266
411,1,2,47,0,5,0,2,3005,0.0,0.0,0.0,1.0,-0.579823602908293,-0.8240948413969882,-0.32156948706707583
412,1,2,48,0,6,0,1,4154,0.0,0.0,0.0,1.0,-0.5006450066160436,-0.47164370394104455,0.061595791319596666
413,1,2,49,0,0,1,1,4318,0.0,0.0,0.0,1.0,-0.48664389087908105,0.9202178788849728,-0.3426128890837352
414,1,2,50,0,1,1,2,2689,0.0,0.0,0.0,1.0,-0.8172598053453944,-0.1268824094841397,-0.6985971065322227
415,1,2,51,1,2,0,1,3129,0.0,0.0,0.0,1.0,-0.7892170016182799,-0.27555270746555593,-0.4548443665059185
416,1,2,52,0,3,1,1,3777,0.0,0.0,0.0,1.0,-0.7090978667293695,-0.7100288369112464,-0.022139412538360367
417,1,2,53,0,4,1,1,4773,0.0,0.0,0.0,1.0,-0.3492809951267192,-0.41396988144825375,0.31323980710214816
418,1,2,54,0,5,0,1,5062,0.0,0.0,0.0,1.0,-0.1583000225913682,-0.2576097404677988,0.3864533099517755
419,1,2,55,0,6,0,2,3487,0.0,0.0,0.0,1.0,-0.281768765819721,-0.6036526754245434,-0.18566418237615082
420,1,2,56,0,0,1,1,2732,0.0,0.0,0.0,1.0,-0.8545604595729772,-0.5126561999359179,-0.5477860587461639
421,1,2,57,0,1,1,1,3389,0.0,0.0,0.0,1.0,-0.8079650709783909,-0.2588913809676386,-0.34655852696185885
422,1,2,58,0,2,1,1,4322,0.0,0.0,0.0,1.0,-0.47731596103219504,-0.5946811919256648,0.17733450241122314
423,1,2,59,0,3,1,1,4363,0.0,0.0,0.0,1.0,-0.49365182552086945,-0.6254405639218199,0.20583077597544935
424,1,3,60,0,4,1,1,4990,0.0,0.0,0.0,1.0,-0.04423666532962635,-0.5024030759371996,0.43862341078474354
425,1,3,61,0,5,0,2,3194,0.0,0.0,0.0,1.0,-0.4703522870302494,-0.6036526754245434,-0.314116615519509
426,1,3,62,0,6,0,2,4066,0.0,0.0,0.0,1.0,-0.2724703430660635,0.306312079461711,-0.24309513371328365
427,1,3,63,0,0,1,1,3423,0.0,0.0,0.0,1.0,-0.679930105072915,-0.008971483498878564,-0.41714160455940374
428,1,3,64,0,1,1,1,3333,0.0,0.0,0.0,1.0,-0.9080568195963985,-0.6587632169176546,-0.2343270495396756
429,1,3,65,0,2,1,1,3956,0.0,0.0,0.0,1.0,-0.8568952083246888,-0.6356936879205383,0.030907496711968435
430,1,3,66,0,3,1,1,4916,0.0,0.0,0.0,1.0,-0.37719101693430535,-0.36526754245434156,0.3592722490135905
431,1,3,67,0,4,1,1,5382,0.0,0.0,0.0,1.0,0.1373536747857279,-0.29605895546299266,0.5398947829899167
432,1,3,68,0,5,0,2,4569,0.0,0.0,0.0,1.0,-0.3329930796645412,-0.34604293495674465,0.20056992547128452
433,1,3,69,0,6,0,1,4118,0.0,0.0,0.0,1.0,-0.7730766216222448,0.3216917654597885,-0.2255589653660675
434,1,3,70,0,0,1,1,4911,0.0,0.0,0.0,1.0,-0.47098668953466405,1.206023710349247,-0.18040333187198598
435,1,3,71,0,1,1,1,5298,0.0,0.0,0.0,1.0,-0.10243571833635305,0.1550785004806152,0.34875054800526084
436,1,3,72,0,2,1,1,5847,0.0,0.0,0.0,1.0,0.20494336021245133,0.05767382249279077,0.6227531784305129
437,1,3,73,0,3,1,1,6312,0.0,0.0,0.0,1.0,0.2259229034979738,0.3588593399551426,0.7235861464270057
438,1,3,74,0,4,1,1,6192,0.0,0.0,0.0,1.0,0.16767590146475064,0.36911246395386094,0.667470407715914
439,1,3,75,0,5,0,2,4378,0.0,0.0,0.0,1.0,-0.18860749572377666,-0.21659724447292533,0.07255589653660675
440,1,3,76,0,6,0,2,7836,0.0,0.0,0.0,1.0,0.06521620861514936,3.12463953860942,0.44563787812363
441,1,3,77,0,0,1,2,5892,0.0,0.0,0.0,1.0,-0.08617730996740389,1.9096443447612945,0.00898728627794827
442,1,3,78,0,1,1,1,6153,0.0,0.0,0.0,1.0,0.16766114791813638,0.33963473245754566,0.6604559403770276
443,1,3,79,0,2,1,1,6093,0.0,0.0,0.0,1.0,0.18872921248334468,0.4280679269464915,0.6039017974572556
444,1,3,80,0,3,1,2,6230,0.0,1.0,0.0,0.0,0.09550523981428988,0.519064402435117,0.6328364752301622
445,1,3,81,0,4,1,1,6871,0.0,1.0,0.0,0.0,0.163035911054556,0.7907721884011535,0.8209118807540552
446,1,3,82,0,5,0,2,8362,0.0,1.0,0.0,0.0,0.3050387972171125,2.245434155719321,0.9769837790442788
447,1,3,83,0,6,0,2,3372,0.0,1.0,0.0,0.0,-0.002329216171731293,0.4049983979493752,-0.5811047786058746
448,1,3,84,0,0,1,2,4996,0.0,1.0,0.0,0.0,-0.18396381692692831,1.044537007369433,-0.08790004384042087
449,1,3,85,0,1,1,1,5558,0.0,1.0,0.0,0.0,-0.17930907297011944,0.099967958987504,0.4815870232354231
450,1,3,86,0,2,1,1,5102,0.0,1.0,0.0,0.0,-0.6333347164783285,-0.23838513297020186,0.39741341516878564
451,1,3,87,0,3,1,1,5698,0.0,1.0,0.0,0.0,-0.06054302272507225,-0.05511054149311118,0.5960105217010083
452,1,3,88,0,4,1,1,6133,0.0,1.0,0.0,0.0,-0.018665080660405443,0.14995193848125601,0.7165716790881193
453,1,3,89,0,5,0,2,5459,0.0,1.0,0.0,0.0,-0.4121532340235227,0.1012495994873438,0.4377466023673827
454,1,3,90,1,6,0,2,6235,0.0,1.0,0.0,0.0,-0.24216655832030873,2.0301185517462352,0.1181499342393687
455,1,4,91,0,0,1,2,6041,0.0,1.0,0.0,0.0,-0.25847291571575437,2.089074014738866,0.012932924156071899
456,1,4,92,0,1,1,1,5936,0.0,1.0,0.0,0.0,-0.22075547379631805,0.6292854854213393,0.46624287593160896
457,1,4,93,0,2,1,1,6772,0.0,1.0,0.0,0.0,-0.09546097917444685,0.8087151553989106,0.7713722051731696
458,1,4,94,0,3,1,1,6436,0.0,1.0,0.0,0.0,0.1699811431232337,0.4370394104453701,0.7512056115738711
459,1,4,95,0,4,1,1,6457,0.0,1.0,0.0,0.0,-0.2072928625107769,0.6087792374239026,0.7016659359929855
460,1,4,96,0,5,0,1,6460,0.0,1.0,0.0,0.0,-0.35628892976850757,1.3969881448253765,0.4333625602805787
461,1,4,97,0,6,0,1,6857,0.0,1.0,0.0,0.0,-0.2258602009248628,3.24895866709388,-0.026085050416484
462,1,4,98,0,0,1,1,5169,0.0,1.0,0.0,0.0,0.018665080660405706,1.9391220762576098,-0.3180622533976326
463,1,4,99,0,1,1,1,5585,0.0,1.0,0.0,0.0,-0.039563479439549507,0.24094841396988145,0.4451994739149496
464,1,4,100,0,2,1,1,5918,0.0,1.0,0.0,0.0,-0.1885927421771624,0.13072733098365907,0.6288908373520385
465,1,4,101,0,3,1,1,4862,0.0,1.0,0.0,0.0,-0.5535917970280825,-0.30118551746235184,0.31367821131082857
466,1,4,102,0,4,1,1,5409,0.0,1.0,0.0,0.0,-0.3679552967537588,-0.06920858699134892,0.4741341516878562
467,1,4,103,0,5,0,1,6398,0.0,1.0,0.0,0.0,-0.20491385311922256,0.6856776674142903,0.6494958351600175
468,1,4,104,0,6,0,1,7460,0.0,1.0,0.0,0.0,0.002329216171731293,2.663248958667094,0.43862341078474354
469,1,4,105,0,0,1,1,7132,0.0,1.0,0.0,0.0,0.3190841735939181,2.7286126241589232,0.2724682156948707
470,1,4,106,0,1,1,1,6370,0.0,1.0,0.0,0.0,0.47049244572308535,0.6164690804229414,0.6608943445857081
471,1,4,107,0,2,1,1,6691,0.0,1.0,0.0,0.0,0.40986274591165417,0.3486062159564242,0.8932485751863218
472,1,4,108,0,3,1,2,4367,0.0,1.0,0.0,0.0,-0.11185585784957829,-0.4742069849407241,0.15585269618588338
473,1,4,109,0,4,1,1,6565,0.0,1.0,0.0,0.0,0.02095556877227451,0.16533162447933356,0.9007014467338886
474,1,4,110,0,5,0,1,7290,0.0,1.0,0.0,0.0,0.10478890902133284,0.7984620314001922,1.0019728189390618
475,1,4,111,0,6,0,1,6624,0.0,1.0,0.0,0.0,0.20491385311922256,2.337712271707786,0.1834721613327488
476,1,4,112,0,0,1,3,1027,0.0,1.0,0.0,0.0,-0.36094736211197015,-0.7651393784043575,-1.2088996054362122
477,1,4,113,0,1,1,2,3214,0.0,1.0,0.0,0.0,-0.6869232861680891,-0.669016340916373,-0.28298991670320034
478,1,4,114,0,2,1,1,5633,0.0,1.0,0.0,0.0,-0.3027483091052435,-0.2550464594681192,0.635905304690925
479,1,4,115,0,3,1,1,6196,0.0,1.0,0.0,0.0,-0.06287777147678382,-0.07946171099006728,0.8226654975887768
480,1,4,116,0,4,1,2,5026,0.0,1.0,0.0,0.0,-0.01394763413048583,-0.3101570009612304,0.38864533099517756
481,1,4,117,0,5,0,1,6233,0.0,1.0,0.0,0.0,-0.12808844751195264,0.3806472284524191,0.6814993423936869
482,1,4,118,0,6,0,2,4220,0.0,1.0,0.0,0.0,-0.405208001954845,0.5165011214354374,-0.2474791758000877
483,1,4,119,0,0,1,1,6304,0.0,1.0,0.0,0.0,-0.13736842833234217,1.9378404357577699,0.17996492766330557
484,1,4,120,0,1,1,2,5572,0.0,1.0,0.0,0.0,-0.10942889943152748,-0.06664530599166933,0.5447172292854011
485,1,5,121,0,2,1,2,5740,0.0,1.0,0.0,0.0,0.3306878380060584,-0.08202499198974687,0.6236299868478737
486,1,5,122,0,3,1,1,6169,0.0,1.0,0.0,0.0,0.18637971018501884,-0.06408202499198974,0.8055677334502411
487,1,5,123,0,4,1,2,6421,0.0,1.0,0.0,0.0,0.18396750531358227,0.06023710349247036,0.8735203857957037
488,1,5,124,0,5,0,1,6296,0.0,1.0,0.0,0.0,0.3819416589441074,0.4511374559436078,0.6850065760631302
489,1,5,125,0,6,0,2,6883,0.0,1.0,0.0,0.0,0.3586716275467159,2.280038449214995,0.3167470407715914
490,1,5,126,0,0,1,2,6359,0.0,1.0,0.0,0.0,0.21898873658925666,1.8173662287728292,0.24528715475668567
491,1,5,127,0,1,1,2,6273,0.0,1.0,0.0,0.0,0.14671480011249585,0.3729573854533803,0.7016659359929855
492,1,5,128,0,2,1,2,5728,0.0,1.0,0.0,0.0,0.2585798789287084,0.026914450496635694,0.5811047786058746
493,1,5,129,0,3,1,2,4717,0.0,1.0,0.0,0.0,0.24218131186692324,-0.12431912848446011,0.18960982025427445
494,1,5,130,0,4,1,1,6572,0.0,1.0,0.0,0.0,0.01629713642881192,0.39602691445049665,0.8248575186321788
495,1,5,131,0,5,0,1,7030,0.0,1.0,0.0,0.0,0.12344476871510457,0.7715475809035566,0.8971942130644455
496,1,5,132,0,6,0,1,7429,0.0,1.0,0.0,0.0,0.21190703421439672,2.441525152194809,0.5008768084173608
497,1,5,133,0,0,1,1,6118,0.0,1.0,0.0,0.0,0.3609953111384669,1.8647869272669015,0.12341078474353354
498,1,5,134,0,1,1,2,2843,0.0,1.0,0.0,0.0,0.23065510357450794,-0.4806151874399231,-0.5100832967996493
499,1,5,135,0,2,1,2,5115,0.0,1.0,0.0,0.0,0.32841210344080385,-0.11791092598526114,0.36190267426567296
500,1,5,136,0,3,1,1,7424,0.0,1.0,0.0,0.0,0.4005975186378789,0.35116949695610383,1.2137220517316967
501,1,5,137,0,4,1,1,7384,0.0,1.0,0.0,0.0,0.31442942963710896,0.6728612624158924,1.0861464270056993
502,1,5,138,0,5,0,1,7639,0.0,1.0,0.0,0.0,0.2351586236785203,1.030438961871195,1.0756247259973695
503,1,5,139,0,6,0,1,8294,0.0,1.0,0.0,0.0,0.2933871837784758,3.451457866068568,0.5346339324857519
504,1,5,140,0,0,1,1,7129,0.0,1.0,0.0,0.0,0.3563073717017758,2.5466196731816724,0.3334064007014467
505,1,5,141,0,1,1,2,4359,0.0,1.0,0.0,0.0,0.2888098959413916,-0.11150272348606216,0.028277071459886016
506,1,5,142,0,2,1,2,6073,0.0,1.0,0.0,0.0,0.34471846083624974,0.13072733098365907,0.6968434896975011
507,1,5,143,0,3,1,2,5260,0.0,1.0,0.0,0.0,0.3586863810933301,0.06280038449214995,0.36365629110039455
508,1,5,144,0,4,1,1,6770,0.0,1.0,0.0,0.0,0.4401554654974484,0.43832105094520984,0.8971942130644455
509,1,5,145,0,5,0,1,6734,0.0,1.0,0.0,0.0,0.516980871104718,0.8971483498878564,0.7244629548443665
510,1,5,146,0,6,0,1,6536,0.0,1.0,0.0,0.0,0.5729226314794581,2.7401473886574816,0.007233669443226655
511,1,5,147,0,0,1,1,6591,0.0,1.0,0.0,0.0,0.568234692042767,3.2886895225889137,-0.1562911003945638
512,1,5,148,0,1,1,1,6043,0.0,1.0,0.0,0.0,0.7079323365468407,2.358218519705223,-0.078255151249452
513,1,5,149,1,2,0,1,5743,0.0,1.0,0.0,0.0,0.6846659935361027,0.20890740147388656,0.5254274441034634
514,1,5,150,0,3,1,2,6855,0.0,1.0,0.0,0.0,0.4564913299861228,0.035885933995514256,1.0721174923279264
515,1,5,151,0,4,1,1,7338,0.0,1.0,0.0,0.0,0.5309967403882951,0.49086831143864146,1.128233231039018
516,1,6,152,0,5,0,2,4127,0.0,1.0,0.0,0.0,0.44481020945425725,-0.23582185197052227,-0.030907496711968435
517,1,6,153,0,6,0,1,8120,0.0,1.0,0.0,0.0,0.2911003840532604,2.663248958667094,0.7279701885138097
518,1,6,154,0,0,1,1,7641,0.0,1.0,0.0,0.0,0.32372416400411275,2.277475168215316,0.649934239368698
519,1,6,155,0,1,1,1,6998,0.0,1.0,0.0,0.0,0.3353425819628673,0.4537007369432874,0.9918895221394125
520,1,6,156,0,2,1,2,7001,0.0,1.0,0.0,0.0,0.14210431679552973,0.3216917654597885,1.0383603682595353
521,1,6,157,0,3,1,1,7055,0.0,1.0,0.0,0.0,0.20259385791412524,0.39730855495033646,1.0361683472161334
522,1,6,158,0,4,1,1,7494,0.0,1.0,0.0,0.0,0.30273355555862946,0.4114066004485742,1.2238053485313458
523,1,6,159,0,5,0,1,7736,0.0,1.0,0.0,0.0,0.4075575042531711,0.9881448253764819,1.132617273125822
524,1,6,160,0,6,0,1,7498,0.0,1.0,0.0,0.0,0.5938394721918698,2.5517462351810316,0.49342393686979397
525,1,6,161,0,0,1,1,6598,0.0,1.0,0.0,0.0,0.6497185299934992,1.931432233258571,0.31104778605874617
526,1,6,162,0,1,1,2,6664,0.0,1.0,0.0,0.0,0.6357174142565367,0.3844921499519385,0.8691363437088996
527,1,6,163,0,2,1,2,4972,0.0,1.0,0.0,0.0,0.4076054532796676,-0.30759371996155077,0.36409469530907496
528,1,6,164,0,3,1,1,7421,0.0,1.0,0.0,0.0,0.45644706934627977,0.5844280679269465,1.132617273125822
529,1,6,165,0,4,1,1,7363,0.0,1.0,0.0,0.0,0.5053772066925778,0.593399551425825,1.1041209995615957
530,1,6,166,0,5,0,1,7665,0.0,1.0,0.0,0.0,0.414535931801731,1.0842678628644664,1.0686102586584831
531,1,6,167,0,6,0,1,7702,0.0,1.0,0.0,0.0,0.39592433274780203,2.8785645626401792,0.47106532222709335
532,1,6,168,0,0,1,1,6978,0.0,1.0,0.0,0.0,0.31207623895212944,2.456904838192887,0.29789565979833404
533,1,6,169,0,1,1,2,5099,0.0,1.0,0.0,0.0,0.2119992438807362,-0.08202499198974687,0.3426128890837352
534,1,6,170,0,2,1,1,6825,0.0,1.0,0.0,0.0,0.6171685177757187,0.3216917654597885,0.9612012275317843
535,1,6,171,0,3,1,1,6211,0.0,1.0,0.0,0.0,0.8616458503344908,0.19865427747516823,0.7341078474353354
536,1,6,172,0,4,1,1,5905,0.0,0.0,1.0,0.0,0.9780771518278264,0.07818007049022749,0.6411661551950899
537,1,6,173,0,5,0,1,5823,0.0,0.0,1.0,0.0,0.873249514746631,0.3165652034604293,0.5236738272687418
538,1,6,174,0,6,0,1,7458,0.0,0.0,1.0,0.0,0.6101605831339303,2.4863825696892023,0.49824638316527836
539,1,6,175,0,0,1,1,6891,0.0,0.0,1.0,0.0,0.6893207374929116,2.3505286767061837,0.29614204296361246
540,1,6,176,0,1,1,1,6779,0.0,0.0,1.0,0.0,0.6147710664508964,0.5408522909323935,0.8660675142481368
541,1,6,177,0,2,1,1,7442,0.0,0.0,1.0,0.0,0.3959095792011878,0.4613905799423262,1.1839105655414293
542,1,6,178,0,3,1,1,7335,0.0,0.0,1.0,0.0,0.5658999432910554,0.4613905799423262,1.1370013152126262
543,1,6,179,0,4,1,1,6879,0.0,0.0,1.0,0.0,0.6939607279031061,0.26145466196731815,1.005480052608505
544,1,6,180,0,5,0,1,5463,0.0,0.0,1.0,0.0,1.1037441735017084,0.14354373598205702,0.425032880315651
545,1,6,181,0,6,0,1,5687,0.0,0.0,1.0,0.0,0.7382066141993667,0.9458506888817687,0.2487943884261289
546,1,7,182,0,0,1,1,5531,0.0,0.0,1.0,0.0,0.9710212681595415,0.9022749118872156,0.1953090749671197
547,1,7,183,0,1,1,1,6227,0.0,0.0,1.0,0.0,0.791798872275781,0.23966677347004164,0.727093380096449
548,1,7,184,0,2,1,1,6660,0.0,0.0,1.0,0.0,0.7940561649077676,0.4293495674463313,0.8520385795703639
549,1,7,185,1,3,0,1,7403,0.0,0.0,1.0,0.0,0.903553299492386,2.3646267222044215,0.5157825515124945
550,1,7,186,1,4,0,1,6241,0.0,0.0,1.0,0.0,1.0106271640456075,0.8817686638897789,0.5135905304690925
551,1,7,187,0,5,0,1,6207,0.0,0.0,1.0,0.0,0.9780439563479442,0.8317846843960269,0.5157825515124945
552,1,7,188,0,6,0,1,4840,0.0,0.0,1.0,0.0,1.1712416492620925,0.93687920538289,-0.1194651468654099
553,1,7,189,0,0,1,1,4672,0.0,0.0,1.0,0.0,1.1176973402121746,0.6228772829221403,-0.08570802279701885
554,1,7,190,0,1,1,2,6569,0.0,0.0,1.0,0.0,0.6148153270907392,0.3601409804549824,0.835817623849189
555,1,7,191,0,2,1,2,6290,0.0,0.0,1.0,0.0,0.6544359765234194,0.3037487984620314,0.7327926348092941
556,1,7,192,0,3,1,1,7264,0.0,0.0,1.0,0.0,0.6008621603802731,0.3306632489586671,1.1505918456817186
557,1,7,193,0,4,1,1,7446,0.0,0.0,1.0,0.0,0.6171353222958366,0.4037167574495354,1.205392371766769
558,1,7,194,0,5,0,2,7499,0.0,0.0,1.0,0.0,0.6660064454556774,1.0176225568727972,1.0186321788689172
559,1,7,195,0,6,0,2,6969,0.0,0.0,1.0,0.0,0.6590317062937713,2.0993271387375843,0.416264796142043
560,1,7,196,0,0,1,1,6031,0.0,0.0,1.0,0.0,0.803446797327764,1.5418135213072732,0.1957474791758001
561,1,7,197,0,1,1,1,6830,0.0,0.0,1.0,0.0,0.8732642682932453,0.4754886254405639,0.9107847435335379
562,1,7,198,0,2,1,1,6786,0.0,0.0,1.0,0.0,0.9896623743066987,0.26145466196731815,0.9647084612012276
563,1,7,199,0,3,1,1,5713,0.0,0.0,1.0,0.0,0.9524096691056128,0.10509452098686319,0.5477860587461639
564,1,7,200,0,4,1,1,6591,0.0,0.0,1.0,0.0,0.8382872976574139,0.21916052547260492,0.8936869793950022
565,1,7,201,0,5,0,2,5870,0.0,0.0,1.0,0.0,0.46348451108129696,0.038449214995193846,0.6394125383603683
566,1,7,202,0,6,0,3,4459,0.0,0.0,1.0,0.0,0.23069936421435072,0.7010573534123679,-0.20583077597544935
567,1,7,203,0,0,1,2,7410,0.0,0.0,1.0,0.0,0.5007372162823831,2.341557193207305,0.5267426567295046
568,1,7,204,0,1,1,1,6966,0.0,0.0,1.0,0.0,0.7474607763131812,0.5357257289330343,0.9498027181060938
569,1,7,205,0,2,1,1,7592,0.0,0.0,1.0,0.0,0.8080720341913444,0.5421339314322332,1.2220517316966242
570,1,7,206,0,3,1,1,8173,0.0,0.0,1.0,0.0,0.6148153270907392,0.8535725728933035,1.3702323542306005
571,1,7,207,0,4,1,1,6861,0.0,0.0,1.0,0.0,0.929099065455032,0.40884331944889457,0.9471722928540114
572,1,7,208,0,5,0,1,6904,0.0,0.0,1.0,0.0,0.9104874664011032,0.6946491509131688,0.8682595352915388
573,1,7,209,1,6,0,1,6685,0.0,0.0,1.0,0.0,0.7754445658538389,1.944248638256969,0.3448049101271372
574,1,7,210,0,0,1,1,6597,0.0,0.0,1.0,0.0,0.6660064454556774,1.8404357577699455,0.3417360806663744
575,1,7,211,0,1,1,1,7105,0.0,0.0,1.0,0.0,0.7289081914457095,0.41396988144825375,1.0523893029373081
576,1,7,212,0,2,1,1,7216,0.0,0.0,1.0,0.0,0.6474280418816305,0.3216917654597885,1.132617273125822
577,1,8,213,0,3,1,1,7580,0.0,0.0,1.0,0.0,0.6637012037971944,0.4575456584428068,1.245725558965366
578,1,8,214,0,4,1,1,7261,0.0,0.0,1.0,0.0,0.810425224876324,0.34091637295738547,1.1457693993862341
579,1,8,215,0,5,0,2,7175,0.0,0.0,1.0,0.0,0.8686242778830506,0.7830823454021147,0.9568171854449803
580,1,8,216,0,6,0,1,6824,0.0,0.0,1.0,0.0,0.973374458844521,2.086510733739186,0.3570802279701885
581,1,8,217,0,0,1,1,5464,0.0,0.0,1.0,0.0,0.8989133090821915,1.268824094841397,0.04055238930293731
582,1,8,218,0,1,1,2,7013,0.0,0.0,1.0,0.0,0.8220731499283076,0.6613264979173342,0.9274441034633932
583,1,8,219,0,2,1,2,7273,0.0,0.0,1.0,0.0,0.7755072684269496,0.719000320410125,1.02170100832968
584,1,8,220,0,3,1,2,7534,0.0,0.0,1.0,0.0,0.8127452200814212,0.699775712912528,1.1427005699254713
585,1,8,221,0,4,1,1,7286,0.0,0.0,1.0,0.0,0.7824672540422416,0.6139057994232617,1.0633494081543182
586,1,8,222,0,5,0,2,5786,0.0,0.0,1.0,0.0,0.6660396409355597,0.44601089394424864,0.46317404647084615
587,1,8,223,0,6,0,2,6299,0.0,0.0,1.0,0.0,0.556586766990784,1.9609099647548862,0.1698816308636563
588,1,8,224,0,0,1,1,6544,0.0,0.0,1.0,0.0,0.5798678635481358,1.8776033322652996,0.3057869355545813
589,1,8,225,0,1,1,1,6883,0.0,0.0,1.0,0.0,0.6450600976500367,0.6280038449214995,0.8818500657606313
590,1,8,226,0,2,1,1,6784,0.0,0.0,1.0,0.0,0.698633913793183,0.5267542454341557,0.8730819815870232
591,1,8,227,0,3,1,1,7347,0.0,0.0,1.0,0.0,0.6147526245176285,0.6164690804229414,1.0892152564664621
592,1,8,228,0,4,1,1,7605,0.0,0.0,1.0,0.0,0.6171537642291045,0.7958987504005126,1.1409469530907497
593,1,8,229,0,5,0,1,7148,0.0,0.0,1.0,0.0,-0.9035237923991575,0.9817366228772829,0.8770276194651468
594,1,8,230,0,6,0,1,7865,0.0,0.0,1.0,0.0,0.48209611013522563,2.7042614546619674,0.602148180622534
595,1,8,231,0,0,1,2,4549,0.0,0.0,1.0,0.0,0.4285518010853081,0.6292854854213393,-0.1418237615081105
596,1,8,232,0,1,1,2,6530,0.0,0.0,1.0,0.0,0.4005680115446504,0.39602691445049665,0.806444541867602
597,1,8,233,0,2,1,1,7006,0.0,0.0,1.0,0.0,0.4192238712384221,0.46651714194168536,0.9910127137220517
598,1,8,234,0,3,1,1,7375,0.0,0.0,1.0,0.0,0.496049276845692,0.4831784684396027,1.1470846120122753
599,1,8,235,0,4,1,1,7765,0.0,0.0,1.0,0.0,0.5519430881939357,0.8279397628965075,1.200131521262604
600,1,8,236,0,5,0,2,7582,0.0,0.0,1.0,0.0,0.589166286301793,0.7792374239025953,1.1365629110039457
601,1,8,237,0,6,0,2,6053,0.0,0.0,1.0,0.0,0.4844013517937087,1.425184235821852,0.24528715475668567
602,1,8,238,0,0,1,2,5255,0.0,0.0,1.0,0.0,0.4006749747576041,0.9817366228772829,0.047128452433143356
603,1,8,239,0,1,1,1,6917,0.0,0.0,1.0,0.0,0.6171537642291045,0.3486062159564242,0.992327926348093
604,1,8,240,0,2,1,1,7040,0.0,0.0,1.0,0.0,0.6590612133869997,0.2793976289650753,1.0699254712845243
605,1,8,241,0,3,1,1,7697,0.0,0.0,1.0,0.0,0.5472403952106303,0.5895546299263057,1.2518632178868918
606,1,8,242,0,4,1,1,7713,0.0,0.0,1.0,0.0,0.6101126341074339,0.5831464274271067,1.2610697062691802
607,1,8,243,0,5,0,1,7350,0.0,0.0,1.0,0.0,0.7451850417479267,0.9176545978852931,0.9875054800526085
608,1,9,244,0,6,0,2,6140,0.0,0.0,1.0,0.0,0.7940709184543818,2.095482217238065,0.05414291977202981
609,1,9,245,0,0,1,2,5810,0.0,0.0,1.0,0.0,0.596174220943582,2.429990387696251,-0.20495396755808856
610,1,9,246,0,1,1,1,6034,0.0,0.0,1.0,0.0,0.6427548559915536,1.599487343800064,0.17733450241122314
611,1,9,247,1,2,0,1,6864,0.0,0.0,1.0,0.0,0.7359198144741517,0.19224607497596924,1.0225778167470407
612,1,9,248,0,3,1,1,7112,0.0,0.0,1.0,0.0,0.817414717584845,0.14738865748157642,1.1466462078035948
613,1,9,249,0,4,1,2,6203,0.0,0.0,1.0,0.0,0.6195180200740446,-0.13585389298301825,0.8450241122314774
614,1,9,250,0,5,0,1,7504,0.0,0.0,1.0,0.0,0.6264337450494938,0.42037808394745274,1.2251205611573872
615,1,9,251,0,6,0,2,5976,0.0,0.0,1.0,0.0,0.456461822892894,1.0765780198654278,0.3307759754493643
616,1,9,252,0,0,1,1,8227,0.0,0.0,1.0,0.0,0.33771052619446107,2.37487984620314,0.8735203857957037
617,1,9,253,0,1,1,1,7525,0.0,0.0,1.0,0.0,0.28876194691489515,0.5139378404357577,1.2023235423060061
618,1,9,254,0,2,1,1,7767,0.0,0.0,1.0,0.0,0.24685449775700008,0.45241909644344763,1.329460762823323
619,1,9,255,0,3,1,1,7870,0.0,0.0,1.0,0.0,0.30506830431034104,0.42678628644665173,1.3833844804910127
620,1,9,256,0,4,1,1,7804,0.0,0.0,1.0,0.0,0.3400452749461729,0.4319128484460109,1.3526961858833846
621,1,9,257,0,5,0,1,8009,0.0,0.0,1.0,0.0,0.393619091089319,0.8484460108939442,1.300087680841736
622,1,9,258,0,6,0,1,8714,0.0,0.0,1.0,0.0,0.3633153063435642,3.131047741108619,0.8283647523016221
623,1,9,259,0,0,1,1,7333,0.0,0.0,1.0,0.0,0.2794340170680094,1.857097084267863,0.658702323542306
624,1,9,260,0,1,1,2,6869,0.0,0.0,1.0,0.0,0.24227352153326248,0.39090035245113747,0.9568171854449803
625,1,9,261,0,2,1,2,4073,0.0,0.0,1.0,0.0,0.28659686394924805,-0.443447612944569,0.016440157825515125
626,1,9,262,0,3,1,1,7591,0.0,0.0,1.0,0.0,0.1956301839121796,0.09099647548862544,1.375931608943446
627,1,9,263,0,4,1,1,7720,0.0,0.0,1.0,0.0,0.16534115271303906,0.2845241909644345,1.366286716352477
628,1,9,264,0,5,0,1,8167,0.0,0.0,1.0,0.0,0.3120614854055152,0.6831143864146108,1.4259096887330118
629,1,9,265,0,6,0,1,8395,0.0,0.0,1.0,0.0,0.4541270741411824,2.3005446972124317,0.9725997369574748
630,1,9,266,0,0,1,1,7907,1.0,0.0,0.0,0.0,0.11643683407331615,2.226209548221724,0.7840859272249013
631,1,9,267,0,1,1,1,7436,1.0,0.0,0.0,0.0,0.0558735252216491,0.36398590195450176,1.2145988601490574
632,1,9,268,0,2,1,1,7538,1.0,0.0,0.0,0.0,0.20955384352941744,0.16404998397949375,1.3277071459886014
633,1,9,269,0,3,1,1,7733,1.0,0.0,0.0,0.0,0.4029507093228584,0.08971483498878564,1.4386234107847435
634,1,9,270,0,4,1,2,7393,1.0,0.0,0.0,0.0,0.4448581584807537,0.04357577699455303,1.305348531345901
635,1,9,271,0,5,0,2,7415,1.0,0.0,0.0,0.0,0.36330055279694995,0.42037808394745274,1.1861025865848311
636,1,9,272,0,6,0,1,8555,1.0,0.0,0.0,0.0,0.1583479716178649,2.3992310157000962,1.0089872862779483
637,1,9,273,0,0,1,1,6889,1.0,0.0,0.0,0.0,0.11175258302327848,1.6635693687920539,0.5302498903989479
638,1,10,274,0,1,1,2,6778,1.0,0.0,0.0,0.0,0.09086524940409524,0.05895546299263057,1.030469092503288
639,1,10,275,0,2,1,3,4639,1.0,0.0,0.0,0.0,0.20274508176692177,-0.5152194809355976,0.289127575624726
640,1,10,276,0,3,1,2,7572,1.0,0.0,0.0,0.0,0.4122454436898622,0.014098045498237744,1.3939061814993423
641,1,10,277,0,4,1,2,7328,1.0,0.0,0.0,0.0,0.4448581584807537,0.22300544697212432,1.2154756685664183
642,1,10,278,0,5,0,1,8156,1.0,0.0,0.0,0.0,0.3423652701512702,1.0240307593719962,1.30447172292854
643,1,10,279,0,6,0,1,7965,1.0,0.0,0.0,0.0,0.1886849518435019,2.9657161166292854,0.556554142919772
644,1,10,280,0,0,1,2,3510,1.0,0.0,0.0,0.0,-0.24915605102882946,0.08202499198974687,-0.4101271372205173
645,1,10,281,0,1,1,2,5478,1.0,0.0,0.0,0.0,-0.3679405432071443,0.20121755847484782,0.41188075405523894
646,1,10,282,0,2,1,2,6392,1.0,0.0,0.0,0.0,-0.18166226365509897,-0.1486702979814162,0.9322665497588777
647,1,10,283,0,3,1,1,7691,1.0,0.0,0.0,0.0,0.05819352042674642,0.08074335148990708,1.4232792634809295
648,1,10,284,0,4,1,1,7570,1.0,0.0,0.0,0.0,-0.20727810896416263,0.14995193848125601,1.3465585269618587
649,1,10,285,0,5,0,1,7282,1.0,0.0,0.0,0.0,-0.20025542077575997,0.43960269144504965,1.1212187637001316
650,1,10,286,0,6,0,1,7109,1.0,0.0,0.0,0.0,-0.3539689345634103,1.9673181672540851,0.522797018851381
651,1,10,287,0,0,1,1,6639,1.0,0.0,0.0,0.0,0.0768641336671324,1.7468760012816404,0.3921525646646208
652,1,10,288,0,1,1,2,5875,1.0,0.0,0.0,0.0,0.19100494704859922,0.05511054149311118,0.635905304690925
653,1,10,289,0,2,1,1,7534,1.0,0.0,0.0,0.0,-0.09781048147277267,0.26273630246715796,1.2921964050854888
654,1,10,290,0,3,1,1,7461,1.0,0.0,0.0,0.0,-0.13741637735883838,0.3357898109580263,1.2352038579570364
655,1,10,291,0,4,1,2,7509,1.0,0.0,0.0,0.0,0.0931704910625783,0.3729573854533803,1.243533537921964
656,1,10,292,0,5,0,2,5424,1.0,0.0,0.0,0.0,0.18637971018501884,0.04613905799423262,0.44125383603682594
657,1,10,293,0,6,0,1,8090,1.0,0.0,0.0,0.0,-0.053564595176512346,2.677347004165332,0.7099956159579132
658,1,10,294,0,0,1,1,6824,1.0,0.0,0.0,0.0,-0.11410208532160432,1.8135213072733098,0.45046032441911443
659,1,10,295,0,1,1,1,7058,1.0,0.0,0.0,0.0,-0.01631188997542618,0.14482537648189683,1.123849188952214
660,1,10,296,0,2,1,1,7466,1.0,0.0,0.0,0.0,0.15837747871109342,0.15892342198013457,1.297895659798334
661,1,10,297,0,3,1,1,7693,1.0,0.0,0.0,0.0,0.2631903622456745,0.099967958987504,1.417580008768084
662,1,10,298,0,4,1,2,7359,1.0,0.0,0.0,0.0,0.15610543253249257,0.2024991989746876,1.2360806663743973
663,1,10,299,0,5,0,2,7444,1.0,0.0,0.0,0.0,0.13051540593000371,0.5959628324255046,1.1387549320473476
664,1,10,300,0,6,0,2,7852,1.0,0.0,0.0,0.0,0.10242096478973906,2.4684396026914452,0.6771153003068829
665,1,10,301,0,0,1,2,4459,1.0,0.0,0.0,0.0,-0.07226840389678055,0.3601409804549824,-0.08921525646646208
666,1,10,302,0,1,1,3,22,1.0,0.0,0.0,0.0,-0.17691162164529714,-0.9163729573854534,-1.59776413853573
667,1,10,303,0,2,1,2,1096,1.0,0.0,0.0,0.0,-0.6545244978031048,-0.8074335148990708,-1.164182376150811
668,1,10,304,0,3,1,2,5566,1.0,0.0,0.0,0.0,-0.46571229662005476,-0.3819288689522589,0.649934239368698
669,1,11,305,0,4,1,2,5986,1.0,0.0,0.0,0.0,-0.43309958182916325,-0.3216917654597885,0.8134590092064884
670,1,11,306,0,5,0,1,5847,1.0,0.0,0.0,0.0,-0.4843681563138265,-0.1268824094841397,0.685883384480491
671,1,11,307,0,6,0,2,5138,1.0,0.0,0.0,0.0,-0.6031194530122594,0.399871835950016,0.19487067075843928
672,1,11,308,0,0,1,1,5107,1.0,0.0,0.0,0.0,-0.5821251561801224,0.6203140019224608,0.1058746163963174
673,1,11,309,0,1,1,1,5259,1.0,0.0,0.0,0.0,-0.6612889989257574,-0.4344761294456905,0.5333187198597107
674,1,11,310,0,2,1,1,5686,1.0,0.0,0.0,0.0,-0.7590607523386678,-0.3216917654597885,0.6819377466023674
675,1,11,311,0,3,1,2,5035,1.0,0.0,0.0,0.0,-0.7846802860343851,-0.5011214354373599,0.4579131959666813
676,1,11,312,0,4,1,1,5315,1.0,0.0,0.0,0.0,-0.5365625158485363,-0.4831784684396027,0.5745287154756685
677,1,11,313,0,5,0,1,5992,1.0,0.0,0.0,0.0,-0.4866881515189238,-0.01025312399871836,0.7095572117492328
678,1,11,314,1,6,0,1,6536,1.0,0.0,0.0,0.0,-0.3445967440766815,1.7596924062800385,0.3426128890837352
679,1,11,315,0,0,1,1,6852,1.0,0.0,0.0,0.0,-0.24214811638704076,2.0160205062479974,0.393467777290662
680,1,11,316,0,1,1,1,6269,1.0,0.0,0.0,0.0,-0.04419240468978358,0.4870233899391221,0.6608943445857081
681,1,11,317,0,2,1,2,4094,1.0,0.0,0.0,0.0,-0.6054099411241283,-0.49983979493752,0.04493643138974134
682,1,11,318,0,3,1,1,5495,1.0,0.0,0.0,0.0,-0.759075505885282,-0.44088433194488946,0.6389741341516879
683,1,11,319,0,4,1,2,5445,1.0,0.0,0.0,0.0,-0.6007367552340513,-0.5088112784363986,0.6402893467777291
684,1,11,320,0,5,0,1,5698,1.0,0.0,0.0,0.0,-0.5169661175581037,-0.2986222364626722,0.6793073213502849
685,1,11,321,0,6,0,1,5629,1.0,0.0,0.0,0.0,-0.593762016072145,0.7638577379045178,0.2856203419552828
686,1,11,322,0,0,1,1,4669,1.0,0.0,0.0,0.0,-0.5518508785275962,0.26273630246715796,0.036168347216133274
687,1,11,323,0,1,1,2,5499,1.0,0.0,0.0,0.0,-0.4121532340235227,-0.34347965395706503,0.6074090311266989
688,1,11,324,0,2,1,2,5634,1.0,0.0,0.0,0.0,-0.393541634969594,-0.23454021147068246,0.629329241560719
689,1,11,325,0,3,1,1,5146,1.0,0.0,0.0,0.0,-0.45172593442970643,-0.13072733098365907,0.3798772468215695
690,1,11,326,0,4,1,1,2425,1.0,0.0,0.0,0.0,-0.5052849970262382,0.3050304389618712,-0.9620780359491451
691,1,11,327,1,5,0,1,3910,1.0,0.0,0.0,0.0,-0.40050530897153963,1.1355334828580583,-0.5951337132836475
692,1,11,328,1,6,0,1,2277,1.0,0.0,0.0,0.0,-0.8801320442421982,-0.23710349247036205,-0.8415168785620342
693,1,11,329,0,0,1,1,2424,1.0,0.0,0.0,0.0,-0.8475230178379601,-0.5229093239346363,-0.6793073213502849
694,1,11,330,0,1,1,1,5087,1.0,0.0,0.0,0.0,-0.5472108881174015,-0.4870233899391221,0.4758877685225778
695,1,11,331,0,2,1,2,3959,1.0,0.0,0.0,0.0,-0.75909394781855,-0.7612944569048382,0.07518632178868917
696,1,11,332,0,3,1,1,5260,1.0,0.0,0.0,0.0,-0.728834423712638,-0.6651714194168535,0.6126698816308637
697,1,11,333,0,4,1,1,5323,1.0,0.0,0.0,0.0,-0.6968929952926968,-0.6074975969240628,0.6205611573871109
698,1,11,334,0,5,0,1,5668,1.0,0.0,0.0,0.0,-0.6030419968925345,-0.4549823774431272,0.7196405085488821
699,1,12,335,0,6,0,2,5191,1.0,0.0,0.0,0.0,-0.6287242331613624,0.29990387696251203,0.2523016220955721
700,1,12,336,0,0,1,2,4649,1.0,0.0,0.0,0.0,-0.4726907241686147,0.2242870874719641,0.04055238930293731
701,1,12,337,0,1,1,1,6234,1.0,0.0,0.0,0.0,-0.11643683407331588,-0.20762576097404678,0.8831652783866725
702,1,12,338,0,2,1,1,6606,1.0,0.0,0.0,0.0,-0.06753620382024642,-0.21275232297340596,1.0480052608505042
703,1,12,339,0,3,1,1,5729,1.0,0.0,0.0,0.0,-0.21891496885618514,-0.49471323293816083,0.7599736957474792
704,1,12,340,0,4,1,1,5375,1.0,0.0,0.0,0.0,-0.8452325297260914,-0.4831784684396027,0.6008329679964928
705,1,12,341,0,5,0,2,5008,1.0,0.0,0.0,0.0,-0.6100831270142051,-0.47164370394104455,0.43599298553266114
706,1,12,342,0,6,0,2,5582,1.0,0.0,0.0,0.0,-0.3609326085653559,0.5587952579301506,0.33516001753616836
707,1,12,343,0,0,1,2,3228,1.0,0.0,0.0,0.0,-0.3585794178803764,-0.3537327779557834,-0.38469969311705393
708,1,12,344,0,1,1,2,5170,1.0,0.0,0.0,0.0,-0.19101970059521348,-0.49727651393784045,0.5157825515124945
709,1,12,345,0,2,1,2,5501,1.0,0.0,0.0,0.0,-0.5495751439623416,-0.5575136174303108,0.6814993423936869
710,1,12,346,0,3,1,2,5319,1.0,0.0,0.0,0.0,-0.7008912064251698,-0.5216276834347965,0.5894344585708022
711,1,12,347,0,4,1,1,5532,1.0,0.0,0.0,0.0,-0.7125096243839243,-0.3742390259532201,0.6323980710214818
712,1,12,348,0,5,0,1,5611,1.0,0.0,0.0,0.0,-0.71249487083731,-0.36911246395386094,0.665278386672512
713,1,12,349,0,6,0,1,5047,1.0,0.0,0.0,0.0,-0.5495013762292703,0.06408202499198974,0.2698377904427883
714,1,12,350,0,0,1,2,3786,1.0,0.0,0.0,0.0,-0.4331143353757775,-0.22941364947132328,-0.18259535291538798
715,1,12,351,0,1,1,2,4585,1.0,0.0,0.0,0.0,-0.31670147581570984,-0.6472284524190964,0.31060938185006576
716,1,12,352,0,2,1,1,5557,1.0,0.0,0.0,0.0,-0.28642719816318357,-0.36398590195450176,0.6398509425690486
717,1,12,353,0,3,1,1,5267,1.0,0.0,0.0,0.0,-0.5355629630654182,-0.49214995193848127,0.556554142919772
718,1,12,354,0,4,1,2,4128,1.0,0.0,0.0,0.0,-0.5611788083744819,-0.5165011214354374,0.0655414291977203
719,1,12,355,0,5,0,2,3623,0.0,0.0,0.0,1.0,-0.6845553419364954,-0.6356936879205383,-0.11508110477860588
720,1,12,356,0,6,0,1,1749,0.0,0.0,0.0,1.0,-0.9267126792901702,-0.656199935917975,-0.9296361245067952
721,1,12,357,0,0,1,1,1787,0.0,0.0,0.0,1.0,-0.8405593438360145,-0.39602691445049665,-1.0019728189390618
722,1,12,358,1,1,0,2,920,0.0,0.0,0.0,1.0,-0.8426654126152046,-0.6959307914130086,-1.2794826830337571
723,1,12,359,1,2,0,2,1013,0.0,0.0,0.0,1.0,-0.7114879412808846,-0.3550144184556232,-1.355326611135467
724,1,12,360,0,3,1,3,441,0.0,0.0,0.0,1.0,-0.9849154206835504,-0.9074014738865748,-1.4171416045594039
725,1,12,361,0,4,1,2,2114,0.0,0.0,0.0,1.0,-0.9616453892861591,-0.6023710349247037,-0.788031565103025
726,1,12,362,0,5,0,2,3095,0.0,0.0,0.0,1.0,-0.8568804547780746,-0.09355975648830503,-0.5320035072336694
727,1,12,363,0,6,0,2,1341,0.0,0.0,0.0,1.0,-0.9035237923991575,-0.7151553989106055,-1.0883384480491012
728,1,12,364,0,0,1,1,1796,0.0,0.0,0.0,1.0,-0.9429895295923874,-0.45241909644344763,-0.9787373958790004
729,1,12,365,1,1,0,2,2729,0.0,0.0,0.0,1.0,-0.9732822491781815,-0.356296058955463,-0.6025865848312144
