,yr,mnth,dia_anual,holiday_num,weekday_num,workingday_num,weathersit,registered,seasons_autumn,seasons_spring,seasons_summer,seasons_winter,atemp,cnt
0,0,1,1,1,0,0,2,654,0.0,0.0,0.0,1.0,-0.6808176679882338,-1.8209716633017257
1,0,1,2,0,1,1,2,670,0.0,0.0,0.0,1.0,-0.741507266995984,-1.9160775771924858
2,0,1,3,0,2,1,1,1229,0.0,0.0,0.0,1.0,-1.7503444674147217,-1.6328273553873955
3,0,1,4,0,3,1,1,1454,0.0,0.0,0.0,1.0,-1.6108860797292004,-1.5227319224595046
4,0,1,5,0,4,1,1,1518,0.0,0.0,0.0,1.0,-1.5056154704044076,-1.5030904837211954
5,0,1,6,0,5,0,1,1518,0.0,0.0,0.0,1.0,-1.4814341705367635,-1.4999892039204097
6,0,1,7,0,6,0,2,1362,0.0,0.0,0.0,1.0,-1.6310402324241675,-1.5496096807329802
7,0,1,8,0,0,1,2,891,0.0,0.0,0.0,1.0,-1.9170229321789771,-1.8344105424384634
8,0,1,9,0,1,1,1,768,0.0,0.0,0.0,1.0,-2.199899326340228,-1.905223097889736
9,0,1,10,0,2,1,1,1280,0.0,0.0,0.0,1.0,-1.9867981681006939,-1.6472999944577287
10,0,1,11,0,3,1,2,1220,0.0,0.0,0.0,1.0,-1.7377043820053593,-1.67727903253199
11,0,1,12,0,4,1,1,1137,0.0,0.0,0.0,1.0,-1.9279563911950406,-1.7294839091785486
12,0,1,13,0,5,0,1,1368,0.0,0.0,0.0,1.0,-1.986828862819998,-1.6033651972799317
13,0,1,14,0,6,0,1,1367,0.0,0.0,0.0,1.0,-1.7564342997246234,-1.5956119977779675
14,0,1,15,0,0,1,2,1026,0.0,0.0,0.0,1.0,-1.3899454901794397,-1.6850322320339541
15,0,1,16,1,1,0,1,953,0.0,0.0,0.0,1.0,-1.475246115125089,-1.707774950573049
16,0,1,17,0,2,1,2,883,0.0,0.0,0.0,1.0,-1.8279038841519177,-1.8132184637997615
17,0,1,18,0,3,1,2,674,0.0,0.0,0.0,1.0,-1.486811885358814,-1.9770694132746038
18,0,1,19,0,4,1,2,1572,0.0,0.0,0.0,1.0,-1.0810952245431948,-1.4772464853813148
19,0,1,20,0,5,0,2,1844,0.0,0.0,0.0,1.0,-1.3473534976732926,-1.3340707345783769
20,0,1,21,0,6,0,1,1468,0.0,0.0,0.0,1.0,-1.944163202987521,-1.532552641828659
21,0,1,22,0,0,1,1,888,0.0,0.0,0.0,1.0,-2.427687293872312,-1.823039183168916
22,0,1,23,0,1,1,1,836,0.0,0.0,0.0,1.0,-2.306323443216463,-1.820454783334928
23,0,1,24,0,2,1,1,1330,0.0,0.0,0.0,1.0,-2.189125479864545,-1.5981963976119555
24,0,1,25,0,3,1,2,1799,0.0,0.0,0.0,1.0,-1.4733491814721058,-1.3040916965041154
25,0,1,26,0,4,1,3,472,0.0,0.0,0.0,1.0,-1.663202159310836,-2.0685571673977807
26,0,1,27,0,5,0,1,416,0.0,0.0,0.0,1.0,-1.564365163152149,-2.1073231649076014
27,0,1,28,0,6,0,2,1129,0.0,0.0,0.0,1.0,-1.5421606032076784,-1.7268995093445605
28,0,1,29,0,0,1,1,975,0.0,0.0,0.0,1.0,-1.6108615239537574,-1.7625642270535957
29,0,1,30,0,1,1,1,956,0.0,0.0,0.0,1.0,-1.3763784242470982,-1.763597986987191
30,0,1,31,0,2,1,2,1459,0.0,0.0,0.0,1.0,-1.769712835295508,-1.5542616004341587
31,0,2,32,0,3,1,2,1313,0.0,0.0,0.0,1.0,-1.4733246256966626,-1.6271416757526218
32,0,2,33,0,4,1,2,1454,0.0,0.0,0.0,1.0,-1.3512394491371713,-1.5413396012642184
33,0,2,34,0,5,0,1,1489,0.0,0.0,0.0,1.0,-1.8211080732980252,-1.528934482061076
34,0,2,35,0,6,0,2,1620,0.0,0.0,0.0,1.0,-1.5098083690613258,-1.4472674473070535
35,0,2,36,0,0,1,2,905,0.0,0.0,0.0,1.0,-1.4209717124518624,-1.8106340639657734
36,0,2,37,0,1,1,1,1269,0.0,0.0,0.0,1.0,-1.1225392345473746,-1.4912022444848503
37,0,2,38,0,2,1,1,1592,0.0,0.0,0.0,1.0,-1.0489517144881086,-1.445199927439863
38,0,2,39,0,3,1,1,1466,0.0,0.0,0.0,1.0,-1.696070064741495,-1.539272081397028
39,0,2,40,0,4,1,2,1552,0.0,0.0,0.0,1.0,-2.0273458923011987,-1.5005060838872073
40,0,2,41,0,5,0,1,1491,0.0,0.0,0.0,1.0,-1.9950243528741498,-1.535137041662647
41,0,2,42,0,6,0,1,1597,0.0,0.0,0.0,1.0,-1.6023713645942874,-1.4276260085687442
42,0,2,43,0,0,1,1,1184,0.0,0.0,0.0,1.0,-1.4829996012212645,-1.5692511194712895
43,0,2,44,1,1,0,1,1192,0.0,0.0,0.0,1.0,-0.9233796178156899,-1.508776163355969
44,0,2,45,0,2,1,1,1705,0.0,0.0,0.0,1.0,-0.46764284242236975,-1.3413070541135435
45,0,2,46,0,3,1,1,1675,0.0,0.0,0.0,1.0,-1.352117318109264,-1.3919612908597092
46,0,2,47,0,4,1,1,1897,0.0,0.0,0.0,1.0,-0.9719570805861053,-1.236897300820426
47,0,2,48,0,5,0,1,2216,0.0,0.0,0.0,1.0,-0.2815837318896066,-1.0508205127732866
48,0,2,49,0,6,0,1,2348,0.0,0.0,0.0,1.0,0.22994376531055497,-0.8171907677807667
49,0,2,50,0,0,1,1,1103,0.0,0.0,0.0,1.0,-0.5102839464794034,-1.484999684883279
50,0,2,51,1,1,0,1,1173,0.0,0.0,0.0,1.0,-1.2105778284549356,-1.393511930760102
51,0,2,52,0,2,1,2,912,0.0,0.0,0.0,1.0,-1.1691706521139205,-1.7579123073524172
52,0,2,53,0,3,1,1,1376,0.0,0.0,0.0,1.0,-1.7710449861132989,-1.580622478740837
53,0,2,54,0,4,1,1,1778,0.0,0.0,0.0,1.0,-1.404648260726027,-1.339239534246353
54,0,2,55,0,5,0,2,1707,0.0,0.0,0.0,1.0,-1.1377638153221288,-1.39609633059409
55,0,2,56,0,6,0,2,1341,0.0,0.0,0.0,1.0,-0.761630724971647,-1.5749367991060632
56,0,2,57,0,0,1,1,1545,0.0,0.0,0.0,1.0,-1.180730283403784,-1.3123617759728772
57,0,2,58,0,1,1,1,1708,0.0,0.0,0.0,1.0,-0.7576526893498564,-1.088552750349512
58,0,2,59,0,2,1,2,1365,0.0,0.0,0.0,1.0,-0.45678918967649657,-1.5826899986080274
59,0,3,60,0,3,1,1,1714,0.0,0.0,0.0,1.0,-1.2931527623263952,-1.3733536120549952
60,0,3,61,0,4,1,1,1903,0.0,0.0,0.0,1.0,-0.9481932289009949,-1.2270765814512716
61,0,3,62,0,5,0,1,1562,0.0,0.0,0.0,1.0,-1.684485877676188,-1.4591556865433986
62,0,3,63,0,6,0,2,1730,0.0,0.0,0.0,1.0,-1.3434921019848567,-1.3252837751428175
63,0,3,64,0,0,1,2,1437,0.0,0.0,0.0,1.0,-0.5877881127218523,-1.2565387395587353
64,0,3,65,0,1,1,2,491,0.0,0.0,0.0,1.0,-0.6646906624659435,-2.0173860506848174
65,0,3,66,0,2,1,1,1628,0.0,0.0,0.0,1.0,-1.449192437379905,-1.3624991327522453
66,0,3,67,0,3,1,1,1817,0.0,0.0,0.0,1.0,-1.05667450586498,-1.2275934614180692
67,0,3,68,0,4,1,2,1700,0.0,0.0,0.0,1.0,-1.1536207073145444,-1.352678413383091
68,0,3,69,0,5,0,3,577,0.0,0.0,0.0,1.0,-0.5454969284648834,-2.0080822112824603
69,0,3,70,0,6,0,2,1730,0.0,0.0,0.0,1.0,-1.040713251826931,-1.3082267362384963
70,0,3,71,0,0,1,1,1408,0.0,0.0,0.0,1.0,-0.9133301667155796,-1.2281103413848669
71,0,3,72,0,1,1,1,1435,0.0,0.0,0.0,1.0,-0.5797338183764984,-1.0807995508475479
72,0,3,73,0,2,1,1,1687,0.0,0.0,0.0,1.0,-0.8749617675856545,-1.2725620185294613
73,0,3,74,0,3,1,2,1767,0.0,0.0,0.0,1.0,-0.9598142496294667,-1.2673932188614851
74,0,3,75,0,4,1,2,1871,0.0,0.0,0.0,1.0,-0.6605284585283294,-1.1970975433770101
75,0,3,76,0,5,0,1,2320,0.0,0.0,0.0,1.0,-0.3940798781385472,-0.9117798017047294
76,0,3,77,0,6,0,1,2355,0.0,0.0,0.0,1.0,0.32218753576275533,-0.6559242181399124
77,0,3,78,0,0,1,1,1693,0.0,0.0,0.0,1.0,-0.04912034471314664,-0.7189835740892208
78,0,3,79,0,1,1,1,1424,0.0,0.0,0.0,1.0,-0.9133301667155796,-1.052888032640477
79,0,3,80,0,2,1,2,1676,0.0,1.0,0.0,0.0,-0.3977509665672982,-1.2565387395587353
80,0,3,81,0,3,1,1,2243,0.0,1.0,0.0,0.0,-0.20801462866192308,-0.9329718803434314
81,0,3,82,0,4,1,2,1918,0.0,1.0,0.0,0.0,-0.8385025799964346,-1.2337960210196406
82,0,3,83,0,5,0,2,1699,0.0,1.0,0.0,0.0,-1.2504625467184751,-1.3661172925198286
83,0,3,84,0,6,0,1,1910,0.0,1.0,0.0,0.0,-1.339606150520978,-1.1877937039746531
84,0,3,85,0,0,1,1,1515,0.0,1.0,0.0,0.0,-1.3318772202002458,-1.0399660334705367
85,0,3,86,0,1,1,2,1221,0.0,1.0,0.0,0.0,-1.3762740622014649,-1.4550206468090177
86,0,3,87,0,2,1,1,1806,0.0,1.0,0.0,0.0,-1.3318588033686636,-1.2818658579318183
87,0,3,88,0,3,1,1,2108,0.0,1.0,0.0,0.0,-1.1149453609915798,-1.076664511113167
88,0,3,89,0,4,1,2,1368,0.0,1.0,0.0,0.0,-1.0876761723619595,-1.5361708015962423
89,0,3,90,1,5,0,3,1506,0.0,1.0,0.0,0.0,-1.3318526644248028,-1.4591556865433986
90,0,4,91,0,6,0,2,1920,0.0,1.0,0.0,0.0,-1.1729829362514697,-1.1790067445390937
91,0,4,92,0,0,1,2,1354,0.0,1.0,0.0,0.0,-0.975413305979729,-1.1660847453691536
92,0,4,93,0,1,1,1,1598,0.0,1.0,0.0,0.0,-0.5878617800481816,-0.6507554184719363
93,0,4,94,0,2,1,1,2381,0.0,1.0,0.0,0.0,0.4199195220265009,-0.720017334022816
94,0,4,95,0,3,1,2,1628,0.0,1.0,0.0,0.0,-0.46764284242236975,-1.4022988901956615
95,0,4,96,0,4,1,1,2395,0.0,1.0,0.0,0.0,-0.5335873773749545,-0.8786994838296823
96,0,4,97,0,5,0,1,2570,0.0,1.0,0.0,0.0,-0.25065573271895675,-0.7065784548860782
97,0,4,98,0,6,0,2,1299,0.0,1.0,0.0,0.0,-0.9211327643626416,-1.569767999438087
98,0,4,99,0,0,1,2,1576,0.0,1.0,0.0,0.0,-0.8164637715362055,-1.0611581121092386
99,0,4,100,0,1,1,2,1707,0.0,1.0,0.0,0.0,-0.2933766430461806,-0.8337309267182903
100,0,4,101,0,2,1,2,2493,0.0,1.0,0.0,0.0,0.5567443027957442,-0.5995843017589729
101,0,4,102,0,3,1,2,1777,0.0,1.0,0.0,0.0,0.11373969696969835,-1.2787645781310326
102,0,4,103,0,4,1,2,1953,0.0,1.0,0.0,0.0,-0.3514142183060705,-1.2126039423809385
103,0,4,104,0,5,0,1,2738,0.0,1.0,0.0,0.0,-0.07234396933850788,-0.6414515790695793
104,0,4,105,0,6,0,1,2484,0.0,1.0,0.0,0.0,-0.2002120310148616,-0.7143316543880424
105,0,4,106,0,0,1,3,674,0.0,1.0,0.0,0.0,-0.30101962815286154,-1.9191788569932715
106,0,4,107,0,1,1,1,2186,0.0,1.0,0.0,0.0,-0.17698840638950036,-0.3948998349071193
107,0,4,108,0,2,1,1,2760,0.0,1.0,0.0,0.0,0.175693918412771,-0.5577170244483665
108,0,4,109,0,3,1,2,2795,0.0,1.0,0.0,0.0,0.09043626607414726,-0.6740150169778287
109,0,4,110,0,4,1,1,3331,0.0,1.0,0.0,0.0,0.5516796741105938,-0.29152384154759725
110,0,4,111,0,5,0,1,3444,0.0,1.0,0.0,0.0,-0.1266736225064817,-0.16488824968218277
111,0,4,112,0,6,0,2,1506,0.0,1.0,0.0,0.0,-0.9366335976111311,-1.4601894464769938
112,0,4,113,0,0,1,2,2574,0.0,1.0,0.0,0.0,-0.14982357980551367,-0.2439708846022171
113,0,4,114,0,1,1,2,2481,0.0,1.0,0.0,0.0,0.4741509520927019,-0.16385448974858755
114,0,4,115,0,2,1,1,3300,0.0,1.0,0.0,0.0,0.6137321186554393,-0.22484632583070555
115,0,4,116,0,3,1,1,3722,0.0,1.0,0.0,0.0,0.7339510562812507,-0.05582657668788703
116,0,4,117,0,4,1,2,3325,0.0,1.0,0.0,0.0,0.6176733206140652,-0.32873919915702515
117,0,4,118,0,5,0,2,3489,0.0,1.0,0.0,0.0,0.6409215010148691,-0.2325995253326697
118,0,4,119,0,6,0,1,3717,0.0,1.0,0.0,0.0,0.14080630045191267,0.04496501683764694
119,0,4,120,0,0,1,1,3347,0.0,1.0,0.0,0.0,-0.06449226014056021,0.4155679530315334
120,0,5,121,0,1,1,2,2213,0.0,1.0,0.0,0.0,-0.16159193518664414,-0.5980336618585801
121,0,5,122,0,2,1,2,3554,0.0,1.0,0.0,0.0,0.3579407448079847,-0.05530969672108942
122,0,5,123,0,3,1,2,3848,0.0,1.0,0.0,0.0,0.6602591741763517,-0.029465698381208914
123,0,5,124,0,4,1,2,2378,0.0,1.0,0.0,0.0,-0.4289674960994051,-0.9691534780192641
124,0,5,125,0,5,0,1,3819,0.0,1.0,0.0,0.0,-0.20018747523941852,-0.0387695377835659
125,0,5,126,0,6,0,1,3714,0.0,1.0,0.0,0.0,-0.0025134829220440314,0.05168445640601588
126,0,5,127,0,0,1,1,3102,0.0,1.0,0.0,0.0,0.23386041149373732,0.10647373288656255
127,0,5,128,0,1,1,1,2932,0.0,1.0,0.0,0.0,0.2726094251430317,-0.09045753446332691
128,0,5,129,0,2,1,1,3698,0.0,1.0,0.0,0.0,0.3113645777361862,-0.07546801542619622
129,0,5,130,0,3,1,1,4109,0.0,1.0,0.0,0.0,0.2958637444876966,0.15247604993154984
130,0,5,131,0,4,1,1,3632,0.0,1.0,0.0,0.0,0.33072680667311183,-0.16850640944976603
131,0,5,132,0,5,0,1,4169,0.0,1.0,0.0,0.0,0.2998049464463225,0.18400572790620406
132,0,5,133,0,6,0,2,3413,0.0,1.0,0.0,0.0,0.12138882102024028,-0.20830616689318202
133,0,5,134,0,0,1,2,2507,0.0,1.0,0.0,0.0,0.1602421967151676,-0.5680546237843187
134,0,5,135,0,1,1,2,2971,0.0,1.0,0.0,0.0,0.3773827800151006,0.02325605823214732
135,0,5,136,0,2,1,1,3185,0.0,1.0,0.0,0.0,0.46647113332285634,-0.2842875220124307
136,0,5,137,0,3,1,2,3445,0.0,1.0,0.0,0.0,0.3929081690390333,-0.19900232749082503
137,0,5,138,0,4,1,2,3319,0.0,1.0,0.0,0.0,0.323102238398013,-0.33752615859258456
138,0,5,139,0,5,0,2,3840,0.0,1.0,0.0,0.0,0.2223253359793167,0.03462741750169474
139,0,5,140,0,6,0,1,4008,0.0,1.0,0.0,0.0,0.33466800863173773,0.2114003661464774
140,0,5,141,0,0,1,1,3547,0.0,1.0,0.0,0.0,0.5982312854069493,0.6703897766627552
141,0,5,142,0,1,1,1,3084,0.0,1.0,0.0,0.0,0.6137321186554393,0.0785622146794916
142,0,5,143,0,2,1,2,3438,0.0,1.0,0.0,0.0,0.7107028758804468,-0.12095345250438591
143,0,5,144,0,3,1,2,3833,0.0,1.0,0.0,0.0,0.7998219239075062,-0.0082736197425069
144,0,5,145,0,4,1,1,4238,0.0,1.0,0.0,0.0,0.865686652589901,0.24293004412113162
145,0,5,146,0,5,0,1,3919,0.0,1.0,0.0,0.0,1.1060017489643086,0.08734917411505097
146,0,5,147,0,6,0,1,3808,0.0,1.0,0.0,0.0,0.9974652215055765,0.0883829340486462
147,0,5,148,0,0,1,1,2757,0.0,1.0,0.0,0.0,0.8462691731582286,0.12921645142565738
148,0,5,149,1,1,0,1,2433,0.0,1.0,0.0,0.0,0.8657357641407872,0.1447228504295857
149,0,5,150,0,2,1,1,2549,0.0,1.0,0.0,0.0,1.2067049840566753,-0.21192432666076527
150,0,5,151,0,3,1,1,3309,0.0,1.0,0.0,0.0,1.5399943852027178,-0.27188240280928805
151,0,6,152,0,4,1,2,3461,0.0,1.0,0.0,0.0,1.5128848091134774,-0.27601744254366894
152,0,6,153,0,5,0,1,4232,0.0,1.0,0.0,0.0,1.0400326582362804,0.23776124445315552
153,0,6,154,0,6,0,1,4414,0.0,1.0,0.0,0.0,0.691285396448774,0.4155679530315334
154,0,6,155,0,0,1,1,3473,0.0,1.0,0.0,0.0,0.7377142288679139,0.4310743520354617
155,0,6,156,0,1,1,2,3221,0.0,1.0,0.0,0.0,0.8734339997422154,0.2057146865117037
156,0,6,157,0,2,1,1,3875,0.0,1.0,0.0,0.0,0.904460222014638,0.02067165839815927
157,0,6,158,0,3,1,1,4070,0.0,1.0,0.0,0.0,1.113749096116623,0.16798244893547815
158,0,6,159,0,4,1,1,3725,0.0,1.0,0.0,0.0,1.5516338227627717,-0.05530969672108942
159,0,6,160,0,5,0,2,3352,0.0,1.0,0.0,0.0,1.7376438217446486,-0.30651336058472795
160,0,6,161,0,6,0,1,3771,0.0,1.0,0.0,0.0,1.4043789763740493,0.040313097136468454
161,0,6,162,0,0,1,1,3237,0.0,1.0,0.0,0.0,1.2493460881137084,0.2367274845195603
162,0,6,163,0,1,1,1,2993,0.0,1.0,0.0,0.0,1.036244929874174,-0.024813778680030422
163,0,6,164,0,2,1,1,4157,0.0,1.0,0.0,0.0,0.7804290002512768,0.26463900272663127
164,0,6,165,0,3,1,1,4164,0.0,1.0,0.0,0.0,0.7183765557064318,0.19796148700973953
165,0,6,166,0,4,1,1,4411,0.0,1.0,0.0,0.0,0.6950976805863234,0.34733979741424886
166,0,6,167,0,5,0,2,3222,0.0,1.0,0.0,0.0,0.741704542377426,-0.38301159567077425
167,0,6,168,0,6,0,1,3981,0.0,1.0,0.0,0.0,0.7726264026042153,0.17366812857025185
168,0,6,169,0,0,1,1,3312,0.0,1.0,0.0,0.0,1.0401063255626097,0.31581011943959464
169,0,6,170,0,1,1,2,3105,0.0,1.0,0.0,0.0,1.0517212073472206,0.12198013189049085
170,0,6,171,0,2,1,2,3311,0.0,1.0,0.0,0.0,0.741704542377426,-0.25740976373895497
171,0,6,172,0,3,1,2,4061,0.0,0.0,1.0,0.0,1.0013818676887594,0.16901620886907337
172,0,6,173,0,4,1,1,3846,0.0,0.0,1.0,0.0,1.3462861506194126,-0.0005204202405427477
173,0,6,174,0,5,0,2,4044,0.0,0.0,1.0,0.0,1.3463107063948558,0.1457566103631809
174,0,6,175,0,6,0,1,4022,0.0,0.0,1.0,0.0,1.1176350475805017,0.24964948368950055
175,0,6,176,0,0,1,1,3420,0.0,0.0,1.0,0.0,1.0361712625478448,0.3587111566837963
176,0,6,177,0,1,1,1,3385,0.0,0.0,1.0,0.0,1.001277505643126,0.41194979326395015
177,0,6,178,0,2,1,2,3854,0.0,0.0,1.0,0.0,0.9974406657301335,0.10337245308577689
178,0,6,179,0,3,1,1,3916,0.0,0.0,1.0,0.0,1.3384835529723504,0.07235965507792028
179,0,6,180,0,4,1,1,4377,0.0,0.0,1.0,0.0,1.1060017489643086,0.3705993959201413
180,0,6,181,0,5,0,1,4488,0.0,0.0,1.0,0.0,0.9974652215055765,0.5204945862914483
181,0,7,182,0,6,0,1,4116,0.0,0.0,1.0,0.0,1.0904947767719582,0.4414119513714139
182,0,7,183,0,0,1,1,2915,0.0,0.0,1.0,0.0,1.1834752204874535,0.31581011943959464
183,0,7,184,0,1,1,2,2367,0.0,0.0,1.0,0.0,1.191253262359072,0.07287653504471789
184,0,7,185,1,2,0,2,2978,0.0,0.0,1.0,0.0,1.1718664776467036,0.7934072087605863
185,0,7,186,1,3,0,1,3634,0.0,0.0,1.0,0.0,1.361688760766129,0.08114661451347965
186,0,7,187,0,4,1,1,3845,0.0,0.0,1.0,0.0,1.2959713667363937,0.06253893570876569
187,0,7,188,0,5,0,1,3838,0.0,0.0,1.0,0.0,1.3035713792360493,0.04341437693725411
188,0,7,189,0,6,0,2,3348,0.0,0.0,1.0,0.0,1.2029663672454551,-0.24190336473502666
189,0,7,190,0,0,1,1,3348,0.0,0.0,1.0,0.0,1.1641375473259714,0.42797307223467607
190,0,7,191,0,1,1,1,3138,0.0,0.0,1.0,0.0,1.3229336081729746,0.19279268734176344
191,0,7,192,0,2,1,1,3363,0.0,0.0,1.0,0.0,1.5671346560112613,-0.21812688626233662
192,0,7,193,0,3,1,1,3596,0.0,0.0,1.0,0.0,1.625276593316784,-0.12922353197314768
193,0,7,194,0,4,1,1,3594,0.0,0.0,1.0,0.0,1.3191213240354251,-0.08580561476214842
194,0,7,195,0,5,0,1,4196,0.0,0.0,1.0,0.0,0.9857766723946358,0.2977193206016783
195,0,7,196,0,6,0,1,4220,0.0,0.0,1.0,0.0,0.9198873879367984,0.5323828255277933
196,0,7,197,0,0,1,1,3505,0.0,0.0,1.0,0.0,1.0051695960508655,0.7313816127448731
197,0,7,198,0,1,1,1,3296,0.0,0.0,1.0,0.0,1.198976053735943,0.4103991533635573
198,0,7,199,0,2,1,1,3617,0.0,0.0,1.0,0.0,1.408264927837928,-0.025847538613625643
199,0,7,200,0,3,1,1,3789,0.0,0.0,1.0,0.0,1.6756404887506895,0.017053498630575998
200,0,7,201,0,4,1,1,3688,0.0,0.0,1.0,0.0,1.6717790930622538,-0.09097441443012452
201,0,7,202,0,5,0,2,3152,0.0,0.0,1.0,0.0,2.1599540478159778,-0.37422463623521485
202,0,7,203,0,6,0,1,2825,0.0,0.0,1.0,0.0,2.2491222073939237,-0.5794259830538661
203,0,7,204,0,0,1,1,2298,0.0,0.0,1.0,0.0,2.024381611594335,-0.6321477396672223
204,0,7,205,0,1,1,1,2556,0.0,0.0,1.0,0.0,1.9663194805590019,-0.46622927032518946
205,0,7,206,0,2,1,1,3272,0.0,0.0,1.0,0.0,1.5128295586187301,-0.3452793580945487
206,0,7,207,0,3,1,1,3840,0.0,0.0,1.0,0.0,1.3656238237808949,0.042380617003658895
207,0,7,208,0,4,1,1,3901,0.0,0.0,1.0,0.0,1.3268748101316004,0.07649469481230116
208,0,7,209,1,5,0,1,3784,0.0,0.0,1.0,0.0,1.6291134332297768,-0.060995376355863135
209,0,7,210,0,6,0,1,3176,0.0,0.0,1.0,0.0,1.9119161600646983,-0.342178078293763
210,0,7,211,0,0,1,1,2916,0.0,0.0,1.0,0.0,1.5593566141396429,-0.017060579178066273
211,0,7,212,0,1,1,1,2778,0.0,0.0,1.0,0.0,1.567085544460375,-0.10648081343405282
212,0,8,213,0,2,1,1,3537,0.0,0.0,1.0,0.0,1.4043789763740493,-0.12508849223876678
213,0,8,214,0,3,1,1,4044,0.0,0.0,1.0,0.0,1.427578045223967,0.17418500853704946
214,0,8,215,0,4,1,2,3107,0.0,0.0,1.0,0.0,1.2610039425053454,-0.482769429262713
215,0,8,216,0,5,0,2,3777,0.0,0.0,1.0,0.0,1.168005081958268,0.03514429746849235
216,0,8,217,0,6,0,1,3843,0.0,0.0,1.0,0.0,1.1175368244787294,0.1850394878397993
217,0,8,218,0,0,1,2,2773,0.0,0.0,1.0,0.0,1.2377803178799838,-0.1106158531684337
218,0,8,219,0,1,1,1,2487,0.0,0.0,1.0,0.0,1.4780463027035056,-0.37370775626841723
219,0,8,220,0,2,1,1,3480,0.0,0.0,1.0,0.0,1.4043237258793022,-0.09407569423091018
220,0,8,221,0,3,1,1,3695,0.0,0.0,1.0,0.0,1.5322470380504025,0.04858317660523021
221,0,8,222,0,4,1,1,3896,0.0,0.0,1.0,0.0,1.2919810532268816,0.14058781069520482
222,0,8,223,0,5,0,1,3980,0.0,0.0,1.0,0.0,1.0865597137571932,0.14679037029677613
223,0,8,224,0,6,0,1,3854,0.0,0.0,1.0,0.0,1.1020359912302398,0.20519780654490608
224,0,8,225,0,0,1,2,2646,0.0,0.0,1.0,0.0,1.0517948746735508,-0.18504656838728956
225,0,8,226,0,1,1,2,2482,0.0,0.0,1.0,0.0,0.9199917499824317,-0.3556169574305009
226,0,8,227,0,2,1,1,3563,0.0,0.0,1.0,0.0,0.8695234925028935,-0.08787313462933885
227,0,8,228,0,3,1,1,4004,0.0,0.0,1.0,0.0,1.0516659568524733,0.11215941252133625
228,0,8,229,0,4,1,1,4026,0.0,0.0,1.0,0.0,1.1795647132481317,0.09613613355061035
229,0,8,230,0,5,0,1,3166,0.0,0.0,1.0,0.0,1.1524735539904742,-0.36337015693246505
230,0,8,231,0,6,0,2,3356,0.0,0.0,1.0,0.0,0.9742170411047721,-0.18349592848689672
231,0,8,232,0,0,1,1,3277,0.0,0.0,1.0,0.0,1.0710588805087036,0.3530254770490226
232,0,8,233,0,1,1,1,2624,0.0,0.0,1.0,0.0,1.233918922191548,-0.32822231919022754
233,0,8,234,0,2,1,1,3925,0.0,0.0,1.0,0.0,1.0051143455561184,0.12921645142565738
234,0,8,235,0,3,1,1,4614,0.0,0.0,1.0,0.0,0.8075201595089342,0.7169089736745401
235,0,8,236,0,4,1,1,4181,0.0,0.0,1.0,0.0,0.9586916520808395,0.32149579907436837
236,0,8,237,0,5,0,2,3107,0.0,0.0,1.0,0.0,1.0517703188981076,-0.4993095882002365
237,0,8,238,0,6,0,1,3893,0.0,0.0,1.0,0.0,1.1369727207419837,0.0790790946462892
238,0,8,239,0,0,1,2,889,0.0,0.0,1.0,0.0,0.9885514750197122,-1.7537772676180363
239,0,8,240,0,1,1,1,2919,0.0,0.0,1.0,0.0,1.0646927957250663,-0.0899406544965293
240,0,8,241,0,2,1,1,3905,0.0,0.0,1.0,0.0,0.8191289023496846,0.06512333554275374
241,0,8,242,0,3,1,1,4429,0.0,0.0,1.0,0.0,0.7377633404188001,0.3597449166173915
242,0,8,243,0,4,1,1,4370,0.0,0.0,1.0,0.0,0.838546381781357,0.2842804414649404
243,0,9,244,0,5,0,1,4332,0.0,0.0,1.0,0.0,0.8618743684523515,0.3137425995724042
244,0,9,245,0,6,0,2,3852,0.0,0.0,1.0,0.0,0.7997912291882024,0.11319317245493148
245,0,9,246,0,0,1,1,2549,0.0,0.0,1.0,0.0,0.974167929553886,-0.01240865947688778
246,0,9,247,1,1,0,1,2419,0.0,0.0,1.0,0.0,1.171940144973033,0.22328860538282244
247,0,9,248,0,2,1,2,2115,0.0,0.0,1.0,0.0,0.927714541359303,-0.5980336618585801
248,0,9,249,0,3,1,3,2506,0.0,0.0,1.0,0.0,0.24969274771071,-0.9293537205758481
249,0,9,250,0,4,1,3,1878,0.0,0.0,1.0,0.0,0.42790014904552504,-1.2984060168693417
250,0,9,251,0,5,0,3,1689,0.0,0.0,1.0,0.0,0.4962388721038172,-1.3780055317561737
251,0,9,252,0,6,0,2,3127,0.0,0.0,1.0,0.0,0.6410258630605025,-0.4982758282666413
252,0,9,253,0,0,1,1,3595,0.0,0.0,1.0,0.0,0.8191534581251276,0.4326249919358545
253,0,9,254,0,1,1,1,3413,0.0,0.0,1.0,0.0,0.8269314999967461,0.2780778818633691
254,0,9,255,0,2,1,1,4023,0.0,0.0,1.0,0.0,0.7833511375290121,0.10595685291976494
255,0,9,256,0,3,1,1,4062,0.0,0.0,1.0,0.0,0.7920929935867743,0.13180085125964544
256,0,9,257,0,4,1,1,4138,0.0,0.0,1.0,0.0,0.935412776960731,0.14317221052919288
257,0,9,258,0,5,0,2,3231,0.0,0.0,1.0,0.0,0.48586405697908563,-0.43883463208491613
258,0,9,259,0,6,0,2,4018,0.0,0.0,1.0,0.0,-0.08012201121012627,0.1302502113592526
259,0,9,260,0,0,1,2,3077,0.0,0.0,1.0,0.0,0.024467175346119013,0.0015470996266476929
260,0,9,261,0,1,1,1,2921,0.0,0.0,1.0,0.0,0.09828797527209494,-0.12095345250438591
261,0,9,262,0,2,1,2,3848,0.0,0.0,1.0,0.0,0.33855396009561645,0.016019738696980777
262,0,9,263,0,3,1,2,3203,0.0,0.0,1.0,0.0,0.3541591553897394,-0.4481384714872731
263,0,9,264,0,4,1,2,3813,0.0,0.0,1.0,0.0,0.46660005114393277,-0.08063681509417231
264,0,9,265,0,5,0,2,4240,0.0,0.0,1.0,0.0,0.49379557244722355,0.14834101019716897
265,0,9,266,0,6,0,2,2137,1.0,0.0,0.0,0.0,0.29220493394666675,-1.0921709101170953
266,0,9,267,0,0,1,2,3647,1.0,0.0,0.0,0.0,0.5518024529878098,0.4729416293460681
267,0,9,268,0,1,1,2,3466,1.0,0.0,0.0,0.0,0.6022952662427911,0.25947020305865515
268,0,9,269,0,2,1,2,3946,1.0,0.0,0.0,0.0,0.7030046402790187,0.0630558156755633
269,0,9,270,0,3,1,2,3643,1.0,0.0,0.0,0.0,0.6138855922519589,-0.20055296739121786
270,0,9,271,0,4,1,2,3427,1.0,0.0,0.0,0.0,0.6177715437158376,-0.31064840031910884
271,0,9,272,0,5,0,1,4186,1.0,0.0,0.0,0.0,0.6138057859817686,0.17108372873626382
272,0,9,273,0,6,0,1,4372,1.0,0.0,0.0,0.0,0.431583515361998,0.3587111566837963
273,0,10,274,0,0,1,2,1949,1.0,0.0,0.0,0.0,-0.37854835017075356,-1.0745969912459765
274,0,10,275,0,1,1,2,2302,1.0,0.0,0.0,0.0,-0.7932094521915406,-0.8218426874819452
275,0,10,276,0,2,1,2,3240,1.0,0.0,0.0,0.0,-0.5063427445207775,-0.48483694912990344
276,0,10,277,0,3,1,1,3970,1.0,0.0,0.0,0.0,-0.010242413242776232,-0.026881298547220864
277,0,10,278,0,4,1,1,4267,1.0,0.0,0.0,0.0,0.3229794595207971,0.1643642891678949
278,0,10,279,0,5,0,1,4126,1.0,0.0,0.0,0.0,0.03621097495180638,0.13283461119324066
279,0,10,280,0,6,0,1,4036,1.0,0.0,0.0,0.0,0.1834167097896422,0.2465482038887149
280,0,10,281,0,0,1,1,3174,1.0,0.0,0.0,0.0,0.23767269563128673,0.4657053098109016
281,0,10,282,0,1,1,1,3114,1.0,0.0,0.0,0.0,0.3036110916400109,0.5184270664242578
282,0,10,283,0,2,1,1,3603,1.0,0.0,0.0,0.0,0.4198949662510574,0.3147763595059994
283,0,10,284,0,3,1,2,3896,1.0,0.0,0.0,0.0,0.43936155723361636,0.028424857900123418
284,0,10,285,0,4,1,3,2199,1.0,0.0,0.0,0.0,0.26514446940831343,-1.0813164308143455
285,0,10,286,0,5,0,2,2623,1.0,0.0,0.0,0.0,0.47440264879099425,-0.8244270873159333
286,0,10,287,0,6,0,2,3115,1.0,0.0,0.0,0.0,0.33855396009561645,-0.44658783158688026
287,0,10,288,0,0,1,1,3318,1.0,0.0,0.0,0.0,0.1485536476042274,0.36646435618576045
288,0,10,289,0,1,1,1,3293,1.0,0.0,0.0,0.0,0.17574302996365718,0.27549348202938106
289,0,10,290,0,2,1,1,3857,1.0,0.0,0.0,0.0,0.22222097393368334,0.03204301766770669
290,0,10,291,0,3,1,2,4111,1.0,0.0,0.0,0.0,0.2958637444876966,0.12404765175768129
291,0,10,292,0,4,1,3,2170,1.0,0.0,0.0,0.0,0.24139289561092434,-1.0771813910799646
292,0,10,293,0,5,0,1,3724,1.0,0.0,0.0,0.0,-0.04912034471314664,-0.1617869698813971
293,0,10,294,0,6,0,1,3628,1.0,0.0,0.0,0.0,-0.3126590657129156,-0.1054470535004576
294,0,10,295,0,0,1,1,2809,1.0,0.0,0.0,0.0,-0.30101962815286154,-0.10337953363326716
295,0,10,296,0,1,1,1,2762,1.0,0.0,0.0,0.0,-0.32041255180909084,-0.06564729605704163
296,0,10,297,0,2,1,1,3488,1.0,0.0,0.0,0.0,-0.10718247574848003,-0.165922009615778
297,0,10,298,0,3,1,1,3992,1.0,0.0,0.0,0.0,-0.06845801787462918,0.09251797378302708
298,0,10,299,0,4,1,2,3490,1.0,0.0,0.0,0.0,-0.010316080569105953,-0.31736783988747774
299,0,10,300,0,5,0,2,2419,1.0,0.0,0.0,0.0,-0.1073113935695565,-0.9557145988825262
300,0,10,301,0,6,0,2,3291,1.0,0.0,0.0,0.0,-0.9559221592217271,-0.39334919500672644
301,0,10,302,0,0,1,3,570,1.0,0.0,0.0,0.0,-1.5139460172234969,-2.00601469141527
302,0,10,303,0,1,1,1,2446,1.0,0.0,0.0,0.0,-0.9404704375241236,-0.6083712611945322
303,0,10,304,0,2,1,1,3307,1.0,0.0,0.0,0.0,-0.7272403614635128,-0.43366583241694
304,0,11,305,0,3,1,1,3658,1.0,0.0,0.0,0.0,-0.47539018957468454,-0.22743072566469358
305,0,11,306,0,4,1,1,3816,1.0,0.0,0.0,0.0,-0.5180865441264649,-0.1664388895825756
306,0,11,307,0,5,0,1,3656,1.0,0.0,0.0,0.0,-0.4211648984523436,-0.27601744254366894
307,0,11,308,0,6,0,2,3576,1.0,0.0,0.0,0.0,-0.43669028747627675,-0.23880208493424102
308,0,11,309,0,0,1,1,2770,1.0,0.0,0.0,0.0,-0.924969604275634,-0.3008276809499542
309,0,11,310,0,1,1,1,2697,1.0,0.0,0.0,0.0,-0.6885957098598522,-0.44400343175289225
310,0,11,311,0,2,1,1,3662,1.0,0.0,0.0,0.0,-0.4521665649493233,-0.24448776456901472
311,0,11,312,0,3,1,1,3829,1.0,0.0,0.0,0.0,-0.3823360785328594,-0.156618170213421
312,0,11,313,0,4,1,1,3804,1.0,0.0,0.0,0.0,-0.40177811373997535,-0.20623864702599157
313,0,11,314,1,5,0,2,2743,1.0,0.0,0.0,0.0,-0.6188388907697177,-0.814089487979981
314,0,11,315,0,6,0,1,2928,1.0,0.0,0.0,0.0,-1.0295587908318793,-0.5892467024230207
315,0,11,316,0,0,1,1,2792,1.0,0.0,0.0,0.0,-0.7157052859490922,-0.2279476056314912
316,0,11,317,0,1,1,1,2713,1.0,0.0,0.0,0.0,-0.2699688501049957,-0.40885559401065474
317,0,11,318,0,2,1,1,3891,1.0,0.0,0.0,0.0,0.3074724873284465,-0.01137489954329256
318,0,11,319,0,3,1,2,3746,1.0,0.0,0.0,0.0,0.20290785654764432,-0.1617869698813971
319,0,11,320,0,4,1,3,1672,1.0,0.0,0.0,0.0,-0.1383621716174223,-1.390927530926114
320,0,11,321,0,5,0,2,2914,1.0,0.0,0.0,0.0,-0.9288555557395127,-0.7520638919642678
321,0,11,322,0,6,0,1,3147,1.0,0.0,0.0,0.0,-1.2388722207093075,-0.576841583219878
322,0,11,323,0,0,1,1,2720,1.0,0.0,0.0,0.0,-0.921108208587198,-0.4367671122177257
323,0,11,324,0,1,1,2,2733,1.0,0.0,0.0,0.0,-0.10723772624322678,-0.510680947469784
324,0,11,325,0,2,1,3,2545,1.0,0.0,0.0,0.0,-0.18088049679724005,-0.9009253224019795
325,0,11,326,0,3,1,3,1538,1.0,0.0,0.0,0.0,-0.32432305904841263,-1.499472323953612
326,0,11,327,1,4,0,2,2454,1.0,0.0,0.0,0.0,-0.270048656375186,-1.0037844357947039
327,0,11,328,1,5,0,1,935,1.0,0.0,0.0,0.0,-0.6265125705957026,-1.5573628802349444
328,0,11,329,0,6,0,1,1697,1.0,0.0,0.0,0.0,-0.5761732309372409,-0.8869695632984441
329,0,11,330,0,0,1,1,1819,1.0,0.0,0.0,0.0,-0.5490636548480015,-0.7443106924623037
330,0,11,331,0,1,1,1,2261,1.0,0.0,0.0,0.0,-0.11496051762009843,-0.7427600525619109
331,0,11,332,0,2,1,1,3614,1.0,0.0,0.0,0.0,0.09574031356986797,-0.3313235989910132
332,0,11,333,0,3,1,2,2818,1.0,0.0,0.0,0.0,-0.14212534420408512,-0.8239102073491357
333,0,11,334,0,4,1,1,3425,1.0,0.0,0.0,0.0,-1.002522882068969,-0.4626111105576062
334,0,12,335,0,5,0,1,3545,1.0,0.0,0.0,0.0,-1.0373122769280547,-0.4036867943426786
335,0,12,336,0,6,0,1,3672,1.0,0.0,0.0,0.0,-0.8784425487547213,-0.2935913614147877
336,0,12,337,0,0,1,1,2908,1.0,0.0,0.0,0.0,-1.006310610431075,-0.46209423059080856
337,0,12,338,0,1,1,1,2851,1.0,0.0,0.0,0.0,-0.7699858275661798,-0.5287717463077003
338,0,12,339,0,2,1,2,3578,1.0,0.0,0.0,0.0,-0.4948076690063569,-0.3602688771316794
339,0,12,340,0,3,1,3,2468,1.0,0.0,0.0,0.0,-0.11127715130362548,-0.9893117967243709
340,0,12,341,0,4,1,3,655,1.0,0.0,0.0,0.0,-0.4560034048623158,-1.9656980540050564
341,0,12,342,0,5,0,1,3172,1.0,0.0,0.0,0.0,-1.3357631716641247,-0.6130231808957107
342,0,12,343,0,6,0,1,3359,1.0,0.0,0.0,0.0,-0.9637186179249277,-0.45899295079002295
343,0,12,344,0,0,1,1,2688,1.0,0.0,0.0,0.0,-1.2776028175270189,-0.6812513365129953
344,0,12,345,0,1,1,1,2366,1.0,0.0,0.0,0.0,-1.3589929352333465,-0.912296681671527
345,0,12,346,0,2,1,1,3167,1.0,0.0,0.0,0.0,-1.254373053957797,-0.6192257404972821
346,0,12,347,0,3,1,1,3368,1.0,0.0,0.0,0.0,-1.0644218530172944,-0.5091303075693911
347,0,12,348,0,4,1,2,3562,1.0,0.0,0.0,0.0,-0.8359058067433215,-0.3969673547743097
348,0,12,349,0,5,0,2,3528,1.0,0.0,0.0,0.0,-0.3823913290276066,-0.41299063374503564
349,0,12,350,0,6,0,2,3399,1.0,0.0,0.0,0.0,-0.7041456546592281,-0.48121878936232015
350,0,12,351,0,0,1,2,2464,1.0,0.0,0.0,0.0,-1.3822165598587075,-0.9143642015387174
351,0,12,352,0,1,1,1,2211,1.0,0.0,0.0,0.0,-1.4054954349788158,-1.0735632313123813
352,0,12,353,0,2,1,1,3143,1.0,0.0,0.0,0.0,-1.1884592137245162,-0.5711559035851043
353,0,12,354,0,3,1,2,3534,1.0,0.0,0.0,0.0,-0.4792822799824238,-0.3917985551063336
354,0,12,355,0,4,1,2,2553,0.0,0.0,0.0,1.0,-0.285518794904372,-0.9551977189157286
355,0,12,356,0,5,0,2,2841,0.0,0.0,0.0,1.0,-0.29715823246442596,-0.7443106924623037
356,0,12,357,0,6,0,1,2046,0.0,0.0,0.0,1.0,-0.5955600156496097,-1.1883105839414507
357,0,12,358,1,0,0,1,856,0.0,0.0,0.0,1.0,-1.0760612905773486,-1.8075327841649877
358,0,12,359,1,1,0,1,451,0.0,0.0,0.0,1.0,-1.1944262671572023,-1.9403709356319736
359,0,12,360,0,2,1,1,887,0.0,0.0,0.0,1.0,-0.9760394782535294,-1.6493675143249191
360,0,12,361,0,3,1,2,1059,0.0,0.0,0.0,1.0,-0.9017705354257158,-1.7294839091785486
361,0,12,362,0,4,1,1,2047,0.0,0.0,0.0,1.0,-1.194346460887012,-1.140240747029273
362,0,12,363,0,5,0,1,2169,0.0,0.0,0.0,1.0,-1.2930729560562049,-1.0776982710467622
363,0,12,364,0,6,0,1,2508,0.0,0.0,0.0,1.0,-0.9559221592217271,-0.7799754101713388
364,0,12,365,1,0,0,1,1820,0.0,0.0,0.0,1.0,-0.3708255587938819,-1.0456517131053105
365,1,1,1,1,1,0,1,1608,0.0,0.0,0.0,1.0,-0.6071748974342206,-1.144375786763654
366,1,1,2,0,2,1,1,1707,0.0,0.0,0.0,1.0,-1.3642110375150165,-1.3216656153752342
367,1,1,3,0,3,1,1,2147,0.0,0.0,0.0,1.0,-2.1378959933462696,-1.1743548248379154
368,1,1,4,0,4,1,2,2273,0.0,0.0,0.0,1.0,-2.1804879858524164,-1.1061266692206309
369,1,1,5,0,5,0,1,3132,0.0,0.0,0.0,1.0,-1.2039354911975628,-0.6388671792355912
370,1,1,6,0,6,0,1,3791,0.0,0.0,0.0,1.0,-0.8242111186885203,-0.21192432666076527
371,1,1,7,0,0,1,1,3451,0.0,0.0,0.0,1.0,-0.5141207863923959,0.006715899294623794
372,1,1,8,0,1,1,1,2826,0.0,0.0,0.0,1.0,-0.8242663691832675,-0.5597845443155569
373,1,1,9,0,2,1,2,2270,0.0,0.0,0.0,1.0,-1.3938314416433184,-1.10199162948625
374,1,1,10,0,3,1,1,3425,0.0,0.0,0.0,1.0,-0.955836214007676,-0.47036431005957036
375,1,1,11,0,4,1,2,2085,0.0,0.0,0.0,1.0,-1.1768688877153486,-1.2048507428789743
376,1,1,12,0,5,0,2,3828,0.0,0.0,0.0,1.0,-0.5683951890656226,-0.21244120662756288
377,1,1,13,0,6,0,1,3040,0.0,0.0,0.0,1.0,-1.3822718103534548,-0.6688462173098526
378,1,1,14,0,0,1,1,2160,0.0,0.0,0.0,1.0,-1.7891303147271804,-1.0415166733709296
379,1,1,15,0,1,1,1,2027,0.0,0.0,0.0,1.0,-1.9208843278674128,-1.1355888273280945
380,1,1,16,1,2,0,1,2081,0.0,0.0,0.0,1.0,-1.7426216760378506,-1.1423082668964635
381,1,1,17,0,3,1,2,2808,0.0,0.0,0.0,1.0,-0.6768089376471392,-0.8130557280463858
382,1,1,18,0,4,1,1,3267,0.0,0.0,0.0,1.0,-1.2233222759099314,-0.5851116626886398
383,1,1,19,0,5,0,1,3162,0.0,0.0,0.0,1.0,-1.746458515950843,-0.6285295798996391
384,1,1,20,0,6,0,2,3048,0.0,0.0,0.0,1.0,-1.5566423717752775,-0.6952070956165307
385,1,1,21,0,0,1,2,1234,0.0,0.0,0.0,1.0,-1.8395433217119717,-1.6576375937936807
386,1,1,22,0,1,1,2,1781,0.0,0.0,0.0,1.0,-1.9170474879544204,-1.3082267362384963
387,1,1,23,0,2,1,2,2287,0.0,0.0,0.0,1.0,-1.4209717124518624,-1.0730463513455837
388,1,1,24,0,3,1,1,3900,0.0,0.0,0.0,1.0,-0.7699367160152932,-0.08735625466254125
389,1,1,25,0,4,1,1,3803,0.0,0.0,0.0,1.0,-1.1032015613858923,-0.12302097237157635
390,1,1,26,0,5,0,2,3831,0.0,0.0,0.0,1.0,-0.7273201677337031,-0.22381256589711032
391,1,1,27,0,6,0,2,3187,0.0,0.0,0.0,1.0,-0.36307821164156756,-0.5437612653448309
392,1,1,28,0,0,1,1,3248,0.0,0.0,0.0,1.0,-0.909468771027144,-0.25069032417058607
393,1,1,29,0,1,1,1,2685,0.0,0.0,0.0,1.0,-1.2388722207093075,-0.653856698272722
394,1,1,30,0,2,1,1,3498,0.0,0.0,0.0,1.0,-1.3008509979278233,-0.4569254309228325
395,1,1,31,0,3,1,1,4185,0.0,0.0,0.0,1.0,-0.572207473203172,0.0005133396930524725
396,1,2,32,0,4,1,1,4275,0.0,0.0,0.0,1.0,-0.0490405384429568,0.03669493736888518
397,1,2,33,0,5,0,2,3571,0.0,0.0,0.0,1.0,-0.46383055828482034,-0.38611287547155987
398,1,2,34,0,6,0,1,3841,0.0,0.0,0.0,1.0,-1.0140334018079464,-0.18452968842049194
399,1,2,35,0,0,1,2,2448,0.0,0.0,0.0,1.0,-1.2388476649338642,-0.8662943646265397
400,1,2,36,0,1,1,2,2629,0.0,0.0,0.0,1.0,-1.2892115603677692,-0.8068531684448146
401,1,2,37,0,2,1,1,3578,0.0,0.0,0.0,1.0,-1.0933485564893275,-0.37422463623521485
402,1,2,38,0,3,1,1,4176,0.0,0.0,0.0,1.0,-0.6962939454612803,-0.06874857585782729
403,1,2,39,0,4,1,2,2693,0.0,0.0,0.0,1.0,-1.277547567032272,-0.881800763630468
404,1,2,40,0,5,0,1,3667,0.0,0.0,0.0,1.0,-1.3047615051671453,-0.3504481577625248
405,1,2,41,0,6,0,2,3604,0.0,0.0,0.0,1.0,-1.1109550474820677,-0.3499312777957272
406,1,2,42,0,0,1,3,1977,0.0,0.0,0.0,1.0,-1.6185904542744893,-1.2089857826133552
407,1,2,43,0,1,1,1,1456,0.0,0.0,0.0,1.0,-2.289018374367288,-1.5397889613638256
408,1,2,44,1,2,0,1,3328,0.0,0.0,0.0,1.0,-1.5139460172234969,-0.5613351842159497
409,1,2,45,0,3,1,2,3787,0.0,0.0,0.0,1.0,-0.8630153828325614,-0.30289520081714466
410,1,2,46,0,4,1,1,4028,0.0,0.0,0.0,1.0,-0.7544604385422466,-0.17522584901813495
411,1,2,47,0,5,0,2,2931,0.0,0.0,0.0,1.0,-0.8862451464017832,-0.7768741303705532
412,1,2,48,0,6,0,1,3805,0.0,0.0,0.0,1.0,-0.7544604385422466,-0.1829790485200991
413,1,2,49,0,0,1,1,2883,0.0,0.0,0.0,1.0,-0.7311570076466956,-0.09821073396529106
414,1,2,50,0,1,1,2,2071,0.0,0.0,0.0,1.0,-1.2814335184961507,-0.9402081998785979
415,1,2,51,1,2,0,1,2627,0.0,0.0,0.0,1.0,-1.2347591283225796,-0.7127810144876495
416,1,2,52,0,3,1,1,3614,0.0,0.0,0.0,1.0,-1.1014089897785424,-0.37784279600279813
417,1,2,53,0,4,1,1,4379,0.0,0.0,0.0,1.0,-0.5025304603832281,0.13696965092762153
418,1,2,54,0,5,0,1,4546,0.0,0.0,0.0,1.0,-0.18466208621548538,0.28634796133213086
419,1,2,55,0,6,0,2,3241,0.0,0.0,0.0,1.0,-0.39016323195536445,-0.5277379863741051
420,1,2,56,0,0,1,1,2415,0.0,0.0,0.0,1.0,-1.3435166577603002,-0.9179823613063007
421,1,2,57,0,1,1,1,2874,0.0,0.0,0.0,1.0,-1.265963379966965,-0.5783922231202708
422,1,2,58,0,2,1,1,4069,0.0,0.0,0.0,1.0,-0.7156316186227625,-0.09614321409810062
423,1,2,59,0,3,1,1,4134,0.0,0.0,0.0,1.0,-0.7428210009821927,-0.0749511354593986
424,1,3,60,0,4,1,1,4665,0.0,0.0,0.0,1.0,0.005184752679384083,0.24913260372270293
425,1,3,61,0,5,0,2,2948,0.0,0.0,0.0,1.0,-0.7040412926135947,-0.6791838166458048
426,1,3,62,0,6,0,2,3110,0.0,0.0,0.0,1.0,-0.3746869544823175,-0.2284644855982888
427,1,3,63,0,0,1,1,2713,0.0,0.0,0.0,1.0,-1.0528622217274306,-0.5608183042491521
428,1,3,64,0,1,1,1,3130,0.0,0.0,0.0,1.0,-1.4325558995171694,-0.607337501260937
429,1,3,65,0,2,1,1,3735,0.0,0.0,0.0,1.0,-1.3474026092241786,-0.2853212819460259
430,1,3,66,0,3,1,1,4484,0.0,0.0,0.0,1.0,-0.5489838485778111,0.21088348617967978
431,1,3,67,0,4,1,1,4896,0.0,0.0,0.0,1.0,0.3074233757775603,0.4517495507073661
432,1,3,68,0,5,0,2,4122,0.0,0.0,0.0,1.0,-0.47542088429398816,0.031526137700909077
433,1,3,69,0,6,0,1,3150,0.0,0.0,0.0,1.0,-1.207895109987771,-0.2015867273248131
434,1,3,70,0,0,1,1,3253,0.0,0.0,0.0,1.0,-0.7050971909576503,0.20829908634569175
435,1,3,71,0,1,1,1,4460,0.0,0.0,0.0,1.0,-0.09168164249999,0.40833163349636686
436,1,3,72,0,2,1,1,5085,0.0,0.0,0.0,1.0,0.4199195220265009,0.6920987352682548
437,1,3,73,0,3,1,1,5315,0.0,0.0,0.0,1.0,0.4548378347066629,0.9324479198291435
438,1,3,74,0,4,1,1,5187,0.0,0.0,0.0,1.0,0.35789163325709855,0.8704223238134303
439,1,3,75,0,5,0,2,3830,0.0,0.0,0.0,1.0,-0.2351057879195805,-0.06719793595743445
440,1,3,76,0,6,0,2,4681,0.0,0.0,0.0,1.0,0.18735791174826852,1.7201729892287014
441,1,3,77,0,0,1,2,3685,0.0,0.0,0.0,1.0,-0.06462117796163667,0.7153583337741473
442,1,3,78,0,1,1,1,5171,0.0,0.0,0.0,1.0,0.3578670774816554,0.8502640051083235
443,1,3,79,0,2,1,1,5042,0.0,0.0,0.0,1.0,0.39293272481447644,0.819251207100467
444,1,3,80,0,3,1,2,5108,0.0,1.0,0.0,0.0,0.23777091873305956,0.8900637625517395
445,1,3,81,0,4,1,1,5537,0.0,1.0,0.0,0.0,0.35016884188022734,1.2213838212690076
446,1,3,82,0,5,0,2,5893,0.0,1.0,0.0,0.0,0.586518180520566,1.9920518517642443
447,1,3,83,0,6,0,2,2339,0.0,1.0,0.0,0.0,0.07493543282565722,-0.5871791825558302
448,1,3,84,0,0,1,2,3464,0.0,1.0,0.0,0.0,-0.2273768575988483,0.2522338835234886
449,1,3,85,0,1,1,1,4763,0.0,1.0,0.0,0.0,-0.21962951044653398,0.5427204248637455
450,1,3,86,0,2,1,1,4571,0.0,1.0,0.0,0.0,-0.9753089439340956,0.3070231600040353
451,1,3,87,0,3,1,1,5024,0.0,1.0,0.0,0.0,-0.02195551812915995,0.6150836202154109
452,1,3,88,0,4,1,1,5299,0.0,1.0,0.0,0.0,0.04774605046622744,0.8399264057723713
453,1,3,89,0,5,0,2,4663,0.0,1.0,0.0,0.0,-0.6071748974342206,0.49154930815078207
454,1,3,90,1,6,0,2,3934,0.0,1.0,0.0,0.0,-0.3242493917220834,0.8926481623857275
455,1,4,91,0,0,1,2,3694,0.0,1.0,0.0,0.0,-0.351389662530627,0.7923734488269911
456,1,4,92,0,1,1,1,4728,0.0,1.0,0.0,0.0,-0.2886128226102089,0.7381010523132421
457,1,4,93,0,2,1,1,5424,0.0,1.0,0.0,0.0,-0.08007289965924008,1.1702127045560442
458,1,4,94,0,3,1,1,5378,0.0,1.0,0.0,0.0,0.36172847317009105,0.9965410357120472
459,1,4,95,0,4,1,1,5265,0.0,1.0,0.0,0.0,-0.2662056775183325,1.007395515014797
460,1,4,96,0,5,0,1,4653,0.0,1.0,0.0,0.0,-0.5141944537187252,1.00894615491519
461,1,4,97,0,6,0,1,3605,0.0,1.0,0.0,0.0,-0.29710912091353936,1.214147501733841
462,1,4,98,0,0,1,1,2939,0.0,1.0,0.0,0.0,0.10987830128126275,0.34165411777947513
463,1,4,99,0,1,1,1,4680,0.0,1.0,0.0,0.0,0.012962794551002474,0.5566761839672809
464,1,4,100,0,2,1,1,5099,0.0,1.0,0.0,0.0,-0.2350812321441374,0.7287972129108852
465,1,4,101,0,3,1,1,4380,0.0,1.0,0.0,0.0,-0.8425849776638585,0.18297196797260884
466,1,4,102,0,4,1,1,4746,0.0,1.0,0.0,0.0,-0.533611933150398,0.4657053098109016
467,1,4,103,0,5,0,1,5146,0.0,1.0,0.0,0.0,-0.2622460587281245,0.976899596973738
468,1,4,104,0,6,0,1,4665,0.0,1.0,0.0,0.0,0.08268891892183253,1.5258261217128
469,1,4,105,0,0,1,1,4286,0.0,1.0,0.0,0.0,0.6098952787424469,1.3562894926031839
470,1,4,106,0,1,1,1,5172,0.0,1.0,0.0,0.0,0.8618989242277947,0.9624269579034049
471,1,4,107,0,2,1,1,5702,0.0,1.0,0.0,0.0,0.7609869650441613,1.1283454272454378
472,1,4,108,0,3,1,2,4020,0.0,1.0,0.0,0.0,-0.10736050512044269,-0.07288361559220817
473,1,4,109,0,4,1,1,5719,0.0,1.0,0.0,0.0,0.11369058541881216,1.063218551428939
474,1,4,110,0,5,0,1,5950,0.0,1.0,0.0,0.0,0.25322264043066295,1.4379565273572061
475,1,4,111,0,6,0,1,4083,0.0,1.0,0.0,0.0,0.4198704104756143,1.0937144694699978
476,1,4,112,0,0,1,3,907,0.0,1.0,0.0,0.0,-0.5219479398149005,-1.799262704696226
477,1,4,113,0,1,1,2,3019,0.0,1.0,0.0,0.0,-1.0645016592874845,-0.6688462173098526
478,1,4,114,0,2,1,1,5115,0.0,1.0,0.0,0.0,-0.42508154463552644,0.5814864223735663
479,1,4,115,0,3,1,1,5541,0.0,1.0,0.0,0.0,-0.02584146959303865,0.8724898436806208
480,1,4,116,0,4,1,2,4551,0.0,1.0,0.0,0.0,0.055597759664175114,0.2677402825274169
481,1,4,117,0,5,0,1,5219,0.0,1.0,0.0,0.0,-0.1343779970517708,0.8916144024521323
482,1,4,118,0,6,0,2,3100,0.0,1.0,0.0,0.0,-0.5956152661443569,-0.14886497071145685
483,1,4,119,0,0,1,1,4075,0.0,1.0,0.0,0.0,-0.14982357980551367,0.9283128800947626
484,1,4,120,0,1,1,2,4907,0.0,1.0,0.0,0.0,-0.10332108006004442,0.5499567443989121
485,1,5,121,0,2,1,2,5087,0.0,1.0,0.0,0.0,0.6292083961284859,0.6367925788209106
486,1,5,122,0,3,1,1,5502,0.0,1.0,0.0,0.0,0.38902221757515465,0.8585340845770852
487,1,5,123,0,4,1,2,5657,0.0,1.0,0.0,0.0,0.38500734829019945,0.988787836210083
488,1,5,124,0,5,0,1,5227,0.0,1.0,0.0,0.0,0.7145151600179962,0.9241778403603818
489,1,5,125,0,6,0,2,4387,0.0,1.0,0.0,0.0,0.6757845632002843,1.227586380870579
490,1,5,126,0,0,1,2,4224,0.0,1.0,0.0,0.0,0.4432966202483813,0.9567412782686312
491,1,5,127,0,1,1,2,5265,0.0,1.0,0.0,0.0,0.3230040152962402,0.9122896011240367
492,1,5,128,0,2,1,2,4990,0.0,1.0,0.0,0.0,0.5091920436500802,0.6305900192193392
493,1,5,129,0,3,1,2,4097,0.0,1.0,0.0,0.0,0.48189829924501665,0.10802437278695538
494,1,5,130,0,4,1,1,5546,0.0,1.0,0.0,0.0,0.10593709932263687,1.0668367111965222
495,1,5,131,0,5,0,1,5711,0.0,1.0,0.0,0.0,0.28427341847852877,1.3035677359898277
496,1,5,132,0,6,0,1,4807,0.0,1.0,0.0,0.0,0.4315098480356683,1.509802842742074
497,1,5,133,0,0,1,1,3946,0.0,1.0,0.0,0.0,0.679652097832581,0.8321732062704071
498,1,5,134,0,1,1,2,2501,0.0,1.0,0.0,0.0,0.4627140996800541,-0.860608684991766
499,1,5,135,0,2,1,2,4490,0.0,1.0,0.0,0.0,0.6254206677663795,0.3137425995724042
500,1,5,136,0,3,1,1,6433,0.0,1.0,0.0,0.0,0.7455659380658616,1.507218442908086
501,1,5,137,0,4,1,1,6142,0.0,1.0,0.0,0.0,0.6021479315901321,1.4865432442361814
502,1,5,138,0,5,0,1,6118,0.0,1.0,0.0,0.0,0.470209750134076,1.618347635769572
503,1,5,139,0,6,0,1,4884,0.0,1.0,0.0,0.0,0.5671252568643367,1.9569040140220069
504,1,5,140,0,0,1,1,4425,0.0,1.0,0.0,0.0,0.6718495001855195,1.354738852702791
505,1,5,141,0,1,1,2,3729,0.0,1.0,0.0,0.0,0.5595068275330984,-0.07701865532658904
506,1,5,142,0,2,1,2,5254,0.0,1.0,0.0,0.0,0.6525609385749236,0.8089136077645147
507,1,5,143,0,3,1,2,4494,0.0,1.0,0.0,0.0,0.6758091189757275,0.38869019475805766
508,1,5,144,0,4,1,1,5711,0.0,1.0,0.0,0.0,0.8114061109728133,1.169178944622449
509,1,5,145,0,5,0,1,5317,0.0,1.0,0.0,0.0,0.9392741726491667,1.150571265817735
510,1,5,146,0,6,0,1,3681,0.0,1.0,0.0,0.0,1.0323835341857386,1.0482290323918082
511,1,5,147,0,0,1,1,3308,0.0,1.0,0.0,0.0,1.024580936538677,1.0766574305656766
512,1,5,148,0,1,1,1,3486,0.0,1.0,0.0,0.0,1.2570934352660237,0.7934072087605863
513,1,5,149,1,2,0,1,4863,0.0,1.0,0.0,0.0,1.2183689773921724,0.6383432187213034
514,1,5,150,0,3,1,2,6110,0.0,1.0,0.0,0.0,0.8385954933322436,1.2131137418002458
515,1,5,151,0,4,1,1,6238,0.0,1.0,0.0,0.0,0.9626021593201612,1.4627667657634915
516,1,6,152,0,5,0,2,3594,0.0,1.0,0.0,0.0,0.8191534581251276,-0.1969348076236346
517,1,6,153,0,6,0,1,5325,0.0,1.0,0.0,0.0,0.5633191116706479,1.8669668997992226
518,1,6,154,0,0,1,1,5147,0.0,1.0,0.0,0.0,0.617618070119318,1.6193813957031673
519,1,6,155,0,1,1,1,5927,0.0,1.0,0.0,0.0,0.6369557432808002,1.287027577052304
520,1,6,156,0,2,1,2,6033,0.0,1.0,0.0,0.0,0.3153303354702552,1.288578216952697
521,1,6,157,0,3,1,1,6028,0.0,1.0,0.0,0.0,0.41600901478717867,1.3164897351597677
522,1,6,158,0,4,1,1,6456,0.0,1.0,0.0,0.0,0.5826813406075735,1.5434000405839188
523,1,6,159,0,5,0,1,6248,0.0,1.0,0.0,0.0,0.7571501251311689,1.6684849925489402
524,1,6,160,0,6,0,1,4790,0.0,1.0,0.0,0.0,1.0671974848202672,1.545467560451109
525,1,6,161,0,0,1,1,4374,0.0,1.0,0.0,0.0,1.1602024843112055,1.08027559033326
526,1,6,162,0,1,1,2,5647,0.0,1.0,0.0,0.0,1.1368990534156544,1.1143896681419023
527,1,6,163,0,2,1,2,4495,0.0,1.0,0.0,0.0,0.7572299314013591,0.23982876432034594
528,1,6,164,0,3,1,1,6248,0.0,1.0,0.0,0.0,0.8385218260059139,1.505667803007693
529,1,6,165,0,4,1,1,6183,0.0,1.0,0.0,0.0,0.9199610552631277,1.4756887649334318
530,1,6,166,0,5,0,1,6102,0.0,1.0,0.0,0.0,0.7687650069157798,1.63178651490631
531,1,6,167,0,6,0,1,4739,0.0,1.0,0.0,0.0,0.7377878961942432,1.6509110736778216
532,1,6,168,0,0,1,1,4344,0.0,1.0,0.0,0.0,0.5982312854069493,1.2766899777163518
533,1,6,169,0,1,1,2,4446,0.0,1.0,0.0,0.0,0.4316633216321883,0.30547252010364245
534,1,6,170,0,2,1,1,5857,0.0,1.0,0.0,0.0,1.1060263047397518,1.1976073427963174
535,1,6,171,0,3,1,1,5339,0.0,1.0,0.0,0.0,1.5129339206643635,0.8802430431825848
536,1,6,172,0,4,1,1,5127,0.0,0.0,1.0,0.0,1.7067219615178588,0.7220777733425162
537,1,6,173,0,5,0,1,4859,0.0,0.0,1.0,0.0,1.5322470380504025,0.6796936160651121
538,1,6,174,0,6,0,1,4801,0.0,0.0,1.0,0.0,1.0943623114042547,1.5247923617792047
539,1,6,175,0,0,1,1,4340,0.0,0.0,1.0,0.0,1.2261163245444866,1.2317214206049598
540,1,6,176,0,1,1,1,5640,0.0,0.0,1.0,0.0,1.1020359912302398,1.1738308643236275
541,1,6,177,0,2,1,1,6365,0.0,0.0,1.0,0.0,0.7377633404188001,1.516522282310443
542,1,6,178,0,3,1,1,6258,0.0,0.0,1.0,0.0,1.0206949850747984,1.4612161258630987
543,1,6,179,0,4,1,1,5958,0.0,0.0,1.0,0.0,1.233839115921358,1.2255188610033885
544,1,6,180,0,5,0,1,4634,0.0,0.0,1.0,0.0,1.9158819177987674,0.4936168280179725
545,1,6,181,0,6,0,1,4232,0.0,0.0,1.0,0.0,1.3074818864753712,0.6093979405806372
546,1,7,182,0,0,1,1,4110,0.0,0.0,1.0,0.0,1.6949781619121715,0.52876466576021
547,1,7,183,0,1,1,1,5323,0.0,0.0,1.0,0.0,1.3966807407726212,0.8885131226513466
548,1,7,184,0,2,1,1,5608,0.0,0.0,1.0,0.0,1.4004377744154235,1.1123221482747119
549,1,7,185,1,3,0,1,4841,0.0,0.0,1.0,0.0,1.5826846008106372,1.496363963605336
550,1,7,186,1,4,0,1,4836,0.0,0.0,1.0,0.0,1.7608981410893136,0.8957494421865132
551,1,7,187,0,5,0,1,4841,0.0,0.0,1.0,0.0,1.7066667110231117,0.8781755233153945
552,1,7,188,0,6,0,1,3392,0.0,0.0,1.0,0.0,2.0282245904511877,0.17160060870306143
553,1,7,189,0,0,1,1,3469,0.0,0.0,1.0,0.0,1.9391055424241281,0.08476477428106292
554,1,7,190,0,1,1,2,5571,0.0,0.0,1.0,0.0,1.102109658556569,1.0652860712961294
555,1,7,191,0,2,1,2,5336,0.0,0.0,1.0,0.0,1.1680541935091542,0.9210765605595961
556,1,7,192,0,3,1,1,6289,0.0,0.0,1.0,0.0,1.078886033931208,1.4245176482204684
557,1,7,193,0,4,1,1,6414,0.0,0.0,1.0,0.0,1.1059710542450045,1.5185898021776334
558,1,7,194,0,5,0,2,5988,0.0,0.0,1.0,0.0,1.187312060400446,1.5459844404179066
559,1,7,195,0,6,0,2,4614,0.0,0.0,1.0,0.0,1.175703317559696,1.2720380580151733
560,1,7,196,0,0,1,1,4111,0.0,0.0,1.0,0.0,1.4160675254849895,0.7872046491590151
561,1,7,197,0,1,1,1,5742,0.0,0.0,1.0,0.0,1.5322715938258458,1.2001917426303055
562,1,7,198,0,2,1,1,5865,0.0,0.0,1.0,0.0,1.7260043841845938,1.1774490240912108
563,1,7,199,0,3,1,1,4914,0.0,0.0,1.0,0.0,1.6640010511906353,0.622836819717375
564,1,7,200,0,4,1,1,5703,0.0,0.0,1.0,0.0,1.4740559891939935,1.0766574305656766
565,1,7,201,0,5,0,2,5123,0.0,0.0,1.0,0.0,0.8502349308922976,0.7039869745045998
566,1,7,202,0,6,0,3,3195,0.0,0.0,1.0,0.0,0.46278776700638335,-0.025330658646828035
567,1,7,203,0,0,1,2,4866,0.0,0.0,1.0,0.0,0.9122382638862564,1.4999821233729194
568,1,7,204,0,1,1,1,5831,0.0,0.0,1.0,0.0,1.3228844966220883,1.2704874181147805
569,1,7,205,0,2,1,1,6452,0.0,0.0,1.0,0.0,1.4237657610864176,1.5940542773300845
570,1,7,206,0,3,1,1,6790,0.0,0.0,1.0,0.0,1.102109658556569,1.894361538039496
571,1,7,207,0,4,1,1,5825,0.0,0.0,1.0,0.0,1.6252029259904548,1.2162150216010315
572,1,7,208,0,5,0,1,5645,0.0,0.0,1.0,0.0,1.5942258152689188,1.2384408601733288
573,1,7,209,1,6,0,1,4451,0.0,0.0,1.0,0.0,1.3694606636938873,1.1252441474446522
574,1,7,210,0,0,1,1,4444,0.0,0.0,1.0,0.0,1.187312060400446,1.0797587103664623
575,1,7,211,0,1,1,1,6065,0.0,0.0,1.0,0.0,1.2920056090023246,1.3423337334996484
576,1,7,212,0,2,1,1,6248,0.0,0.0,1.0,0.0,1.1563902001736561,1.399707409814183
577,1,8,213,0,3,1,1,6506,0.0,0.0,1.0,0.0,1.1834752204874535,1.5878517177285132
578,1,8,214,0,4,1,1,6278,0.0,0.0,1.0,0.0,1.4276824072696004,1.4229670083200756
579,1,8,215,0,5,0,2,5847,0.0,0.0,1.0,0.0,1.5245488024489744,1.378515331175481
580,1,8,216,0,6,0,1,4479,0.0,0.0,1.0,0.0,1.6988948080953543,1.1970904628295198
581,1,8,217,0,0,1,1,3757,0.0,0.0,1.0,0.0,1.5749618094337658,0.49413370798477013
582,1,8,218,0,1,1,2,5780,0.0,0.0,1.0,0.0,1.4470691919819696,1.2947807765542683
583,1,8,219,0,2,1,2,5995,0.0,0.0,1.0,0.0,1.3695650257395207,1.4291695679216467
584,1,8,220,0,3,1,2,6271,0.0,0.0,1.0,0.0,1.431543802958036,1.564075239255823
585,1,8,221,0,4,1,1,6090,0.0,0.0,1.0,0.0,1.3811492128048275,1.4358890074900157
586,1,8,222,0,5,0,2,4721,0.0,0.0,1.0,0.0,1.1873673108951932,0.6605690572936006
587,1,8,223,0,6,0,2,4052,0.0,0.0,1.0,0.0,1.0051941518263088,0.9257284802607746
588,1,8,224,0,0,1,1,4362,0.0,0.0,1.0,0.0,1.0439431654756022,1.052364072126189
589,1,8,225,0,1,1,1,5676,0.0,0.0,1.0,0.0,1.1524489982150303,1.227586380870579
590,1,8,226,0,2,1,1,5656,0.0,0.0,1.0,0.0,1.2416171577929762,1.1764152641576155
591,1,8,227,0,3,1,1,6149,0.0,0.0,1.0,0.0,1.1020052965109357,1.46741868546467
592,1,8,228,0,4,1,1,6267,0.0,0.0,1.0,0.0,1.1060017489643086,1.6007737168984535
593,1,8,229,0,5,0,1,5665,0.0,0.0,1.0,0.0,-1.425011137512261,1.3645595720719457
594,1,8,230,0,6,0,1,5038,0.0,0.0,1.0,0.0,0.8812120416138337,1.735162508265832
595,1,8,231,0,0,1,2,3341,0.0,0.0,1.0,0.0,0.7920929935867743,0.021188538364956877
596,1,8,232,0,1,1,2,5504,0.0,0.0,1.0,0.0,0.7455168265149754,1.0451277525910225
597,1,8,233,0,2,1,1,5925,0.0,0.0,1.0,0.0,0.7765676045628412,1.291162616786685
598,1,8,234,0,3,1,1,6281,0.0,0.0,1.0,0.0,0.9044356662391949,1.4818913245350032
599,1,8,235,0,4,1,1,6402,0.0,0.0,1.0,0.0,0.9974652215055765,1.683474511586071
600,1,8,236,0,5,0,2,6257,0.0,0.0,1.0,0.0,1.0594194429486488,1.5888854776621084
601,1,8,237,0,6,0,2,4224,0.0,0.0,1.0,0.0,0.8850488815268263,0.7985760084285625
602,1,8,238,0,0,1,2,3772,0.0,0.0,1.0,0.0,0.7456948558869385,0.3861057949240696
603,1,8,239,0,1,1,1,5928,0.0,0.0,1.0,0.0,1.1060017489643086,1.2451602997416977
604,1,8,240,0,2,1,1,6105,0.0,0.0,1.0,0.0,1.1757524291105823,1.3087365356578036
605,1,8,241,0,3,1,1,6520,0.0,0.0,1.0,0.0,0.989638068083072,1.6483266738438336
606,1,8,242,0,4,1,1,6541,0.0,0.0,1.0,0.0,1.0942825051340643,1.6565967533125954
607,1,8,243,0,5,0,1,5917,0.0,0.0,1.0,0.0,1.3190967682599821,1.4689693253650629
608,1,9,244,0,6,0,2,3788,0.0,0.0,1.0,0.0,1.4004623301908665,0.8435445655399546
609,1,9,245,0,0,1,2,3197,0.0,0.0,1.0,0.0,1.0710834362841466,0.6729741764967432
610,1,9,246,0,1,1,1,4069,0.0,0.0,1.0,0.0,1.1486121583020379,0.788755289059408
611,1,9,247,1,2,0,1,5997,0.0,0.0,1.0,0.0,1.3036757412816826,1.2177656615014243
612,1,9,248,0,3,1,1,6280,0.0,0.0,1.0,0.0,1.4393157058857942,1.3459518932672316
613,1,9,249,0,4,1,2,5592,0.0,0.0,1.0,0.0,1.1099368119790736,0.876108003448204
614,1,9,250,0,5,0,1,6459,0.0,0.0,1.0,0.0,1.121447331718051,1.5485688402518947
615,1,9,251,0,6,0,2,4419,0.0,0.0,1.0,0.0,0.838546381781357,0.7587762509851466
616,1,9,252,0,0,1,1,5657,0.0,0.0,1.0,0.0,0.640896945239426,1.9222730562465669
617,1,9,253,0,1,1,1,6407,0.0,0.0,1.0,0.0,0.5594270212629082,1.5594233195546445
618,1,9,254,0,2,1,1,6697,0.0,0.0,1.0,0.0,0.48967634111663505,1.6845082715196662
619,1,9,255,0,3,1,1,6820,0.0,0.0,1.0,0.0,0.5865672920714522,1.73774690809982
620,1,9,256,0,4,1,1,6750,0.0,0.0,1.0,0.0,0.6447828967033051,1.7036328302911778
621,1,9,257,0,5,0,1,6630,0.0,0.0,1.0,0.0,0.7339510562812507,1.8095932234846879
622,1,9,258,0,6,0,1,5554,0.0,0.0,1.0,0.0,0.6835134935210165,2.173993600077003
623,1,9,259,0,0,1,1,5167,0.0,0.0,1.0,0.0,0.5439016322389755,1.4601823659295035
624,1,9,260,0,1,1,2,5847,0.0,0.0,1.0,0.0,0.4820517728415362,1.2203500613354124
625,1,9,261,0,2,1,2,3702,0.0,0.0,1.0,0.0,0.555823461216626,-0.22484632583070555
626,1,9,262,0,3,1,1,6803,0.0,0.0,1.0,0.0,0.40441868877801085,1.593537397363287
627,1,9,263,0,4,1,1,6781,0.0,0.0,1.0,0.0,0.35400568179321984,1.6602149130801787
628,1,9,264,0,5,0,1,6917,0.0,0.0,1.0,0.0,0.5982067296315062,1.8912602582387104
629,1,9,265,0,6,0,1,5883,0.0,0.0,1.0,0.0,0.8346604303174783,2.0091088906685655
630,1,9,266,0,0,1,1,5453,1.0,0.0,0.0,0.0,0.2726094251430317,1.7568714668713317
631,1,9,267,0,1,1,1,6435,1.0,0.0,0.0,0.0,0.1718079669488923,1.5134210025096573
632,1,9,268,0,2,1,1,6693,1.0,0.0,0.0,0.0,0.4275932018524859,1.5661427591230135
633,1,9,269,0,3,1,1,6946,1.0,0.0,0.0,0.0,0.7494825842490443,1.6669343526485474
634,1,9,270,0,4,1,2,6642,1.0,0.0,0.0,0.0,0.819233264395318,1.49119516393736
635,1,9,271,0,5,0,2,6370,1.0,0.0,0.0,0.0,0.6834889377455735,1.5025665232069074
636,1,9,272,0,6,0,1,5966,1.0,0.0,0.0,0.0,0.34236624423316586,2.091809685356183
637,1,9,273,0,0,1,1,4874,1.0,0.0,0.0,0.0,0.26481296643983077,1.2306876606713646
638,1,10,274,0,1,1,2,6015,1.0,0.0,0.0,0.0,0.23004812735618835,1.1733139843568299
639,1,10,275,0,2,1,3,4324,1.0,0.0,0.0,0.0,0.41626071148547106,0.06770773537674178
640,1,10,276,0,3,1,2,6844,1.0,0.0,0.0,0.0,0.7649527227782303,1.5837166779941323
641,1,10,277,0,4,1,2,6437,1.0,0.0,0.0,0.0,0.819233264395318,1.4575979660955154
642,1,10,278,0,5,0,1,6640,1.0,0.0,0.0,0.0,0.6486442923917408,1.8855745786039366
643,1,10,279,0,6,0,1,4934,1.0,0.0,0.0,0.0,0.39285905748814715,1.786850504945593
644,1,10,280,0,0,1,2,2729,1.0,0.0,0.0,0.0,-0.3358826903382768,-0.51584974713776
645,1,10,281,0,1,1,2,4604,1.0,0.0,0.0,0.0,-0.5335873773749545,0.5013700275199366
646,1,10,282,0,2,1,2,5791,1.0,0.0,0.0,0.0,-0.22354615662971677,0.9737983171729523
647,1,10,283,0,3,1,1,6911,1.0,0.0,0.0,0.0,0.1756693626373279,1.645225394043048
648,1,10,284,0,4,1,1,6736,1.0,0.0,0.0,0.0,-0.26618112174288944,1.582682918060537
649,1,10,285,0,5,0,1,6222,1.0,0.0,0.0,0.0,-0.25449257263194924,1.4338214876228252
650,1,10,286,0,6,0,1,4857,1.0,0.0,0.0,0.0,-0.5103330580302896,1.3444012533668388
651,1,10,287,0,0,1,1,4559,1.0,0.0,0.0,0.0,0.2067446964606368,1.101467668971962
652,1,10,288,0,1,1,2,5115,1.0,0.0,0.0,0.0,0.3967204531765827,0.7065713743385879
653,1,10,289,0,2,1,1,6612,1.0,0.0,0.0,0.0,-0.08398340689856189,1.564075239255823
654,1,10,290,0,3,1,1,6482,1.0,0.0,0.0,0.0,-0.1499033860757035,1.5263430016795976
655,1,10,291,0,4,1,2,6501,1.0,0.0,0.0,0.0,0.23388496726918084,1.5511532400858827
656,1,10,292,0,5,0,2,4671,1.0,0.0,0.0,0.0,0.38902221757515465,0.4734585093128657
657,1,10,293,0,6,0,1,5284,1.0,0.0,0.0,0.0,-0.010340636344549048,1.8514605007952942
658,1,10,294,0,0,1,1,4692,1.0,0.0,0.0,0.0,-0.11109912193166283,1.1970904628295198
659,1,10,295,0,1,1,1,6228,1.0,0.0,0.0,0.0,0.05166269664940979,1.3180403750601606
660,1,10,296,0,2,1,1,6625,1.0,0.0,0.0,0.0,0.342415355784052,1.5289274015135856
661,1,10,297,0,3,1,1,6898,1.0,0.0,0.0,0.0,0.5168657234760653,1.6462591539766431
662,1,10,298,0,4,1,2,6484,1.0,0.0,0.0,0.0,0.3386337663658067,1.4736212450662414
663,1,10,299,0,5,0,2,6262,1.0,0.0,0.0,0.0,0.29604177385965924,1.5175560422440382
664,1,10,300,0,6,0,2,5209,1.0,0.0,0.0,0.0,0.2492814384720371,1.728443068697463
665,1,10,301,0,0,1,2,3461,1.0,0.0,0.0,0.0,-0.041471220662605154,-0.025330658646828035
666,1,10,302,0,1,1,3,20,1.0,0.0,0.0,0.0,-0.2156391969370219,-2.318727071327824
667,1,10,303,0,2,1,2,1009,1.0,0.0,0.0,0.0,-1.0105771764143228,-1.763597986987191
668,1,10,304,0,3,1,2,5147,1.0,0.0,0.0,0.0,-0.6963185012367235,0.5468554645981264
669,1,11,305,0,4,1,2,5520,1.0,0.0,0.0,0.0,-0.6420379596196358,0.7639450506531226
670,1,11,306,0,5,0,1,5229,1.0,0.0,0.0,0.0,-0.7273692792845893,0.6920987352682548
671,1,11,307,0,6,0,2,4109,1.0,0.0,0.0,0.0,-0.9250187158265202,0.3256308388087492
672,1,11,308,0,0,1,1,3906,1.0,0.0,0.0,0.0,-0.8900758473709147,0.30960755983802335
673,1,11,309,0,1,1,1,4881,1.0,0.0,0.0,0.0,-1.021835999455008,0.38817331479126005
674,1,11,310,0,2,1,1,5220,1.0,0.0,0.0,0.0,-1.1845671233167767,0.6088810606138396
675,1,11,311,0,3,1,2,4709,1.0,0.0,0.0,0.0,-1.2272082273738103,0.2723922022285954
676,1,11,312,0,4,1,1,4975,1.0,0.0,0.0,0.0,-0.8142414738586002,0.4171185929319262
677,1,11,313,0,5,0,1,5283,1.0,0.0,0.0,0.0,-0.7312306749730249,0.7670463304539082
678,1,11,314,1,6,0,1,4446,1.0,0.0,0.0,0.0,-0.4947340016800272,1.0482290323918082
679,1,11,315,0,0,1,1,4562,1.0,0.0,0.0,0.0,-0.3242186970027793,1.211563101899853
680,1,11,316,0,1,1,1,5172,1.0,0.0,0.0,0.0,0.005258420005713368,0.9102220812568462
681,1,11,317,0,2,1,2,3767,1.0,0.0,0.0,0.0,-0.9288309999640696,-0.21399184652795572
682,1,11,318,0,3,1,1,5122,1.0,0.0,0.0,0.0,-1.1845916790922197,0.510156986955496
683,1,11,319,0,4,1,2,5125,1.0,0.0,0.0,0.0,-0.9210529580924512,0.48431298861561556
684,1,11,320,0,5,0,1,5214,1.0,0.0,0.0,0.0,-0.7816252651262338,0.6150836202154109
685,1,11,321,0,6,0,1,4316,1.0,0.0,0.0,0.0,-0.9094442152517009,0.5794189025063758
686,1,11,322,0,0,1,1,3747,1.0,0.0,0.0,0.0,-0.8396873961615667,0.08321413438067009
687,1,11,323,0,1,1,2,5050,1.0,0.0,0.0,0.0,-0.6071748974342206,0.5122245068226865
688,1,11,324,0,2,1,2,5100,1.0,0.0,0.0,0.0,-0.5761977867126845,0.5820033023403639
689,1,11,325,0,3,1,1,4531,1.0,0.0,0.0,0.0,-0.6730396261166155,0.3297658785431301
690,1,11,326,0,4,1,1,1470,1.0,0.0,0.0,0.0,-0.7621832299191179,-1.076664511113167
691,1,11,327,1,5,0,1,2307,1.0,0.0,0.0,0.0,-0.5877881127218523,-0.309097760418716
692,1,11,328,1,6,0,1,1745,1.0,0.0,0.0,0.0,-1.3860779555471434,-1.1531627461992133
693,1,11,329,0,0,1,1,2115,1.0,0.0,0.0,0.0,-1.3318035528739165,-1.0771813910799646
694,1,11,330,0,1,1,1,4750,1.0,0.0,0.0,0.0,-0.8319646047846956,0.2992699605020711
695,1,11,331,0,2,1,2,3836,1.0,0.0,0.0,0.0,-1.1846223738115238,-0.28377064204563307
696,1,11,332,0,3,1,1,5062,1.0,0.0,0.0,0.0,-1.134258478377619,0.38869019475805766
697,1,11,333,0,4,1,1,5080,1.0,0.0,0.0,0.0,-1.0810952245431948,0.4212536326663071
698,1,11,334,0,5,0,1,5306,1.0,0.0,0.0,0.0,-0.9248897980054438,0.5995772212114826
699,1,12,335,0,6,0,2,4240,1.0,0.0,0.0,0.0,-0.9676352641081105,0.3530254770490226
700,1,12,336,0,0,1,2,3757,1.0,0.0,0.0,0.0,-0.7079333830213344,0.07287653504471789
701,1,12,337,0,1,1,1,5679,1.0,0.0,0.0,0.0,-0.11498507339554152,0.8921312824189299
702,1,12,338,0,2,1,1,6055,1.0,0.0,0.0,0.0,-0.033594955689213946,1.0844106300676408
703,1,12,339,0,3,1,1,5398,1.0,0.0,0.0,0.0,-0.2855494896236756,0.6311068991861368
704,1,12,340,0,4,1,1,5035,1.0,0.0,0.0,0.0,-1.327991268736367,0.4481313909397828
705,1,12,341,0,5,0,2,4659,1.0,0.0,0.0,0.0,-0.936609041835688,0.2584364431250599
706,1,12,342,0,6,0,2,4429,1.0,0.0,0.0,0.0,-0.5219233840394574,0.5551255440668881
707,1,12,343,0,0,1,2,2787,1.0,0.0,0.0,0.0,-0.5180067378562746,-0.661609897774686
708,1,12,344,0,1,1,2,4841,1.0,0.0,0.0,0.0,-0.2391206572045361,0.34217099774627274
709,1,12,345,0,2,1,2,5219,1.0,0.0,0.0,0.0,-0.8358996677994605,0.5132582667562817
710,1,12,346,0,3,1,2,5009,1.0,0.0,0.0,0.0,-1.087749839688289,0.41918611279911666
711,1,12,347,0,4,1,1,5107,1.0,0.0,0.0,0.0,-1.107087512849771,0.5292815457270076
712,1,12,348,0,5,0,1,5182,1.0,0.0,0.0,0.0,-1.107062957074328,0.5701150631040188
713,1,12,349,0,6,0,1,4280,1.0,0.0,0.0,0.0,-0.835776888922245,0.27859476183016674
714,1,12,350,0,0,1,2,3248,1.0,0.0,0.0,0.0,-0.642062515395079,-0.3731908763016196
715,1,12,351,0,1,1,2,4373,1.0,0.0,0.0,0.0,-0.44830516926088765,0.03979621716967084
716,1,12,352,0,2,1,1,5124,1.0,0.0,0.0,0.0,-0.3979167180515397,0.5422035448969479
717,1,12,353,0,3,1,1,4934,1.0,0.0,0.0,0.0,-0.8125778200723268,0.39230835452564095
718,1,12,354,0,4,1,2,3814,1.0,0.0,0.0,0.0,-0.8552127851854995,-0.196417927656837
719,1,12,355,0,5,0,2,3402,0.0,0.0,0.0,1.0,-1.0605604573288587,-0.4574423108896301
720,1,12,356,0,6,0,1,1544,0.0,0.0,0.0,1.0,-1.4636066775650352,-1.4260753686683514
721,1,12,357,0,0,1,1,1379,0.0,0.0,0.0,1.0,-1.3202132268647488,-1.4064339299300423
722,1,12,358,1,1,0,2,746,0.0,0.0,0.0,1.0,-1.3237185638092586,-1.8545688611435702
723,1,12,359,1,2,0,2,573,0.0,0.0,0.0,1.0,-1.1053870254003328,-1.8064990242313925
724,1,12,360,0,3,1,3,432,0.0,0.0,0.0,1.0,-1.56047921168827,-2.1021543652396253
725,1,12,361,0,4,1,2,1867,0.0,0.0,0.0,1.0,-1.5217486148705583,-1.2374141807872236
726,1,12,362,0,5,0,2,2451,0.0,0.0,0.0,1.0,-1.3473780534487356,-0.7303549333587682
727,1,12,363,0,6,0,2,1182,0.0,0.0,0.0,1.0,-1.425011137512261,-1.6369623951217764
728,1,12,364,0,0,1,1,1432,0.0,0.0,0.0,1.0,-1.4906978368226926,-1.4017820102288638
729,1,12,365,1,1,0,2,2290,0.0,0.0,0.0,1.0,-1.5411169827513447,-0.9195330012066936
