,yr,mnth,holiday_num,weekday_num,workingday_num,weathersit,atemp,hum,windspeed,casual,seasons_autumn,seasons_spring,seasons_summer,seasons_winter
0,0,1,1,0,0,2,18.18125,80.5833,10.749882,331,0.0,0.0,0.0,1.0
1,0,1,0,1,1,2,17.68695,69.6087,16.652113,131,0.0,0.0,0.0,1.0
2,0,1,0,2,1,1,9.47025,43.7273,16.636703,120,0.0,0.0,0.0,1.0
3,0,1,0,3,1,1,10.6061,59.0435,10.739832,108,0.0,0.0,0.0,1.0
4,0,1,0,4,1,1,11.4635,43.6957,12.5223,82,0.0,0.0,0.0,1.0
5,0,1,0,5,0,1,11.66045,51.8261,6.0008684,88,0.0,0.0,0.0,1.0
6,0,1,0,6,0,2,10.44195,49.8696,11.304642,148,0.0,0.0,0.0,1.0
7,0,1,0,0,1,2,8.1127,53.5833,17.875868,68,0.0,0.0,0.0,1.0
8,0,1,0,1,1,1,5.80875,43.4167,24.25065,54,0.0,0.0,0.0,1.0
9,0,1,0,2,1,1,7.5444,48.2917,14.958889,41,0.0,0.0,0.0,1.0
10,0,1,0,3,1,2,9.5732,68.6364,8.182844,43,0.0,0.0,0.0,1.0
11,0,1,0,4,1,1,8.02365,59.9545,20.410009,25,0.0,0.0,0.0,1.0
12,0,1,0,5,0,1,7.54415,47.0417,20.167,38,0.0,0.0,0.0,1.0
13,0,1,0,6,0,1,9.42065,53.7826,8.478716,54,0.0,0.0,0.0,1.0
14,0,1,0,0,1,2,12.4056,49.875,10.583521,222,0.0,0.0,0.0,1.0
15,0,1,1,1,0,1,11.71085,48.375,12.625011,251,0.0,0.0,0.0,1.0
16,0,1,0,2,1,2,8.83855,53.75,12.999139,117,0.0,0.0,0.0,1.0
17,0,1,0,3,1,2,11.61665,86.1667,9.833925,9,0.0,0.0,0.0,1.0
18,0,1,0,4,1,2,14.9211,74.1739,13.957239,78,0.0,0.0,0.0,1.0
19,0,1,0,5,0,2,12.7525,53.8333,13.125568,83,0.0,0.0,0.0,1.0
20,0,1,0,6,0,1,7.89165,45.7083,23.667214,75,0.0,0.0,0.0,1.0
21,0,1,0,0,1,1,3.95348,40.0,11.52199,93,0.0,0.0,0.0,1.0
22,0,1,0,1,1,1,4.941955,43.6522,16.5222,150,0.0,0.0,0.0,1.0
23,0,1,0,2,1,1,5.8965,49.1739,10.60811,86,0.0,0.0,0.0,1.0
24,0,1,0,3,1,2,11.7263,61.6957,8.696332,186,0.0,0.0,0.0,1.0
25,0,1,0,4,1,3,10.18,86.25,19.68795,34,0.0,0.0,0.0,1.0
26,0,1,0,5,0,1,10.985,68.75,7.627079,15,0.0,0.0,0.0,1.0
27,0,1,0,6,0,2,11.16585,79.3043,8.2611,38,0.0,0.0,0.0,1.0
28,0,1,0,0,1,1,10.6063,65.1739,9.739455,123,0.0,0.0,0.0,1.0
29,0,1,0,1,1,1,12.5161,72.2174,4.9568342,140,0.0,0.0,0.0,1.0
30,0,1,0,2,1,2,9.3125,60.375,12.541864,42,0.0,0.0,0.0,1.0
31,0,2,0,3,1,2,11.7265,82.9565,3.565271,47,0.0,0.0,0.0,1.0
32,0,2,0,4,1,2,12.72085,77.5417,17.708636,72,0.0,0.0,0.0,1.0
33,0,2,0,5,0,1,8.8939,43.7826,18.609384,61,0.0,0.0,0.0,1.0
34,0,2,0,6,0,2,11.42935,58.5217,8.565213,88,0.0,0.0,0.0,1.0
35,0,2,0,0,1,2,12.1529,92.9167,10.792293,100,0.0,0.0,0.0,1.0
36,0,2,0,1,1,1,14.58355,56.8333,9.5006,354,0.0,0.0,0.0,1.0
37,0,2,0,2,1,1,15.1829,73.8333,3.0423561,120,0.0,0.0,0.0,1.0
38,0,2,0,3,1,1,9.9123,53.7917,24.25065,64,0.0,0.0,0.0,1.0
39,0,2,0,4,1,2,7.21415,49.4783,12.652213,53,0.0,0.0,0.0,1.0
40,0,2,0,5,0,1,7.4774,43.7391,14.869645,47,0.0,0.0,0.0,1.0
41,0,2,0,6,0,1,10.67545,50.6364,7.27285,149,0.0,0.0,0.0,1.0
42,0,2,0,0,1,1,11.6477,54.4167,13.625589,288,0.0,0.0,0.0,1.0
43,0,2,1,1,0,1,16.20565,45.7391,17.479161,397,0.0,0.0,0.0,1.0
44,0,2,0,2,1,1,19.9175,37.5833,12.125325,208,0.0,0.0,0.0,1.0
45,0,2,0,3,1,1,12.7137,31.4348,19.522058,140,0.0,0.0,0.0,1.0
46,0,2,0,4,1,1,15.81,42.3478,16.869997,218,0.0,0.0,0.0,1.0
47,0,2,0,5,0,1,21.4329,50.5,15.416968,259,0.0,0.0,0.0,1.0
48,0,2,0,6,0,1,25.59915,51.6667,17.749975,579,0.0,0.0,0.0,1.0
49,0,2,0,0,1,1,19.5702,62.625,12.125325,532,0.0,0.0,0.0,1.0
50,0,2,1,1,0,1,13.8665,40.7826,14.956745,639,0.0,0.0,0.0,1.0
51,0,2,0,2,1,2,14.20375,60.5,20.625682,195,0.0,0.0,0.0,1.0
52,0,2,0,3,1,1,9.30165,57.7778,13.110761,74,0.0,0.0,0.0,1.0
53,0,2,0,4,1,1,12.28585,42.3043,6.305571,139,0.0,0.0,0.0,1.0
54,0,2,0,5,0,2,14.45955,69.7391,16.783232,100,0.0,0.0,0.0,1.0
55,0,2,0,6,0,2,17.52305,71.2174,23.218113,120,0.0,0.0,0.0,1.0
56,0,2,0,0,1,1,14.1096,53.7917,12.500257,424,0.0,0.0,0.0,1.0
57,0,2,0,1,1,1,17.55545,68.0,8.391616,694,0.0,0.0,0.0,1.0
58,0,2,0,2,1,2,20.0059,87.6364,19.408962,81,0.0,0.0,0.0,1.0
59,0,3,0,3,1,1,13.19395,53.5,14.500475,137,0.0,0.0,0.0,1.0
60,0,3,0,4,1,1,16.00355,44.9583,20.624811,231,0.0,0.0,0.0,1.0
61,0,3,0,5,0,1,10.00665,31.8333,15.125518,123,0.0,0.0,0.0,1.0
62,0,3,0,6,0,2,12.78395,61.0417,13.624182,214,0.0,0.0,0.0,1.0
63,0,3,0,0,1,2,18.93895,78.9167,16.875357,640,0.0,0.0,0.0,1.0
64,0,3,0,1,1,2,18.3126,94.8261,23.000229,114,0.0,0.0,0.0,1.0
65,0,3,0,2,1,1,11.92305,55.1304,22.870584,244,0.0,0.0,0.0,1.0
66,0,3,0,3,1,1,15.12,42.0833,8.08355,316,0.0,0.0,0.0,1.0
67,0,3,0,4,1,2,14.3304,77.5417,14.75005,191,0.0,0.0,0.0,1.0
68,0,3,0,5,0,3,19.2834,62.625,17.545759,46,0.0,0.0,0.0,1.0
69,0,3,0,6,0,2,15.25,64.9565,15.60899,247,0.0,0.0,0.0,1.0
70,0,3,0,0,1,1,16.2875,59.4583,14.791925,724,0.0,0.0,0.0,1.0
71,0,3,0,1,1,1,19.00455,52.7391,18.130468,982,0.0,0.0,0.0,1.0
72,0,3,0,2,1,1,16.6,49.6957,9.174042,359,0.0,0.0,0.0,1.0
73,0,3,0,3,1,2,15.9089,65.5652,12.348703,289,0.0,0.0,0.0,1.0
74,0,3,0,4,1,2,18.3465,77.6522,13.608839,321,0.0,0.0,0.0,1.0
75,0,3,0,5,0,1,20.51665,60.2917,14.041793,424,0.0,0.0,0.0,1.0
76,0,3,0,6,0,1,26.35045,52.5217,15.478139,884,0.0,0.0,0.0,1.0
77,0,3,0,0,1,1,23.32625,37.9167,24.667189,1424,0.0,0.0,0.0,1.0
78,0,3,0,1,1,1,16.2875,47.375,13.917307,1047,0.0,0.0,0.0,1.0
79,0,3,0,2,1,2,20.48675,73.7391,19.348461,401,0.0,1.0,0.0,0.0
80,0,3,0,3,1,1,22.0321,62.4583,15.12525,460,0.0,1.0,0.0,0.0
81,0,3,0,4,1,2,16.89695,83.9565,15.695487,203,0.0,1.0,0.0,0.0
82,0,3,0,5,0,2,13.54165,80.5833,16.333729,166,0.0,1.0,0.0,0.0
83,0,3,0,6,0,1,12.8156,49.5,15.458575,300,0.0,1.0,0.0,0.0
84,0,3,0,0,1,1,12.87855,39.4167,14.041257,981,0.0,1.0,0.0,0.0
85,0,3,0,1,1,2,12.51695,49.3913,12.3481,472,0.0,1.0,0.0,0.0
86,0,3,0,2,1,1,12.8787,30.2174,14.217668,222,0.0,1.0,0.0,0.0
87,0,3,0,3,1,1,14.6454,31.4167,15.208732,317,0.0,1.0,0.0,0.0
88,0,3,0,4,1,2,14.8675,64.6667,11.583496,168,0.0,1.0,0.0,0.0
89,0,3,1,5,0,3,12.87875,91.8333,14.582282,179,0.0,1.0,0.0,0.0
90,0,4,0,6,0,2,14.1727,68.625,17.333436,307,0.0,1.0,0.0,0.0
91,0,4,0,0,1,2,15.78185,65.375,13.208782,898,0.0,1.0,0.0,0.0
92,0,4,0,1,1,1,18.93835,48.0,12.208271,1651,0.0,1.0,0.0,0.0
93,0,4,0,2,1,1,27.14645,42.625,12.125325,734,0.0,1.0,0.0,0.0
94,0,4,0,3,1,2,19.9175,64.2083,12.125325,167,0.0,1.0,0.0,0.0
95,0,4,0,4,1,1,19.3804,47.0833,17.625221,413,0.0,1.0,0.0,0.0
96,0,4,0,5,0,1,21.6848,60.2917,10.874904,571,0.0,1.0,0.0,0.0
97,0,4,0,6,0,2,16.22395,83.625,15.208464,172,0.0,1.0,0.0,0.0
98,0,4,0,0,1,2,17.07645,87.75,8.916561,879,0.0,1.0,0.0,0.0
99,0,4,0,1,1,2,21.33685,85.75,9.833389,1188,0.0,1.0,0.0,0.0
100,0,4,0,2,1,2,28.26085,71.6956,21.739758,855,0.0,1.0,0.0,0.0
101,0,4,0,3,1,2,24.6527,73.9167,18.416893,257,0.0,1.0,0.0,0.0
102,0,4,0,4,1,2,20.86415,81.9167,16.791339,209,0.0,1.0,0.0,0.0
103,0,4,0,5,0,1,23.1371,54.0417,7.4169,529,0.0,1.0,0.0,0.0
104,0,4,0,6,0,1,22.09565,67.125,15.167125,642,0.0,1.0,0.0,0.0
105,0,4,0,0,1,3,21.2746,88.8333,22.834136,121,0.0,1.0,0.0,0.0
106,0,4,0,1,1,1,22.2848,47.9583,20.334232,1558,0.0,1.0,0.0,0.0
107,0,4,0,2,1,1,25.1573,54.25,10.958989,669,0.0,1.0,0.0,0.0
108,0,4,0,3,1,2,24.4629,66.5833,10.584057,409,0.0,1.0,0.0,0.0
109,0,4,0,4,1,1,28.2196,61.4167,16.208975,613,0.0,1.0,0.0,0.0
110,0,4,0,5,0,1,22.6946,40.7083,21.792286,745,0.0,1.0,0.0,0.0
111,0,4,0,6,0,2,16.0977,72.9583,14.707907,177,0.0,1.0,0.0,0.0
112,0,4,0,0,1,2,22.50605,88.7917,15.458575,1462,0.0,1.0,0.0,0.0
113,0,4,0,1,1,2,27.58815,81.0833,12.875725,1710,0.0,1.0,0.0,0.0
114,0,4,0,2,1,1,28.725,77.6667,12.417311,773,0.0,1.0,0.0,0.0
115,0,4,0,3,1,1,29.70415,72.9167,21.8755,678,0.0,1.0,0.0,0.0
116,0,4,0,4,1,2,28.7571,83.5417,20.9174,547,0.0,1.0,0.0,0.0
117,0,4,0,5,0,2,28.94645,70.0833,21.500836,569,0.0,1.0,0.0,0.0
118,0,4,0,6,0,1,24.87315,45.7083,16.084221,878,0.0,1.0,0.0,0.0
119,0,4,0,0,1,1,23.20105,50.3333,15.750025,1965,0.0,1.0,0.0,0.0
120,0,5,0,1,1,2,22.4102,76.2083,7.125718,1138,0.0,1.0,0.0,0.0
121,0,5,0,2,1,2,26.64165,73.0,12.291418,847,0.0,1.0,0.0,0.0
122,0,5,0,3,1,2,29.10395,69.7083,22.958689,603,0.0,1.0,0.0,0.0
123,0,5,0,4,1,2,20.2325,73.7083,22.042732,255,0.0,1.0,0.0,0.0
124,0,5,0,5,0,1,22.09585,44.4167,19.791264,614,0.0,1.0,0.0,0.0
125,0,5,0,6,0,1,23.70585,59.0,15.292482,894,0.0,1.0,0.0,0.0
126,0,5,0,0,1,1,25.63105,54.125,10.75015,1612,0.0,1.0,0.0,0.0
127,0,5,0,1,1,1,25.94665,63.1667,5.0007125,1401,0.0,1.0,0.0,0.0
128,0,5,0,2,1,1,26.2623,58.875,11.792,664,0.0,1.0,0.0,0.0
129,0,5,0,3,1,1,26.13605,48.9167,7.749957,694,0.0,1.0,0.0,0.0
130,0,5,0,4,1,1,26.42,63.2917,8.083014,550,0.0,1.0,0.0,0.0
131,0,5,0,5,0,1,26.16815,74.75,12.707689,695,0.0,1.0,0.0,0.0
132,0,5,0,6,0,2,24.715,86.3333,12.041575,692,0.0,1.0,0.0,0.0
133,0,5,0,0,1,2,25.03145,92.25,9.04165,902,0.0,1.0,0.0,0.0
134,0,5,0,1,1,2,26.8,86.7083,10.249593,1582,0.0,1.0,0.0,0.0
135,0,5,0,2,1,1,27.5256,78.7917,8.500357,773,0.0,1.0,0.0,0.0
136,0,5,0,3,1,2,26.92645,83.7917,18.582718,678,0.0,1.0,0.0,0.0
137,0,5,0,4,1,2,26.3579,87.0,13.499964,536,0.0,1.0,0.0,0.0
138,0,5,0,5,0,2,25.5371,82.9583,7.250271,735,0.0,1.0,0.0,0.0
139,0,5,0,6,0,1,26.4521,71.9583,8.375871,909,0.0,1.0,0.0,0.0
140,0,5,0,0,1,1,28.59875,62.6667,8.08355,2258,0.0,1.0,0.0,0.0
141,0,5,0,1,1,1,28.725,74.9583,9.916536,1576,0.0,1.0,0.0,0.0
142,0,5,0,2,1,2,29.5148,81.0,15.667414,836,0.0,1.0,0.0,0.0
143,0,5,0,3,1,2,30.24065,74.0833,13.875164,659,0.0,1.0,0.0,0.0
144,0,5,0,4,1,1,30.7771,69.625,10.333611,740,0.0,1.0,0.0,0.0
145,0,5,0,5,0,1,32.7344,67.75,13.376014,758,0.0,1.0,0.0,0.0
146,0,5,0,6,0,1,31.8504,65.375,16.125493,871,0.0,1.0,0.0,0.0
147,0,5,0,0,1,1,30.61895,72.9583,15.416164,2001,0.0,1.0,0.0,0.0
148,0,5,1,1,0,1,30.7775,81.875,14.333846,2355,0.0,1.0,0.0,0.0
149,0,5,0,2,1,1,33.5546,68.5,8.792075,1549,0.0,1.0,0.0,0.0
150,0,5,0,3,1,1,36.26915,63.6667,7.459043,673,0.0,1.0,0.0,0.0
151,0,6,0,4,1,2,36.04835,67.7083,13.875164,513,0.0,1.0,0.0,0.0
152,0,6,0,5,0,1,32.1971,30.5,19.583229,736,0.0,1.0,0.0,0.0
153,0,6,0,6,0,1,29.35665,35.4167,16.959107,898,0.0,1.0,0.0,0.0
154,0,6,0,0,1,1,29.7348,45.625,8.250514,1869,0.0,1.0,0.0,0.0
155,0,6,0,1,1,2,30.8402,65.25,9.292364,1685,0.0,1.0,0.0,0.0
156,0,6,0,2,1,1,31.0929,60.0,8.167032,673,0.0,1.0,0.0,0.0
157,0,6,0,3,1,1,32.7975,59.7917,12.583136,763,0.0,1.0,0.0,0.0
158,0,6,0,4,1,1,36.36395,62.2083,9.166739,676,0.0,1.0,0.0,0.0
159,0,6,0,5,0,2,37.87895,56.8333,10.042161,563,0.0,1.0,0.0,0.0
160,0,6,0,6,0,1,35.1646,60.5,9.417118,815,0.0,1.0,0.0,0.0
161,0,6,0,0,1,1,33.9019,65.4583,10.37495,1729,0.0,1.0,0.0,0.0
162,0,6,0,1,1,1,32.16625,74.7917,10.958989,1467,0.0,1.0,0.0,0.0
163,0,6,0,2,1,1,30.0827,49.4583,20.45845,863,0.0,1.0,0.0,0.0
164,0,6,0,3,1,1,29.5773,50.7083,18.041961,727,0.0,1.0,0.0,0.0
165,0,6,0,4,1,1,29.3877,47.1667,11.250104,769,0.0,1.0,0.0,0.0
166,0,6,0,5,0,2,29.7673,68.8333,13.833557,545,0.0,1.0,0.0,0.0
167,0,6,0,6,0,1,30.01915,73.5833,9.582943,863,0.0,1.0,0.0,0.0
168,0,6,0,0,1,1,32.1977,67.0417,8.000336,1807,0.0,1.0,0.0,0.0
169,0,6,0,1,1,2,32.2923,66.6667,6.834,1639,0.0,1.0,0.0,0.0
170,0,6,0,2,1,2,29.7673,74.625,10.416825,699,0.0,1.0,0.0,0.0
171,0,6,0,3,1,2,31.8823,77.0417,11.458675,774,0.0,0.0,1.0,0.0
172,0,6,0,4,1,1,34.69145,70.75,11.541554,661,0.0,0.0,1.0,0.0
173,0,6,0,5,0,2,34.69165,70.3333,15.999868,746,0.0,0.0,1.0,0.0
174,0,6,0,6,0,1,32.82915,57.3333,14.875675,969,0.0,0.0,1.0,0.0
175,0,6,0,0,1,1,32.16565,48.3333,14.041257,1782,0.0,0.0,1.0,0.0
176,0,6,0,1,1,1,31.88145,51.3333,6.3337311,1920,0.0,0.0,1.0,0.0
177,0,6,0,2,1,2,31.8502,65.8333,7.208396,854,0.0,0.0,1.0,0.0
178,0,6,0,3,1,1,34.6279,63.4167,9.666961,732,0.0,0.0,1.0,0.0
179,0,6,0,4,1,1,32.7344,49.7917,17.542007,848,0.0,0.0,1.0,0.0
180,0,6,0,5,0,1,31.8504,43.4167,12.415904,1027,0.0,0.0,1.0,0.0
181,0,7,0,6,0,1,32.6081,39.625,6.874736,1246,0.0,0.0,1.0,0.0
182,0,7,0,0,1,1,33.3654,44.4583,7.709154,2204,0.0,0.0,1.0,0.0
183,0,7,0,1,1,2,33.42875,68.25,15.333486,2282,0.0,0.0,1.0,0.0
184,0,7,1,2,0,2,33.27085,63.7917,5.4591064,3065,0.0,0.0,1.0,0.0
185,0,7,1,3,0,1,34.8169,59.0417,8.459286,1031,0.0,0.0,1.0,0.0
186,0,7,0,4,1,1,34.28165,74.3333,10.042161,784,0.0,0.0,1.0,0.0
187,0,7,0,5,0,1,34.34355,65.125,10.6664,754,0.0,0.0,1.0,0.0
188,0,7,0,6,0,2,33.52415,75.7917,15.083643,692,0.0,0.0,1.0,0.0
189,0,7,0,0,1,1,33.2079,60.9167,11.250104,1988,0.0,0.0,1.0,0.0
190,0,7,0,1,1,1,34.50125,57.8333,12.292557,1743,0.0,0.0,1.0,0.0
191,0,7,0,2,1,1,36.4902,63.5833,18.916579,723,0.0,0.0,1.0,0.0
192,0,7,0,3,1,1,36.96375,55.9167,13.417018,662,0.0,0.0,1.0,0.0
193,0,7,0,4,1,1,34.4702,63.1667,9.790911,748,0.0,0.0,1.0,0.0
194,0,7,0,5,0,1,31.7552,47.625,16.124689,888,0.0,0.0,1.0,0.0
195,0,7,0,6,0,1,31.21855,59.125,12.249811,1318,0.0,0.0,1.0,0.0
196,0,7,0,0,1,1,31.91315,58.5,13.958914,2418,0.0,0.0,1.0,0.0
197,0,7,0,1,1,1,33.49165,60.4167,16.417211,2006,0.0,0.0,1.0,0.0
198,0,7,0,2,1,1,35.19625,65.125,14.458868,841,0.0,0.0,1.0,0.0
199,0,7,0,3,1,1,37.37395,65.0417,8.7502,752,0.0,0.0,1.0,0.0
200,0,7,0,4,1,1,37.3425,70.7083,7.625739,644,0.0,0.0,1.0,0.0
201,0,7,0,5,0,2,41.31855,69.125,14.875407,632,0.0,0.0,1.0,0.0
202,0,7,0,6,0,1,42.0448,58.0417,8.9177,562,0.0,0.0,1.0,0.0
203,0,7,0,0,1,1,40.21435,50.0,8.791807,987,0.0,0.0,1.0,0.0
204,0,7,0,1,1,1,39.74145,55.0833,11.334457,1050,0.0,0.0,1.0,0.0
205,0,7,0,2,1,1,36.0479,75.7083,6.0841561,568,0.0,0.0,1.0,0.0
206,0,7,0,3,1,1,34.84895,54.0833,13.417286,750,0.0,0.0,1.0,0.0
207,0,7,0,4,1,1,34.53335,40.2917,12.292021,755,0.0,0.0,1.0,0.0
208,0,7,1,5,0,1,36.995,58.3333,11.958093,606,0.0,0.0,1.0,0.0
209,0,7,0,6,0,1,39.29835,54.25,11.667246,670,0.0,0.0,1.0,0.0
210,0,7,0,0,1,1,36.42685,46.5833,11.291979,1559,0.0,0.0,1.0,0.0
211,0,7,0,1,1,1,36.4898,48.0833,11.042471,1524,0.0,0.0,1.0,0.0
212,0,8,0,2,1,1,35.1646,55.0833,10.500039,729,0.0,0.0,1.0,0.0
213,0,8,0,3,1,1,35.35355,49.125,13.79195,801,0.0,0.0,1.0,0.0
214,0,8,0,4,1,2,33.99685,65.75,9.084061,467,0.0,0.0,1.0,0.0
215,0,8,0,5,0,2,33.2394,75.75,13.20905,799,0.0,0.0,1.0,0.0
216,0,8,0,6,0,1,32.82835,63.0833,12.374632,1023,0.0,0.0,1.0,0.0
217,0,8,0,0,1,2,33.8077,75.5,15.29275,1521,0.0,0.0,1.0,0.0
218,0,8,0,1,1,1,35.7646,75.2917,13.499629,1298,0.0,0.0,1.0,0.0
219,0,8,0,2,1,1,35.16415,59.2083,12.875725,846,0.0,0.0,1.0,0.0
220,0,8,0,3,1,1,36.20605,57.0417,10.125107,907,0.0,0.0,1.0,0.0
221,0,8,0,4,1,1,34.24915,42.4167,13.417286,884,0.0,0.0,1.0,0.0
222,0,8,0,5,0,1,32.57605,42.375,11.041332,812,0.0,0.0,1.0,0.0
223,0,8,0,6,0,1,32.7021,41.5,8.416607,1051,0.0,0.0,1.0,0.0
224,0,8,0,0,1,2,32.2929,72.9583,14.167418,1504,0.0,0.0,1.0,0.0
225,0,8,0,1,1,2,31.2194,81.75,14.916411,1338,0.0,0.0,1.0,0.0
226,0,8,0,2,1,1,30.80835,71.2083,13.999918,775,0.0,0.0,1.0,0.0
227,0,8,0,3,1,1,32.29185,57.8333,15.834043,721,0.0,0.0,1.0,0.0
228,0,8,0,4,1,1,33.33355,57.5417,9.625689,668,0.0,0.0,1.0,0.0
229,0,8,0,5,0,1,33.1129,65.4583,15.624936,639,0.0,0.0,1.0,0.0
230,0,8,0,6,0,2,31.66105,72.2917,9.333636,797,0.0,0.0,1.0,0.0
231,0,8,0,0,1,1,32.4498,67.4167,6.999289,1914,0.0,0.0,1.0,0.0
232,0,8,0,1,1,1,33.77625,77.0,16.666518,1249,0.0,0.0,1.0,0.0
233,0,8,0,2,1,1,31.9127,47.0,18.54225,833,0.0,0.0,1.0,0.0
234,0,8,0,3,1,1,30.30335,45.5417,9.833121,1281,0.0,0.0,1.0,0.0
235,0,8,0,4,1,1,31.5346,60.5,16.958236,949,0.0,0.0,1.0,0.0
236,0,8,0,5,0,2,32.2927,77.1667,14.125811,435,0.0,0.0,1.0,0.0
237,0,8,0,6,0,1,32.98665,76.125,5.6254875,768,0.0,0.0,1.0,0.0
238,0,8,0,0,1,2,31.7778,85.0,25.166339,226,0.0,0.0,1.0,0.0
239,0,8,0,1,1,1,32.39795,56.1765,20.412153,1415,0.0,0.0,1.0,0.0
240,0,8,0,2,1,1,30.3979,55.4583,10.708275,729,0.0,0.0,1.0,0.0
241,0,8,0,3,1,1,29.7352,54.8333,8.375536,775,0.0,0.0,1.0,0.0
242,0,8,0,4,1,1,30.55605,59.7917,5.5833311,688,0.0,0.0,1.0,0.0
243,0,9,0,5,0,1,30.74605,63.9167,9.500332,783,0.0,0.0,1.0,0.0
244,0,9,0,6,0,2,30.2404,72.7083,9.375243,875,0.0,0.0,1.0,0.0
245,0,9,0,0,1,1,31.66065,71.6667,12.416775,1935,0.0,0.0,1.0,0.0
246,0,9,1,1,0,1,33.27145,74.2083,13.833289,2521,0.0,0.0,1.0,0.0
247,0,9,0,2,1,2,31.2823,79.0417,14.250632,1236,0.0,0.0,1.0,0.0
248,0,9,0,3,1,3,25.76,88.6957,23.044181,204,0.0,0.0,1.0,0.0
249,0,9,0,4,1,3,27.21145,91.7083,6.5003936,118,0.0,0.0,1.0,0.0
250,0,9,0,5,0,3,27.76805,93.9565,12.914116,153,0.0,0.0,1.0,0.0
251,0,9,0,6,0,2,28.9473,89.7917,8.333393,417,0.0,0.0,1.0,0.0
252,0,9,0,0,1,1,30.3981,75.375,10.291736,1750,0.0,0.0,1.0,0.0
253,0,9,0,1,1,1,30.46145,71.375,7.708618,1633,0.0,0.0,1.0,0.0
254,0,9,0,2,1,1,30.1065,69.2174,5.957171,690,0.0,0.0,1.0,0.0
255,0,9,0,3,1,1,30.1777,71.25,9.500868,701,0.0,0.0,1.0,0.0
256,0,9,0,4,1,1,31.345,69.7083,11.2091,647,0.0,0.0,1.0,0.0
257,0,9,0,5,0,2,27.68355,70.9167,18.166782,428,0.0,0.0,1.0,0.0
258,0,9,0,6,0,2,23.07375,59.0417,11.000261,742,0.0,0.0,1.0,0.0
259,0,9,0,0,1,2,23.9256,71.8333,12.708225,1434,0.0,0.0,1.0,0.0
260,0,9,0,1,1,1,24.52685,69.5,11.958361,1353,0.0,0.0,1.0,0.0
261,0,9,0,2,1,2,26.48375,69.0,10.166714,691,0.0,0.0,1.0,0.0
262,0,9,0,3,1,2,26.61085,88.125,9.041918,438,0.0,0.0,1.0,0.0
263,0,9,0,4,1,2,27.52665,90.0,6.4590814,539,0.0,0.0,1.0,0.0
264,0,9,0,5,0,2,27.74815,90.2083,8.584375,555,0.0,0.0,1.0,0.0
265,0,9,0,6,0,2,26.10625,97.25,5.2505689,258,1.0,0.0,0.0,0.0
266,0,9,0,0,1,2,28.2206,86.25,5.2516811,1776,1.0,0.0,0.0,0.0
267,0,9,0,1,1,2,28.63185,84.5,3.3754064,1544,1.0,0.0,0.0,0.0
268,0,9,0,2,1,2,29.4521,84.8333,7.4169,684,1.0,0.0,0.0,0.0
269,0,9,0,3,1,2,28.72625,88.5417,7.917457,477,1.0,0.0,0.0,0.0
270,0,9,0,4,1,2,28.7579,84.875,9.958143,480,1.0,0.0,0.0,0.0
271,0,9,0,5,0,1,28.7256,69.9167,11.583161,653,1.0,0.0,0.0,0.0
272,0,9,0,6,0,1,27.24145,64.75,13.833825,830,1.0,0.0,0.0,0.0
273,0,10,0,0,1,2,20.64315,75.375,19.583832,480,1.0,0.0,0.0,0.0
274,0,10,0,1,1,2,17.26585,79.1667,14.874871,616,1.0,0.0,0.0,0.0
275,0,10,0,2,1,2,19.6023,76.0833,5.5841686,330,1.0,0.0,0.0,0.0
276,0,10,0,3,1,1,23.6429,71.0,13.792218,486,1.0,0.0,0.0,0.0
277,0,10,0,4,1,1,26.3569,64.7917,11.87575,559,1.0,0.0,0.0,0.0
278,0,10,0,5,0,1,24.02125,62.0833,9.041918,639,1.0,0.0,0.0,0.0
279,0,10,0,6,0,1,25.2202,68.4167,1.5002439,949,1.0,0.0,0.0,0.0
280,0,10,0,0,1,1,25.6621,70.125,3.0420814,2235,1.0,0.0,0.0,0.0
281,0,10,0,1,1,1,26.19915,72.75,4.25115,2397,1.0,0.0,0.0,0.0
282,0,10,0,2,1,1,27.14625,73.375,2.8343814,1514,1.0,0.0,0.0,0.0
283,0,10,0,3,1,2,27.3048,80.875,9.583814,667,1.0,0.0,0.0,0.0
284,0,10,0,4,1,3,25.88585,90.625,16.62605,217,1.0,0.0,0.0,0.0
285,0,10,0,5,0,2,27.5902,89.6667,9.499729,290,1.0,0.0,0.0,0.0
286,0,10,0,6,0,2,26.48375,71.625,15.000161,529,1.0,0.0,0.0,0.0
287,0,10,0,0,1,1,24.93625,48.3333,17.291561,1899,1.0,0.0,0.0,0.0
288,0,10,0,1,1,1,25.1577,48.6667,18.875039,1748,1.0,0.0,0.0,0.0
289,0,10,0,2,1,1,25.53625,57.9583,11.750393,713,1.0,0.0,0.0,0.0
290,0,10,0,3,1,2,26.13605,70.1667,7.375829,637,1.0,0.0,0.0,0.0
291,0,10,0,4,1,3,25.6924,89.5217,16.303713,254,1.0,0.0,0.0,0.0
292,0,10,0,5,0,1,23.32625,63.625,12.125325,471,1.0,0.0,0.0,0.0
293,0,10,0,6,0,1,21.1798,57.4167,14.833532,676,1.0,0.0,0.0,0.0
294,0,10,0,0,1,1,21.2746,62.9167,6.2086689,1499,1.0,0.0,0.0,0.0
295,0,10,0,1,1,1,21.11665,74.125,6.6673375,1619,1.0,0.0,0.0,0.0
296,0,10,0,2,1,1,22.85335,77.2083,7.959064,699,1.0,0.0,0.0,0.0
297,0,10,0,3,1,1,23.16875,62.2917,11.166086,695,1.0,0.0,0.0,0.0
298,0,10,0,4,1,2,23.6423,72.0417,9.959014,404,1.0,0.0,0.0,0.0
299,0,10,0,5,0,2,22.8523,81.2917,13.250121,240,1.0,0.0,0.0,0.0
300,0,10,0,6,0,2,15.9406,58.5833,15.375093,456,1.0,0.0,0.0,0.0
301,0,10,0,0,1,3,11.39565,88.25,23.541857,57,1.0,0.0,0.0,0.0
302,0,10,0,1,1,1,16.06645,62.375,11.833339,885,1.0,0.0,0.0,0.0
303,0,10,0,2,1,1,17.80315,70.3333,7.12545,362,1.0,0.0,0.0,0.0
304,0,11,0,3,1,1,19.8544,68.375,9.083257,410,1.0,0.0,0.0,0.0
305,0,11,0,4,1,1,19.50665,71.875,5.5001439,370,1.0,0.0,0.0,0.0
306,0,11,0,5,0,1,20.29605,70.2083,9.166739,318,1.0,0.0,0.0,0.0
307,0,11,0,6,0,2,20.1696,62.25,18.209193,470,1.0,0.0,0.0,0.0
308,0,11,0,0,1,1,16.1927,51.9167,12.667154,1156,1.0,0.0,0.0,0.0
309,0,11,0,1,1,1,18.1179,73.4583,6.1676314,952,1.0,0.0,0.0,0.0
310,0,11,0,2,1,1,20.04355,75.875,3.834075,373,1.0,0.0,0.0,0.0
311,0,11,0,3,1,1,20.6123,72.1667,4.6255125,376,1.0,0.0,0.0,0.0
312,0,11,0,4,1,1,20.45395,75.8333,4.1671186,305,1.0,0.0,0.0,0.0
313,0,11,1,5,0,2,18.68605,81.3333,12.667489,190,1.0,0.0,0.0,0.0
314,0,11,0,6,0,1,15.34085,44.625,21.083225,440,1.0,0.0,0.0,0.0
315,0,11,0,0,1,1,17.8971,55.2917,14.208154,1275,1.0,0.0,0.0,0.0
316,0,11,0,1,1,1,21.5275,45.8333,18.875307,1004,1.0,0.0,0.0,0.0
317,0,11,0,2,1,1,26.2306,58.7083,20.541932,595,1.0,0.0,0.0,0.0
318,0,11,0,3,1,2,25.37895,68.875,13.375411,449,1.0,0.0,0.0,0.0
319,0,11,0,4,1,3,22.5994,93.0,9.167543,145,1.0,0.0,0.0,0.0
320,0,11,0,5,0,2,16.16105,57.5833,20.459254,139,1.0,0.0,0.0,0.0
321,0,11,0,6,0,1,13.63605,41.0,11.291711,245,1.0,0.0,0.0,0.0
322,0,11,0,0,1,1,16.22415,50.2083,15.041232,943,1.0,0.0,0.0,0.0
323,0,11,0,1,1,2,22.8529,68.4583,12.45865,787,1.0,0.0,0.0,0.0
324,0,11,0,2,1,3,22.2531,91.0,9.249618,220,1.0,0.0,0.0,0.0
325,0,11,0,3,1,3,21.0848,96.25,7.959064,69,1.0,0.0,0.0,0.0
326,0,11,1,4,0,2,21.52685,75.7917,22.500275,112,1.0,0.0,0.0,0.0
327,0,11,1,5,0,1,18.62355,54.9167,11.209368,560,1.0,0.0,0.0,0.0
328,0,11,0,6,0,1,19.03355,64.375,6.6260186,1095,1.0,0.0,0.0,0.0
329,0,11,0,0,1,1,19.25435,68.1667,4.5841936,1249,1.0,0.0,0.0,0.0
330,0,11,0,1,1,1,22.79,69.8333,13.999918,810,1.0,0.0,0.0,0.0
331,0,11,0,2,1,1,24.5061,74.3043,9.522174,253,1.0,0.0,0.0,0.0
332,0,11,0,3,1,2,22.56875,83.0833,17.292164,96,1.0,0.0,0.0,0.0
333,0,11,0,4,1,1,15.56105,61.3333,18.167586,188,1.0,0.0,0.0,0.0
334,0,12,0,5,0,1,15.2777,52.4583,14.750586,182,1.0,0.0,0.0,0.0
335,0,12,0,6,0,1,16.57165,62.5833,6.750518,268,1.0,0.0,0.0,0.0
336,0,12,0,0,1,1,15.5302,61.2917,6.4174811,706,1.0,0.0,0.0,0.0
337,0,12,0,1,1,1,17.455,77.5833,5.6252061,634,1.0,0.0,0.0,0.0
338,0,12,0,2,1,2,19.69625,82.7083,4.1679561,233,1.0,0.0,0.0,0.0
339,0,12,0,3,1,3,22.82,94.9583,15.583061,126,1.0,0.0,0.0,0.0
340,0,12,0,4,1,3,20.0123,97.0417,17.833725,50,1.0,0.0,0.0,0.0
341,0,12,0,5,0,1,12.8469,58.0,16.083886,150,1.0,0.0,0.0,0.0
342,0,12,0,6,0,1,15.8771,69.5833,5.5420189,261,1.0,0.0,0.0,0.0
343,0,12,0,0,1,1,13.3206,50.75,15.625807,502,1.0,0.0,0.0,0.0
344,0,12,0,1,1,1,12.6577,49.0,4.4582939,377,1.0,0.0,0.0,0.0
345,0,12,0,2,1,1,13.5098,67.0833,4.25115,143,1.0,0.0,0.0,0.0
346,0,12,0,3,1,1,15.0569,59.0,9.41685,155,1.0,0.0,0.0,0.0
347,0,12,0,4,1,2,16.9181,66.375,4.0842061,178,1.0,0.0,0.0,0.0
348,0,12,0,5,0,2,20.61185,63.4167,17.958814,181,1.0,0.0,0.0,0.0
349,0,12,0,6,0,2,17.99125,50.0417,17.458525,178,1.0,0.0,0.0,0.0
350,0,12,0,0,1,2,12.46855,56.0833,16.292189,275,1.0,0.0,0.0,0.0
351,0,12,0,1,1,1,12.27895,58.625,11.375193,220,1.0,0.0,0.0,0.0
352,0,12,0,2,1,1,14.04665,63.75,11.584032,260,1.0,0.0,0.0,0.0
353,0,12,0,3,1,2,19.8227,59.5417,4.1252436,216,1.0,0.0,0.0,0.0
354,0,12,0,4,1,2,21.40085,85.8333,14.8338,107,0.0,0.0,0.0,1.0
355,0,12,0,5,0,2,21.30605,75.75,3.167425,227,0.0,0.0,0.0,1.0
356,0,12,0,6,0,1,18.87565,68.625,18.374482,163,0.0,0.0,0.0,1.0
357,0,12,1,0,0,1,14.9621,54.25,12.750368,155,0.0,0.0,0.0,1.0
358,0,12,1,1,0,1,13.99805,68.1304,10.391097,303,0.0,0.0,0.0,1.0
359,0,12,0,2,1,1,15.77675,50.6957,16.044155,430,0.0,0.0,0.0,1.0
360,0,12,0,3,1,2,16.38165,76.25,12.62615,103,0.0,0.0,0.0,1.0
361,0,12,0,4,1,1,13.9987,50.3913,19.695387,255,0.0,0.0,0.0,1.0
362,0,12,0,5,0,1,13.1946,57.4167,8.000604,254,0.0,0.0,0.0,1.0
363,0,12,0,6,0,1,15.9406,63.6667,9.000579,491,0.0,0.0,0.0,1.0
364,0,12,1,0,0,1,20.70605,61.5833,14.750318,665,0.0,0.0,0.0,1.0
365,1,1,1,1,0,1,18.78105,69.25,12.875189,686,0.0,0.0,0.0,1.0
366,1,1,0,2,1,1,12.6152,38.1304,22.087555,244,0.0,0.0,0.0,1.0
367,1,1,0,3,1,1,6.31375,44.125,24.499957,89,0.0,0.0,0.0,1.0
368,1,1,0,4,1,2,5.96685,41.4583,12.3749,95,0.0,0.0,0.0,1.0
369,1,1,0,5,0,1,13.9206,52.4167,8.709129,140,0.0,0.0,0.0,1.0
370,1,1,0,6,0,1,17.01335,54.2083,11.249836,307,0.0,0.0,0.0,1.0
371,1,1,0,0,1,1,19.53895,53.1667,11.708786,1070,0.0,0.0,0.0,1.0
372,1,1,0,1,1,1,17.0129,46.5,12.833314,599,0.0,0.0,0.0,1.0
373,1,1,0,2,1,2,12.37395,70.1667,6.6263,106,0.0,0.0,0.0,1.0
374,1,1,0,3,1,1,15.9413,64.6522,12.565984,173,0.0,0.0,0.0,1.0
375,1,1,0,4,1,2,14.14105,84.75,8.791807,92,0.0,0.0,0.0,1.0
376,1,1,0,5,0,2,19.0969,80.2917,12.124789,269,0.0,0.0,0.0,1.0
377,1,1,0,6,0,1,12.4681,50.75,25.333236,174,0.0,0.0,0.0,1.0
378,1,1,0,0,1,1,9.15435,45.75,12.541261,333,0.0,0.0,0.0,1.0
379,1,1,0,1,1,1,8.08125,41.9167,16.834286,284,0.0,0.0,0.0,1.0
380,1,1,1,2,0,1,9.53315,52.25,15.500986,217,0.0,0.0,0.0,1.0
381,1,1,0,3,1,2,18.2139,71.6087,23.39171,127,0.0,0.0,0.0,1.0
382,1,1,0,4,1,1,13.7627,44.3333,12.125325,109,0.0,0.0,0.0,1.0
383,1,1,0,5,0,1,9.5019,49.75,14.750586,130,0.0,0.0,0.0,1.0
384,1,1,0,6,0,2,11.0479,45.0,13.58425,115,0.0,0.0,0.0,1.0
385,1,1,0,0,1,2,8.74375,83.125,14.917014,67,0.0,0.0,0.0,1.0
386,1,1,0,1,1,2,8.1125,79.625,13.375746,196,0.0,0.0,0.0,1.0
387,1,1,0,2,1,2,12.1529,91.125,7.417436,145,0.0,0.0,0.0,1.0
388,1,1,0,3,1,1,17.4554,83.5833,8.292389,439,0.0,0.0,0.0,1.0
389,1,1,0,4,1,1,14.74105,64.375,10.791757,467,0.0,0.0,0.0,1.0
390,1,1,0,5,0,2,17.8025,76.9583,4.9175186,244,0.0,0.0,0.0,1.0
391,1,1,0,6,0,2,20.76915,74.125,22.958689,269,0.0,0.0,0.0,1.0
392,1,1,0,0,1,1,16.31895,54.3333,14.125543,775,0.0,0.0,0.0,1.0
393,1,1,0,1,1,1,13.63605,31.125,16.08335,558,0.0,0.0,0.0,1.0
394,1,1,0,2,1,1,13.13125,40.0833,14.458064,126,0.0,0.0,0.0,1.0
395,1,1,0,3,1,1,19.06585,41.6667,17.541739,324,0.0,0.0,0.0,1.0
396,1,2,0,4,1,1,23.3269,50.7917,12.667489,304,0.0,0.0,0.0,1.0
397,1,2,0,5,0,2,19.94855,67.2917,12.541529,190,0.0,0.0,0.0,1.0
398,1,2,0,6,0,1,15.4673,52.6667,11.959232,310,0.0,0.0,0.0,1.0
399,1,2,0,0,1,2,13.63625,77.9583,8.167032,384,0.0,0.0,0.0,1.0
400,1,2,0,1,1,2,13.22605,68.7917,11.791732,318,0.0,0.0,0.0,1.0
401,1,2,0,2,1,1,14.8213,62.2174,10.3046,206,0.0,0.0,0.0,1.0
402,1,2,0,3,1,1,18.0552,49.625,9.874393,199,0.0,0.0,0.0,1.0
403,1,2,0,4,1,2,13.32105,72.2917,8.959307,109,0.0,0.0,0.0,1.0
404,1,2,0,5,0,1,13.0994,56.2083,13.000479,163,0.0,0.0,0.0,1.0
405,1,2,0,6,0,2,14.6779,54.0,7.834243,227,0.0,0.0,0.0,1.0
406,1,2,0,0,1,3,10.54335,73.125,19.416332,192,0.0,0.0,0.0,1.0
407,1,2,0,1,1,1,5.0829,46.4583,12.125325,73,0.0,0.0,0.0,1.0
408,1,2,1,2,0,1,11.39565,41.125,11.207961,94,0.0,0.0,0.0,1.0
409,1,2,0,3,1,2,16.6973,50.875,9.458993,135,0.0,0.0,0.0,1.0
410,1,2,0,4,1,1,17.58145,53.125,12.1672,141,0.0,0.0,0.0,1.0
411,1,2,0,5,0,2,16.5081,75.2917,6.125475,74,0.0,0.0,0.0,1.0
412,1,2,0,6,0,1,17.58145,63.4583,13.791682,349,0.0,0.0,0.0,1.0
413,1,2,0,0,1,1,17.77125,53.4583,12.792243,1435,0.0,0.0,0.0,1.0
414,1,2,0,1,1,2,13.2894,51.5833,16.958504,618,0.0,0.0,0.0,1.0
415,1,2,1,2,0,1,13.66955,50.7826,15.348561,502,0.0,0.0,0.0,1.0
416,1,2,0,3,1,1,14.75565,59.4348,13.783039,163,0.0,0.0,0.0,1.0
417,1,2,0,4,1,1,19.63335,56.7917,15.709557,394,0.0,0.0,0.0,1.0
418,1,2,0,5,0,1,22.2223,55.4583,12.791171,516,0.0,0.0,0.0,1.0
419,1,2,0,6,0,2,20.54855,73.75,15.916989,246,0.0,0.0,0.0,1.0
420,1,2,0,0,1,1,12.78375,39.5833,12.125325,317,0.0,0.0,0.0,1.0
421,1,2,0,1,1,1,13.4154,41.0,13.750343,515,0.0,0.0,0.0,1.0
422,1,2,0,2,1,1,17.8977,49.0833,17.958211,253,0.0,0.0,0.0,1.0
423,1,2,0,3,1,1,17.67625,39.5833,12.958939,229,0.0,0.0,0.0,1.0
424,1,3,0,4,1,1,23.76855,61.5417,15.208129,325,0.0,0.0,0.0,1.0
425,1,3,0,5,0,2,17.9921,65.7083,9.708568,246,0.0,0.0,0.0,1.0
426,1,3,0,6,0,2,20.6746,62.125,10.792293,956,0.0,0.0,0.0,1.0
427,1,3,0,0,1,1,15.15105,40.3333,22.416257,710,0.0,0.0,0.0,1.0
428,1,3,0,1,1,1,12.05855,50.625,15.333486,203,0.0,0.0,0.0,1.0
429,1,3,0,2,1,1,12.7521,45.6667,13.458625,221,0.0,0.0,0.0,1.0
430,1,3,0,3,1,1,19.255,51.3333,23.167193,432,0.0,0.0,0.0,1.0
431,1,3,0,4,1,1,26.2302,56.75,12.125325,486,0.0,0.0,0.0,1.0
432,1,3,0,5,0,2,19.85415,40.7083,12.125325,447,0.0,0.0,0.0,1.0
433,1,3,0,6,0,1,13.88835,35.0417,15.12525,968,0.0,0.0,0.0,1.0
434,1,3,0,0,1,1,17.9835,47.6957,14.913329,1658,0.0,0.0,0.0,1.0
435,1,3,0,1,1,1,22.9796,48.9167,13.916771,838,0.0,0.0,0.0,1.0
436,1,3,0,2,1,1,27.14645,61.75,15.87565,762,0.0,0.0,0.0,1.0
437,1,3,0,3,1,1,27.43085,50.7083,7.709154,997,0.0,0.0,0.0,1.0
438,1,3,0,4,1,1,26.64125,57.9583,10.042161,1005,0.0,0.0,0.0,1.0
439,1,3,0,5,0,2,21.81145,84.2083,7.583864,548,0.0,0.0,0.0,1.0
440,1,3,0,6,0,2,25.2523,75.5833,7.417168,3155,0.0,0.0,0.0,1.0
441,1,3,0,0,1,2,23.2,81.0,8.501161,2207,0.0,0.0,0.0,1.0
442,1,3,0,1,1,1,26.64105,72.875,10.875239,982,0.0,0.0,0.0,1.0
443,1,3,0,2,1,1,26.92665,80.7917,8.125157,1051,0.0,0.0,0.0,1.0
444,1,3,0,3,1,2,25.6629,82.125,6.0004061,1122,0.0,1.0,0.0,0.0
445,1,3,0,4,1,1,26.57835,83.125,7.876654,1334,0.0,1.0,0.0,0.0
446,1,3,0,5,0,2,28.50335,69.4167,7.7921,2469,0.0,1.0,0.0,0.0
447,1,3,0,6,0,2,24.33665,88.5417,12.916461,1033,0.0,1.0,0.0,0.0
448,1,3,0,0,1,2,21.8744,88.0833,14.791925,1532,0.0,1.0,0.0,0.0
449,1,3,0,1,1,1,21.9375,47.7917,12.125325,795,0.0,1.0,0.0,0.0
450,1,3,0,2,1,1,15.7827,29.0,12.541864,531,0.0,1.0,0.0,0.0
451,1,3,0,3,1,1,23.5475,48.125,19.541957,674,0.0,1.0,0.0,0.0
452,1,3,0,4,1,1,24.1152,43.9167,21.41655,834,0.0,1.0,0.0,0.0
453,1,3,0,5,0,2,18.78105,58.0833,9.250489,796,0.0,1.0,0.0,0.0
454,1,3,1,6,0,2,21.0854,73.8333,16.791339,2301,0.0,1.0,0.0,0.0
455,1,4,0,0,1,2,20.86435,67.625,11.541889,2347,0.0,1.0,0.0,0.0
456,1,4,0,1,1,1,21.37565,50.4348,20.913313,1208,0.0,1.0,0.0,0.0
457,1,4,0,2,1,1,23.07415,39.6667,6.708911,1348,0.0,1.0,0.0,0.0
458,1,4,0,3,1,1,26.6725,46.9583,12.125325,1058,0.0,1.0,0.0,0.0
459,1,4,0,4,1,1,21.55815,37.4167,14.708443,1192,0.0,1.0,0.0,0.0
460,1,4,0,5,0,1,19.53835,37.7083,20.125996,1807,0.0,1.0,0.0,0.0
461,1,4,0,6,0,1,21.30645,25.4167,18.416357,3252,0.0,1.0,0.0,0.0
462,1,4,0,0,1,1,24.62125,27.5833,15.583932,2230,0.0,1.0,0.0,0.0
463,1,4,0,1,1,1,23.8319,31.75,23.999132,905,0.0,1.0,0.0,0.0
464,1,4,0,2,1,1,21.81165,43.5,16.708125,819,0.0,1.0,0.0,0.0
465,1,4,0,3,1,1,16.8637,46.9565,19.783358,482,0.0,1.0,0.0,0.0
466,1,4,0,4,1,1,19.3802,46.625,19.458743,663,0.0,1.0,0.0,0.0
467,1,4,0,5,0,1,21.5904,40.8333,10.416557,1252,0.0,1.0,0.0,0.0
468,1,4,0,6,0,1,24.3998,50.2917,12.791439,2795,0.0,1.0,0.0,0.0
469,1,4,0,0,1,1,28.69375,50.7917,15.083643,2846,0.0,1.0,0.0,0.0
470,1,4,0,1,1,1,30.74625,56.1667,19.083543,1198,0.0,1.0,0.0,0.0
471,1,4,0,2,1,1,29.92435,39.0417,18.333143,989,0.0,1.0,0.0,0.0
472,1,4,0,3,1,2,22.8519,56.9167,11.250104,347,0.0,1.0,0.0,0.0
473,1,4,0,4,1,1,24.6523,61.25,4.4172564,846,0.0,1.0,0.0,0.0
474,1,4,0,5,0,1,25.78875,69.4583,10.041357,1340,0.0,1.0,0.0,0.0
475,1,4,0,6,0,1,27.14605,68.2917,19.000329,2541,0.0,1.0,0.0,0.0
476,1,4,0,0,1,3,19.4752,83.5417,23.084582,120,0.0,1.0,0.0,0.0
477,1,4,0,1,1,2,15.05625,76.6667,20.334232,195,0.0,1.0,0.0,0.0
478,1,4,0,2,1,1,20.26415,45.4167,16.708661,518,0.0,1.0,0.0,0.0
479,1,4,0,3,1,1,23.51585,42.7917,7.959064,655,0.0,1.0,0.0,0.0
480,1,4,0,4,1,2,24.17915,75.6667,11.833875,475,0.0,1.0,0.0,0.0
481,1,4,0,5,0,1,22.63185,40.0833,23.291411,1014,0.0,1.0,0.0,0.0
482,1,4,0,6,0,2,18.8752,48.9583,8.708325,1120,0.0,1.0,0.0,0.0
483,1,4,0,0,1,1,22.50605,58.7083,7.832836,2229,0.0,1.0,0.0,0.0
484,1,4,0,1,1,2,22.8848,57.0,11.499746,665,0.0,1.0,0.0,0.0
485,1,5,0,2,1,2,28.85105,65.9583,10.458432,653,0.0,1.0,0.0,0.0
486,1,5,0,3,1,1,26.8948,79.7083,9.249886,667,0.0,1.0,0.0,0.0
487,1,5,0,4,1,2,26.8621,76.8333,8.957632,764,0.0,1.0,0.0,0.0
488,1,5,0,5,0,1,29.54585,73.5417,10.916846,1069,0.0,1.0,0.0,0.0
489,1,5,0,6,0,2,29.2304,75.6667,10.250464,2496,0.0,1.0,0.0,0.0
490,1,5,0,0,1,2,27.33685,74.0,10.041893,2135,0.0,1.0,0.0,0.0
491,1,5,0,1,1,2,26.3571,66.4167,15.458307,1008,0.0,1.0,0.0,0.0
492,1,5,0,2,1,2,27.87355,68.5833,19.833943,738,0.0,1.0,0.0,0.0
493,1,5,0,3,1,2,27.65125,74.4167,14.499604,620,0.0,1.0,0.0,0.0
494,1,5,0,4,1,1,24.58915,55.2083,21.042221,1026,0.0,1.0,0.0,0.0
495,1,5,0,5,0,1,26.04165,36.0417,15.874779,1319,0.0,1.0,0.0,0.0
496,1,5,0,6,0,1,27.24085,48.0417,8.249911,2622,0.0,1.0,0.0,0.0
497,1,5,0,0,1,1,29.2619,57.625,15.082839,2172,0.0,1.0,0.0,0.0
498,1,5,0,1,1,2,27.495,78.9583,14.250364,342,0.0,1.0,0.0,0.0
499,1,5,0,2,1,2,28.8202,79.4583,9.875264,625,0.0,1.0,0.0,0.0
500,1,5,0,3,1,1,29.79875,69.7917,8.208304,991,0.0,1.0,0.0,0.0
501,1,5,0,4,1,1,28.63065,52.0,15.374825,1242,0.0,1.0,0.0,0.0
502,1,5,0,5,0,1,27.55605,52.3333,9.166739,1521,0.0,1.0,0.0,0.0
503,1,5,0,6,0,1,28.3454,45.625,5.626325,3410,0.0,1.0,0.0,0.0
504,1,5,0,0,1,1,29.19835,53.0417,17.042589,2704,0.0,1.0,0.0,0.0
505,1,5,0,1,1,2,28.28335,81.125,15.624668,630,0.0,1.0,0.0,0.0
506,1,5,0,2,1,2,29.04125,76.5833,7.917189,819,0.0,1.0,0.0,0.0
507,1,5,0,3,1,2,29.2306,77.4583,6.834,766,0.0,1.0,0.0,0.0
508,1,5,0,4,1,1,30.335,71.6667,11.584032,1059,0.0,1.0,0.0,0.0
509,1,5,0,5,0,1,31.37645,74.7083,9.41685,1417,0.0,1.0,0.0,0.0
510,1,5,0,6,0,1,32.1348,73.25,13.332464,2855,0.0,1.0,0.0,0.0
511,1,5,0,0,1,1,32.07125,69.7083,14.416457,3283,0.0,1.0,0.0,0.0
512,1,5,0,1,1,1,33.965,67.625,13.166907,2557,0.0,1.0,0.0,0.0
513,1,5,1,2,0,1,33.6496,68.4583,19.7918,880,0.0,1.0,0.0,0.0
514,1,5,0,3,1,2,30.55645,67.0,9.000043,745,0.0,1.0,0.0,0.0
515,1,5,0,4,1,1,31.56645,49.2917,13.083693,1100,0.0,1.0,0.0,0.0
516,1,6,0,5,0,2,30.3981,75.5417,15.916721,533,0.0,1.0,0.0,0.0
517,1,6,0,6,0,1,28.3144,54.9167,12.499654,2795,0.0,1.0,0.0,0.0
518,1,6,0,0,1,1,28.75665,49.3333,12.333829,2494,0.0,1.0,0.0,0.0
519,1,6,0,1,1,1,28.91415,48.7083,19.083811,1071,0.0,1.0,0.0,0.0
520,1,6,0,2,1,2,26.2946,61.3333,14.041525,968,0.0,1.0,0.0,0.0
521,1,6,0,3,1,1,27.1146,61.125,5.167375,1027,0.0,1.0,0.0,0.0
522,1,6,0,4,1,1,28.4721,56.7083,10.54245,1038,0.0,1.0,0.0,0.0
523,1,6,0,5,0,1,29.8931,46.7917,11.750661,1488,0.0,1.0,0.0,0.0
524,1,6,0,6,0,1,32.41835,43.7083,9.667229,2708,0.0,1.0,0.0,0.0
525,1,6,0,0,1,1,33.17585,53.8333,8.959307,2224,0.0,1.0,0.0,0.0
526,1,6,0,1,1,2,32.98605,58.7917,13.916771,1017,0.0,1.0,0.0,0.0
527,1,6,0,2,1,2,29.89375,83.3333,14.374582,477,0.0,1.0,0.0,0.0
528,1,6,0,3,1,1,30.55585,58.2083,22.999693,1173,0.0,1.0,0.0,0.0
529,1,6,0,4,1,1,31.21915,56.9583,17.000111,1180,0.0,1.0,0.0,0.0
530,1,6,0,5,0,1,29.9877,58.9583,11.833339,1563,0.0,1.0,0.0,0.0
531,1,6,0,6,0,1,29.7354,50.4167,11.166689,2963,0.0,1.0,0.0,0.0
532,1,6,0,0,1,1,28.59875,59.875,9.708568,2634,0.0,1.0,0.0,0.0
533,1,6,0,1,1,2,27.2421,77.7917,11.707982,653,0.0,1.0,0.0,0.0
534,1,6,0,2,1,1,32.7346,69.0,9.917139,968,0.0,1.0,0.0,0.0
535,1,6,0,3,1,1,36.04875,59.2083,7.625404,872,0.0,1.0,0.0,0.0
536,1,6,0,4,1,1,37.6271,56.7917,7.958729,778,0.0,0.0,1.0,0.0
537,1,6,0,5,0,1,36.20605,57.375,12.250414,964,0.0,0.0,1.0,0.0
538,1,6,0,6,0,1,32.6396,53.4583,12.041307,2657,0.0,0.0,1.0,0.0
539,1,6,0,0,1,1,33.7127,47.9167,9.750175,2551,0.0,0.0,1.0,0.0
540,1,6,0,1,1,1,32.7021,50.4167,20.125661,1139,0.0,0.0,1.0,0.0
541,1,6,0,2,1,1,29.7352,37.3333,23.292014,1077,0.0,0.0,1.0,0.0
542,1,6,0,3,1,1,32.0396,36.0,18.208925,1077,0.0,0.0,1.0,0.0
543,1,6,0,4,1,1,33.7756,42.25,11.50055,921,0.0,0.0,1.0,0.0
544,1,6,0,5,0,1,39.33065,48.875,11.082939,829,0.0,0.0,1.0,0.0
545,1,6,0,6,0,1,34.3754,60.125,10.791757,1455,0.0,0.0,1.0,0.0
546,1,7,0,0,1,1,37.53145,51.875,11.291443,1421,0.0,0.0,1.0,0.0
547,1,7,0,1,1,1,35.1019,44.7083,13.082889,904,0.0,0.0,1.0,0.0
548,1,7,0,2,1,1,35.1325,49.2083,8.457879,1052,0.0,0.0,1.0,0.0
549,1,7,1,3,0,1,36.61685,53.875,9.04165,2562,0.0,0.0,1.0,0.0
550,1,7,1,4,0,1,38.06835,45.7917,12.999943,1405,0.0,0.0,1.0,0.0
551,1,7,0,5,0,1,37.62665,45.0833,9.791514,1366,0.0,0.0,1.0,0.0
552,1,7,0,6,0,1,40.24565,49.2083,10.958118,1448,0.0,0.0,1.0,0.0
553,1,7,0,0,1,1,39.5198,57.375,8.417143,1203,0.0,0.0,1.0,0.0
554,1,7,0,1,1,2,32.7027,68.3333,12.125325,998,0.0,0.0,1.0,0.0
555,1,7,0,2,1,2,33.2398,66.75,10.166379,954,0.0,0.0,1.0,0.0
556,1,7,0,3,1,1,32.51355,63.3333,10.166111,975,0.0,0.0,1.0,0.0
557,1,7,0,4,1,1,32.73415,52.9583,9.833925,1032,0.0,0.0,1.0,0.0
558,1,7,0,5,0,2,33.39665,48.5833,5.41695,1511,0.0,0.0,1.0,0.0
559,1,7,0,6,0,2,33.3021,69.9167,9.626493,2355,0.0,0.0,1.0,0.0
560,1,7,0,0,1,1,35.2598,71.7917,11.166689,1920,0.0,0.0,1.0,0.0
561,1,7,0,1,1,1,36.20625,64.5,11.000529,1088,0.0,0.0,1.0,0.0
562,1,7,0,2,1,1,37.78415,50.5833,7.666743,921,0.0,0.0,1.0,0.0
563,1,7,0,3,1,1,37.27915,57.7083,9.208614,799,0.0,0.0,1.0,0.0
564,1,7,0,4,1,1,35.7321,60.0417,11.083743,888,0.0,0.0,1.0,0.0
565,1,7,0,5,0,2,30.65125,84.4167,14.000789,747,0.0,0.0,1.0,0.0
566,1,7,0,6,0,3,27.4956,86.5417,14.2911,1264,0.0,0.0,1.0,0.0
567,1,7,0,0,1,2,31.15625,76.25,6.2926936,2544,0.0,0.0,1.0,0.0
568,1,7,0,1,1,1,34.50085,69.4167,9.291761,1135,0.0,0.0,1.0,0.0
569,1,7,0,2,1,1,35.3225,65.5,14.167418,1140,0.0,0.0,1.0,0.0
570,1,7,0,3,1,1,32.7027,45.0,11.0416,1383,0.0,0.0,1.0,0.0
571,1,7,0,4,1,1,36.96315,59.6667,19.082471,1036,0.0,0.0,1.0,0.0
572,1,7,0,5,0,1,36.71085,59.4583,10.250464,1259,0.0,0.0,1.0,0.0
573,1,7,1,6,0,1,34.8802,61.3333,10.54245,2234,0.0,0.0,1.0,0.0
574,1,7,0,0,1,1,33.39665,62.375,11.416532,2153,0.0,0.0,1.0,0.0
575,1,7,0,1,1,1,34.24935,66.875,10.292339,1040,0.0,0.0,1.0,0.0
576,1,7,0,2,1,1,33.1448,70.4167,11.083475,968,0.0,0.0,1.0,0.0
577,1,8,0,3,1,1,33.3654,67.75,9.458993,1074,0.0,0.0,1.0,0.0
578,1,8,0,4,1,1,35.3544,65.9583,8.666718,983,0.0,0.0,1.0,0.0
579,1,8,0,5,0,2,36.14335,64.25,14.458064,1328,0.0,0.0,1.0,0.0
580,1,8,0,6,0,1,37.56335,61.3333,17.249686,2345,0.0,0.0,1.0,0.0
581,1,8,0,0,1,1,36.55395,65.25,19.458207,1707,0.0,0.0,1.0,0.0
582,1,8,0,1,1,2,35.5123,65.4167,8.666718,1233,0.0,0.0,1.0,0.0
583,1,8,0,2,1,2,34.88105,70.375,7.832836,1278,0.0,0.0,1.0,0.0
584,1,8,0,3,1,2,35.38585,67.2917,7.4169,1263,0.0,0.0,1.0,0.0
585,1,8,0,4,1,1,34.9754,62.0417,10.4587,1196,0.0,0.0,1.0,0.0
586,1,8,0,5,0,2,33.3971,71.5833,16.000471,1065,0.0,0.0,1.0,0.0
587,1,8,0,6,0,2,31.91335,73.2917,13.834093,2247,0.0,0.0,1.0,0.0
588,1,8,0,0,1,1,32.22895,53.0417,8.208304,2182,0.0,0.0,1.0,0.0
589,1,8,0,1,1,1,33.1127,54.5417,9.126204,1207,0.0,0.0,1.0,0.0
590,1,8,0,2,1,1,33.83895,68.6667,11.333586,1128,0.0,0.0,1.0,0.0
591,1,8,0,3,1,1,32.70185,61.9583,11.374657,1198,0.0,0.0,1.0,0.0
592,1,8,0,4,1,1,32.7344,51.9167,9.500332,1338,0.0,0.0,1.0,0.0
593,1,8,0,5,0,1,12.12,57.0833,15.500718,1483,0.0,0.0,1.0,0.0
594,1,8,0,6,0,1,30.90355,60.3333,11.917089,2827,0.0,0.0,1.0,0.0
595,1,8,0,0,1,2,30.1777,71.1667,5.79215,1208,0.0,0.0,1.0,0.0
596,1,8,0,1,1,2,29.79835,73.4167,8.708593,1026,0.0,0.0,1.0,0.0
597,1,8,0,2,1,1,30.05125,67.375,4.8756436,1081,0.0,0.0,1.0,0.0
598,1,8,0,3,1,1,31.0927,67.7083,4.7089811,1094,0.0,0.0,1.0,0.0
599,1,8,0,4,1,1,31.8504,63.5833,5.6679186,1363,0.0,0.0,1.0,0.0
600,1,8,0,5,0,2,32.355,61.5,4.8337686,1325,0.0,0.0,1.0,0.0
601,1,8,0,6,0,2,30.9348,71.2917,16.375336,1829,0.0,0.0,1.0,0.0
602,1,8,0,0,1,2,29.7998,84.5833,15.333486,1483,0.0,0.0,1.0,0.0
603,1,8,0,1,1,1,32.7344,73.0417,8.625111,989,0.0,0.0,1.0,0.0
604,1,8,0,2,1,1,33.3025,62.0,12.791975,935,0.0,0.0,1.0,0.0
605,1,8,0,3,1,1,31.78665,55.2083,7.541654,1177,0.0,0.0,1.0,0.0
606,1,8,0,4,1,1,32.63895,59.0417,5.1668189,1172,0.0,0.0,1.0,0.0
607,1,8,0,5,0,1,34.47,58.75,11.291711,1433,0.0,0.0,1.0,0.0
608,1,9,0,6,0,2,35.1327,63.8333,7.583529,2352,0.0,0.0,1.0,0.0
609,1,9,0,0,1,2,32.45,81.5,4.2927436,2613,0.0,0.0,1.0,0.0
610,1,9,0,1,1,1,33.08145,79.0833,10.125107,1965,0.0,0.0,1.0,0.0
611,1,9,1,2,0,1,34.3444,75.5,15.833507,867,0.0,0.0,1.0,0.0
612,1,9,0,3,1,1,35.44915,74.125,12.583136,832,0.0,0.0,1.0,0.0
613,1,9,0,4,1,2,32.76645,81.0417,9.542207,611,0.0,0.0,1.0,0.0
614,1,9,0,5,0,1,32.8602,73.625,11.500282,1045,0.0,0.0,1.0,0.0
615,1,9,0,6,0,2,30.55605,79.9167,18.833968,1557,0.0,0.0,1.0,0.0
616,1,9,0,0,1,1,28.94625,54.75,15.041232,2570,0.0,0.0,1.0,0.0
617,1,9,0,1,1,1,28.2827,50.375,17.333771,1118,0.0,0.0,1.0,0.0
618,1,9,0,2,1,1,27.7146,52.0,6.1676314,1070,0.0,0.0,1.0,0.0
619,1,9,0,3,1,1,28.50375,57.7083,8.833682,1050,0.0,0.0,1.0,0.0
620,1,9,0,4,1,1,28.9779,63.7083,5.5422936,1054,0.0,0.0,1.0,0.0
621,1,9,0,5,0,1,29.70415,67.25,6.958821,1379,0.0,0.0,1.0,0.0
622,1,9,0,6,0,1,29.29335,50.1667,16.583907,3160,0.0,0.0,1.0,0.0
623,1,9,0,0,1,1,28.15625,57.0,6.0422811,2166,0.0,0.0,1.0,0.0
624,1,9,0,1,1,2,27.6525,73.4583,10.166714,1022,0.0,0.0,1.0,0.0
625,1,9,0,2,1,2,28.25335,87.25,23.958329,371,0.0,0.0,1.0,0.0
626,1,9,0,3,1,1,27.0202,53.6667,14.416725,788,0.0,0.0,1.0,0.0
627,1,9,0,4,1,1,26.6096,61.8333,7.917189,939,0.0,0.0,1.0,0.0
628,1,9,0,5,0,1,28.59855,66.875,10.333343,1250,0.0,0.0,1.0,0.0
629,1,9,0,6,0,1,30.5244,64.6667,19.000061,2512,0.0,0.0,1.0,0.0
630,1,9,0,0,1,1,25.94665,46.7083,14.958286,2454,1.0,0.0,0.0,0.0
631,1,9,0,1,1,1,25.12565,49.2917,9.541068,1001,1.0,0.0,0.0,0.0
632,1,9,0,2,1,1,27.20895,57.0,15.833507,845,1.0,0.0,0.0,0.0
633,1,9,0,3,1,1,29.83065,63.0833,16.3748,787,1.0,0.0,0.0,0.0
634,1,9,0,4,1,2,30.39875,69.0833,9.000914,751,1.0,0.0,0.0,0.0
635,1,9,0,5,0,2,29.29315,69.0,10.999993,1045,1.0,0.0,0.0,0.0
636,1,9,0,6,0,1,26.5148,54.2917,15.249468,2589,1.0,0.0,0.0,0.0
637,1,9,0,0,1,1,25.88315,58.3333,9.042186,2015,1.0,0.0,0.0,0.0
638,1,10,0,1,1,2,25.6,64.9167,6.0838814,763,1.0,0.0,0.0,0.0
639,1,10,0,2,1,3,27.11665,87.1667,6.999825,315,1.0,0.0,0.0,0.0
640,1,10,0,3,1,2,29.95665,79.375,4.4585686,728,1.0,0.0,0.0,0.0
641,1,10,0,4,1,2,30.39875,72.2917,7.875582,891,1.0,0.0,0.0,0.0
642,1,10,0,5,0,1,29.00935,62.75,7.12545,1516,1.0,0.0,0.0,0.0
643,1,10,0,6,0,1,26.92605,66.4167,17.957675,3031,1.0,0.0,0.0,0.0
644,1,10,0,0,1,2,20.99065,70.8333,9.457854,781,1.0,0.0,0.0,0.0
645,1,10,0,1,1,2,19.3804,70.9583,12.708493,874,1.0,0.0,0.0,0.0
646,1,10,0,2,1,2,21.9056,76.1667,12.7501,601,1.0,0.0,0.0,0.0
647,1,10,0,3,1,1,25.1571,63.0833,12.584007,780,1.0,0.0,0.0,0.0
648,1,10,0,4,1,1,21.55835,46.3333,12.166932,834,1.0,0.0,0.0,0.0
649,1,10,0,5,0,1,21.65355,53.9167,15.751164,1060,1.0,0.0,0.0,0.0
650,1,10,0,6,0,1,19.5698,49.4583,9.791514,2252,1.0,0.0,0.0,0.0
651,1,10,0,0,1,1,25.4102,64.0417,18.667004,2080,1.0,0.0,0.0,0.0
652,1,10,0,1,1,2,26.9575,70.75,19.834479,760,1.0,0.0,0.0,0.0
653,1,10,0,2,1,1,23.0423,55.8333,12.208807,922,1.0,0.0,0.0,0.0
654,1,10,0,3,1,1,22.5054,69.2917,6.791857,979,1.0,0.0,0.0,0.0
655,1,10,0,4,1,2,25.63125,72.8333,15.874779,1008,1.0,0.0,0.0,0.0
656,1,10,0,5,0,2,26.8948,81.5,9.041918,753,1.0,0.0,0.0,0.0
657,1,10,0,6,0,1,23.6421,57.2917,7.874979,2806,1.0,0.0,0.0,0.0
658,1,10,0,0,1,1,22.82145,51.0,11.125618,2132,1.0,0.0,0.0,0.0
659,1,10,0,1,1,1,24.1471,56.8333,5.4593811,830,1.0,0.0,0.0,0.0
660,1,10,0,2,1,1,26.5152,64.1667,6.3345686,841,1.0,0.0,0.0,0.0
661,1,10,0,3,1,1,27.93605,63.625,4.8762064,795,1.0,0.0,0.0,0.0
662,1,10,0,4,1,2,26.4844,80.0417,8.333125,875,1.0,0.0,0.0,0.0
663,1,10,0,5,0,2,26.1375,80.7083,8.875289,1182,1.0,0.0,0.0,0.0
664,1,10,0,6,0,2,25.75665,72.0,15.791364,2643,1.0,0.0,0.0,0.0
665,1,10,0,0,1,2,23.38855,69.4583,12.125325,998,1.0,0.0,0.0,0.0
666,1,10,0,1,1,3,21.97,88.0,23.9994,2,1.0,0.0,0.0,0.0
667,1,10,0,2,1,2,15.49545,82.5455,14.271603,87,1.0,0.0,0.0,0.0
668,1,10,0,3,1,2,18.055,66.6667,11.166689,419,1.0,0.0,0.0,0.0
669,1,11,0,4,1,2,18.4971,58.1667,10.542182,466,1.0,0.0,0.0,0.0
670,1,11,0,5,0,1,17.8021,52.2083,17.833725,618,1.0,0.0,0.0,0.0
671,1,11,0,6,0,2,16.1923,49.125,18.125443,1029,1.0,0.0,0.0,0.0
672,1,11,0,0,1,1,16.4769,53.2917,12.000236,1201,1.0,0.0,0.0,0.0
673,1,11,0,1,1,1,15.40375,49.4167,15.833775,378,1.0,0.0,0.0,0.0
674,1,11,0,2,1,1,14.07835,56.7083,11.625371,466,1.0,0.0,0.0,0.0
675,1,11,0,3,1,2,13.73105,54.75,20.375236,326,1.0,0.0,0.0,0.0
676,1,11,0,4,1,1,17.09455,33.3478,23.304945,340,1.0,0.0,0.0,0.0
677,1,11,0,5,0,1,17.77065,54.0833,14.375386,709,1.0,0.0,0.0,0.0
678,1,11,1,6,0,1,19.69685,64.5417,3.8756686,2090,1.0,0.0,0.0,0.0
679,1,11,0,0,1,1,21.08565,65.9167,8.5425,2290,1.0,0.0,0.0,0.0
680,1,11,0,1,1,1,23.76915,74.1667,11.625639,1097,1.0,0.0,0.0,0.0
681,1,11,0,2,1,2,16.16125,66.2917,22.917082,327,1.0,0.0,0.0,0.0
682,1,11,0,3,1,1,14.07815,55.2083,13.374875,373,1.0,0.0,0.0,0.0
683,1,11,0,4,1,2,16.2246,62.0417,10.250129,320,1.0,0.0,0.0,0.0
684,1,11,0,5,0,1,17.3602,52.4583,11.458675,484,1.0,0.0,0.0,0.0
685,1,11,0,6,0,1,16.31915,54.5417,12.041843,1313,1.0,0.0,0.0,0.0
686,1,11,0,0,1,1,16.8873,69.2917,15.250004,922,1.0,0.0,0.0,0.0
687,1,11,0,1,1,2,18.78105,62.3333,15.749489,449,1.0,0.0,0.0,0.0
688,1,11,0,2,1,2,19.03335,68.5,5.542575,534,1.0,0.0,0.0,0.0
689,1,11,0,3,1,1,18.2446,61.375,6.917482,615,1.0,0.0,0.0,0.0
690,1,11,0,4,1,1,17.51855,58.0417,3.5423436,955,1.0,0.0,0.0,0.0
691,1,11,1,5,0,1,18.93895,56.875,9.917407,1603,1.0,0.0,0.0,0.0
692,1,11,1,6,0,1,12.4371,40.4583,25.250357,532,1.0,0.0,0.0,0.0
693,1,11,0,0,1,1,12.87915,46.8333,10.0835,309,1.0,0.0,0.0,0.0
694,1,11,0,1,1,1,16.9502,53.5417,3.12555,337,1.0,0.0,0.0,0.0
695,1,11,0,2,1,2,14.0779,78.6667,15.916654,123,1.0,0.0,0.0,0.0
696,1,11,0,3,1,1,14.4881,50.625,14.125007,198,1.0,0.0,0.0,0.0
697,1,11,0,4,1,1,14.9211,55.5652,7.739974,243,1.0,0.0,0.0,0.0
698,1,11,0,5,0,1,16.19335,64.9583,3.9175436,362,1.0,0.0,0.0,0.0
699,1,12,0,6,0,2,15.8452,80.6667,4.0001814,951,1.0,0.0,0.0,0.0
700,1,12,0,0,1,2,17.9604,82.3333,8.333393,892,1.0,0.0,0.0,0.0
701,1,12,0,1,1,1,22.7898,76.75,5.5422936,555,1.0,0.0,0.0,0.0
702,1,12,0,2,1,1,23.4527,73.375,11.666643,551,1.0,0.0,0.0,0.0
703,1,12,0,3,1,1,21.4006,48.5,21.709407,331,1.0,0.0,0.0,0.0
704,1,12,0,4,1,1,12.9102,50.875,11.708518,340,1.0,0.0,0.0,0.0
705,1,12,0,5,0,2,16.0979,76.4167,8.7502,349,1.0,0.0,0.0,0.0
706,1,12,0,6,0,2,19.4754,91.125,6.792393,1153,1.0,0.0,0.0,0.0
707,1,12,0,0,1,2,19.5073,90.5417,10.584325,441,1.0,0.0,0.0,0.0
708,1,12,0,1,1,2,21.77875,92.5,12.750636,329,1.0,0.0,0.0,0.0
709,1,12,0,2,1,2,16.91815,59.6667,19.834479,282,1.0,0.0,0.0,0.0
710,1,12,0,3,1,2,14.8669,53.8333,10.916779,310,1.0,0.0,0.0,0.0
711,1,12,0,4,1,1,14.7094,48.5833,11.666643,425,1.0,0.0,0.0,0.0
712,1,12,0,5,0,1,14.7096,64.2917,8.792343,429,1.0,0.0,0.0,0.0
713,1,12,0,6,0,1,16.91915,65.0417,7.12545,767,1.0,0.0,0.0,0.0
714,1,12,0,0,1,2,18.4969,83.875,6.749714,538,1.0,0.0,0.0,0.0
715,1,12,0,1,1,2,20.075,90.7083,6.5833061,212,1.0,0.0,0.0,0.0
716,1,12,0,2,1,1,20.4854,66.625,14.834068,433,1.0,0.0,0.0,0.0
717,1,12,0,3,1,1,17.1081,62.5417,12.334164,333,1.0,0.0,0.0,0.0
718,1,12,0,4,1,2,16.76085,66.7917,8.875021,314,1.0,0.0,0.0,0.0
719,1,12,0,5,0,2,15.08835,55.6667,25.083661,221,0.0,0.0,0.0,1.0
720,1,12,0,6,0,1,11.80565,44.125,12.125325,205,0.0,0.0,0.0,1.0
721,1,12,0,0,1,1,12.97355,51.5417,8.916561,408,0.0,0.0,0.0,1.0
722,1,12,1,1,0,2,12.945,79.1304,5.1744368,174,0.0,0.0,0.0,1.0
723,1,12,1,2,0,2,14.72325,73.4783,11.304642,440,0.0,0.0,0.0,1.0
724,1,12,0,3,1,3,11.01665,82.3333,21.208582,9,0.0,0.0,0.0,1.0
725,1,12,0,4,1,2,11.3321,65.2917,23.458911,247,0.0,0.0,0.0,1.0
726,1,12,0,5,0,2,12.7523,59.0,10.416557,644,0.0,0.0,0.0,1.0
727,1,12,0,6,0,2,12.12,75.2917,8.333661,159,0.0,0.0,0.0,1.0
728,1,12,0,0,1,1,11.585,48.3333,23.500518,364,0.0,0.0,0.0,1.0
729,1,12,1,1,0,2,11.17435,57.75,10.374682,439,0.0,0.0,0.0,1.0
