,dteday,yr,mnth,dia_anual,holiday_num,weekday_num,workingday_num,weathersit,casual,seasons_autumn,seasons_spring,seasons_summer,seasons_winter,temp,atemp,hum,windspeed
0,2018-01-01,0,1,1,1,0,0,2,331,0.0,0.0,0.0,1.0,-0.48627370395875125,-0.4563991203197833,0.8635876721463009,-0.2161203300390837
1,2018-01-02,0,1,2,0,1,1,2,131,0.0,0.0,0.0,1.0,-0.4256900795138502,-0.4928625107770049,0.33522219841749384,0.7112842310273586
2,2018-01-03,0,1,3,0,2,1,1,120,0.0,0.0,0.0,1.0,-0.9499701176001843,-1.098989843105253,-0.9108221377555562,0.7088628916582229
3,2018-01-04,0,1,4,0,3,1,1,108,0.0,0.0,0.0,1.0,-0.9385630408832013,-1.0152007634960376,-0.1734329601340337,-0.2176994644102592
4,2018-01-05,0,1,5,0,4,1,1,82,0.0,0.0,0.0,1.0,-0.853991927830475,-0.9519523091605695,-0.9123435006270803,0.06237580766143351
5,2018-01-06,0,1,6,0,5,0,1,88,0.0,0.0,0.0,1.0,-0.9249222351721335,-0.9374237541321458,-0.5209103142143917,-0.9623223802818757
6,2018-01-07,0,1,7,0,6,0,2,148,0.0,0.0,0.0,1.0,-0.9494744305481263,-1.0273097368797173,-0.6151048223832918,-0.12895211275019425
7,2018-01-08,0,1,8,0,0,1,2,68,0.0,0.0,0.0,1.0,-1.0483671346935444,-1.1991332291364107,-0.43631098390292133,0.9035701596241662
8,2018-01-09,0,1,9,0,1,1,1,54,0.0,0.0,0.0,1.0,-1.1320284423975566,-1.3690903977463962,-0.9257757867395892,1.9052256188232821
9,2018-01-10,0,1,10,0,2,1,1,41,0.0,0.0,0.0,1.0,-1.0928126946081482,-1.2410554318409202,-0.6910718627307016,0.44523167217170445
10,2018-01-11,0,1,11,0,3,1,2,43,0.0,0.0,0.0,1.0,-1.035532604757027,-1.0913954549855465,0.2884114034813211,-0.6194733586872132
11,2018-01-12,0,1,12,0,4,1,1,25,0.0,0.0,0.0,1.0,-1.0241255280400439,-1.205702245766424,-0.1295734165910395,1.3017541550973142
12,2018-01-13,0,1,13,0,5,0,1,38,0.0,0.0,0.0,1.0,-1.0483671346935444,-1.2410738737741882,-0.7512523560663138,1.2635706860022902
13,2018-01-14,0,1,14,0,6,0,1,54,0.0,0.0,0.0,1.0,-1.061324017763165,-1.1026487226655972,-0.42671580604549125,-0.5729836427998053
14,2018-01-15,0,1,15,0,0,1,2,222,0.0,0.0,0.0,1.0,-0.8339887591980535,-0.882455727833949,-0.6148448426520818,-0.24226026766327607
15,2018-01-16,0,1,16,1,1,0,1,251,0.0,0.0,0.0,1.0,-0.8392154340634258,-0.9337058603853443,-0.6870614346548164,0.07851456093484764
16,2018-01-17,0,1,17,0,2,1,2,117,0.0,0.0,0.0,1.0,-1.0143811990293317,-1.145588920086493,-0.4282853133116841,0.13730046979247534
17,2018-01-18,0,1,18,0,3,1,2,9,0.0,0.0,0.0,1.0,-0.8862743314107158,-0.9406547808406758,1.1323970853383472,-0.3600426366280217
18,2018-01-19,0,1,19,0,4,1,2,78,0.0,0.0,0.0,1.0,-0.6493892539439277,-0.6968929952926968,0.5550109889580833,0.2878446131778763
19,2018-01-20,0,1,20,0,5,0,2,83,0.0,0.0,0.0,1.0,-0.745097639368846,-0.8568657012314603,-0.42427488523579887,0.15716598018186356
20,2018-01-21,0,1,21,0,6,0,1,75,0.0,0.0,0.0,1.0,-1.0091513869041362,-1.2154395865318564,-0.815448091917278,1.813551604795305
21,2018-01-22,0,1,22,0,0,1,1,93,0.0,0.0,0.0,1.0,-1.3805075772667876,-1.50594945988188,-1.090270740003418,-0.09480070008290449
22,2018-01-23,0,1,23,0,1,1,1,150,0.0,0.0,0.0,1.0,-1.2632013540413396,-1.4330318999340705,-0.9144377817951597,0.6908712873892965
23,2018-01-24,0,1,24,0,2,1,1,86,0.0,0.0,0.0,1.0,-1.260473192899126,-1.3626172791693756,-0.6485988777541598,-0.23839665223513318
24,2018-01-25,0,1,25,0,3,1,2,186,0.0,0.0,0.0,1.0,-0.8649064547552231,-0.9325661489093904,-0.045744396594265206,-0.5387901198826178
25,2018-01-26,0,1,26,0,4,1,3,34,0.0,0.0,0.0,1.0,-0.8836609939780297,-1.0466331945577858,1.136407513414232,1.1882986143095895
26,2018-01-27,0,1,27,0,5,0,1,15,0.0,0.0,0.0,1.0,-0.9542493399989646,-0.9872501694352621,0.2938806067156618,-0.7067994894132201
27,2018-01-28,0,1,28,0,6,0,2,38,0.0,0.0,0.0,1.0,-0.9276516512182763,-0.9739092749092889,0.8020109913653028,-0.6071771657169928
28,2018-01-29,0,1,29,0,0,1,1,123,0.0,0.0,0.0,1.0,-0.9494744305481263,-1.0151860099494232,0.12171143694167581,-0.3748864997170719
29,2018-01-30,0,1,30,0,1,1,1,140,0.0,0.0,0.0,1.0,-0.886729234085073,-0.8743043933295529,0.46081648078918297,-1.1263691752970748
30,2018-01-31,0,1,31,0,2,1,2,42,0.0,0.0,0.0,1.0,-0.9986948999135685,-1.1106267029972754,-0.1093286986329397,0.06544985590398868
31,2018-02-01,0,2,32,0,3,1,2,47,0.0,0.0,0.0,1.0,-0.963115236259194,-0.9325513953627761,0.9778439495735614,-1.345022436867524
32,2018-02-02,0,2,33,0,4,1,2,72,0.0,0.0,0.0,1.0,-0.7503274514940415,-0.8592004499831719,0.7171516813226232,0.877293363687805
33,2018-02-03,0,2,34,0,5,0,1,61,0.0,0.0,0.0,1.0,-0.9794823207565814,-1.1415058760609877,-0.9081597527303885,1.0188259135950308
34,2018-02-04,0,2,35,0,6,0,2,88,0.0,0.0,0.0,1.0,-0.9030994558422836,-0.9544714772449598,-0.19855470527205157,-0.5593925596452213
35,2018-02-05,0,2,36,0,0,1,2,100,0.0,0.0,0.0,1.0,-0.8339887591980535,-0.9010968339811064,1.4573717493506528,-0.20945638299272276
36,2018-02-06,0,2,37,0,1,1,1,354,0.0,0.0,0.0,1.0,-0.6692826184825387,-0.7217932935909672,-0.2798417012303297,-0.41241725993867695
37,2018-02-07,0,2,38,0,2,1,1,120,0.0,0.0,0.0,1.0,-0.7137250411373194,-0.677580602774589,0.5386130081339954,-1.4271869037122822
38,2018-02-08,0,2,39,0,3,1,1,64,0.0,0.0,0.0,1.0,-0.8732045069874619,-1.066380816701015,-0.4262776920540082,1.9052256188232821
39,2018-02-09,0,2,40,0,4,1,2,53,0.0,0.0,0.0,1.0,-1.1431657147697487,-1.2654172256877692,-0.6339437240170719,0.08278875129949594
40,2018-02-10,0,2,41,0,5,0,1,47,0.0,0.0,0.0,1.0,-1.1131578245612932,-1.2459978699567078,-0.9102540338984679,0.4312089589556659
41,2018-02-11,0,2,42,0,6,0,1,149,0.0,0.0,0.0,1.0,-0.9727874082939736,-1.010084971207532,-0.5781877005514937,-0.7624587122159204
42,2018-02-12,0,2,43,0,0,1,1,288,0.0,0.0,0.0,1.0,-0.8679746948622663,-0.938364292728807,-0.3961874453862021,0.2357331789290837
43,2018-02-13,0,2,44,1,1,0,1,397,0.0,0.0,0.0,1.0,-0.5730032517698066,-0.6021346537757555,-0.8139652445614884,0.8412364622126307
44,2018-02-14,0,2,45,0,2,1,1,208,0.0,0.0,0.0,1.0,-0.2640521789053785,-0.32831989377446436,-1.206621298598757,0.0
45,2018-02-15,0,2,46,0,3,1,1,140,0.0,0.0,0.0,1.0,-0.7312309509505113,-0.8597278892746328,-1.5026371092179662,1.1622323696227188
46,2018-02-16,0,2,47,0,4,1,1,218,0.0,0.0,0.0,1.0,-0.5675475569373442,-0.6313208573654777,-0.9772373302007378,0.7455198641944444
47,2018-02-17,0,2,48,0,5,0,1,259,0.0,0.0,0.0,1.0,-0.19869364500963907,-0.2165322710779771,-0.5847545959842757,0.5172086168098855
48,2018-02-18,0,2,49,0,6,0,1,579,0.0,0.0,0.0,1.0,0.07058991465084659,0.09080254683098452,-0.5285845307245488,0.8837888697345738
49,2018-02-19,0,2,50,0,0,1,1,532,0.0,0.0,0.0,1.0,-0.3137244136853548,-0.35393942747018176,-0.0010038106288378095,0.0
50,2018-02-20,0,2,51,1,1,0,1,639,0.0,0.0,0.0,1.0,-0.6712151705336008,-0.7746884465898561,-1.0525929367358577,0.4448947901725204
51,2018-02-21,0,2,52,0,2,1,2,195,0.0,0.0,0.0,1.0,-0.6143805715773671,-0.7498102786115071,-0.10331064929937848,1.3356423787027414
52,2018-02-22,0,2,53,0,3,1,1,74,0.0,0.0,0.0,1.0,-0.9943372460192094,-1.1114270829011008,-0.23436932046594125,0.15483938887499837
53,2018-02-23,0,2,54,0,4,1,1,139,0.0,0.0,0.0,1.0,-0.8703621495876855,-0.8912894138692561,-0.9793316113688171,-0.9144451316603285
54,2018-02-24,0,2,55,0,5,0,2,100,0.0,0.0,0.0,1.0,-0.6384778642790027,-0.730940492491828,0.34150022748226466,0.7318866707899623
55,2018-02-25,0,2,56,0,6,0,2,120,0.0,0.0,0.0,1.0,-0.4229606634677072,-0.5049530422274167,0.4126720861206932,1.7429853535287074
56,2018-02-26,0,2,57,0,0,1,1,424,0.0,0.0,0.0,1.0,-0.6797391054731066,-0.7567555106801848,-0.4262776920540082,0.05891223960732183
57,2018-02-27,0,2,58,0,1,1,1,694,0.0,0.0,0.0,1.0,-0.48843527597690334,-0.5025629676759015,0.25777231071429446,-0.5866694740166598
58,2018-02-28,0,2,59,0,2,1,2,81,0.0,0.0,0.0,1.0,-0.2882937855588792,-0.32179882617094746,1.203154902182626,1.1444618441657564
59,2018-03-01,0,3,60,0,3,1,1,137,0.0,0.0,0.0,1.0,-0.7294113402530827,-0.8243009354670653,-0.4403214119788066,0.3732020897211512
60,2018-03-02,0,3,61,0,4,1,1,231,0.0,0.0,0.0,1.0,-0.5150329647575917,-0.617043112629497,-0.8515563879186452,1.335505520390573
61,2018-03-03,0,3,62,0,5,0,1,123,0.0,0.0,0.0,1.0,-0.9437928530083968,-1.059420831085723,-1.4834515679425728,0.4714137200457949
62,2018-03-04,0,3,63,0,6,0,2,214,0.0,0.0,0.0,1.0,-0.745097639368846,-0.8545457060263628,-0.07723083070745766,0.23551210011711904
63,2018-03-05,0,3,64,0,0,1,2,640,0.0,0.0,0.0,1.0,-0.3607833110326446,-0.40050530897153963,0.7833502239917965,0.7463620691924047
64,2018-03-06,0,3,65,0,1,1,2,114,0.0,0.0,0.0,1.0,-0.38476766238064675,-0.4467097285808472,1.5492986565306666,1.7087497203616222
65,2018-03-07,0,3,66,0,2,1,1,244,0.0,0.0,0.0,1.0,-0.744871756661579,-0.918052347427581,-0.3618267909113008,1.6883788869734577
66,2018-03-08,0,3,67,0,3,1,1,316,0.0,0.0,0.0,1.0,-0.64836650724158,-0.6822205931847838,-0.9899715225905532,-0.6350752062744273
67,2018-03-09,0,3,68,0,4,1,2,191,0.0,0.0,0.0,1.0,-0.6379100202510121,-0.7404675952180069,0.7171516813226232,0.41241725993867695
68,2018-03-10,0,3,69,0,5,0,3,46,0.0,0.0,0.0,1.0,-0.34533544366344093,-0.3750960133150758,-0.0010038106288378095,0.8517008593122871
69,2018-03-11,0,3,70,0,6,0,2,247,0.0,0.0,0.0,1.0,-0.5730032517698066,-0.6726307878854941,0.11124484554074625,0.5473806108618127
70,2018-03-12,0,3,71,0,0,1,1,724,0.0,0.0,0.0,1.0,-0.5333326013060412,-0.5960967648238564,-0.15346266522554416,0.41899698648524186
71,2018-03-13,0,3,72,0,1,1,1,982,0.0,0.0,0.0,1.0,-0.36021546700465407,-0.395666145682052,-0.47695448188206035,0.9435748970272797
72,2018-03-14,0,3,73,0,2,1,1,359,0.0,0.0,0.0,1.0,-0.5457247776074942,-0.5730443482390258,-0.6234771326161419,-0.46372859943940736
73,2018-03-15,0,3,74,0,3,1,2,289,0.0,0.0,0.0,1.0,-0.5702769729834869,-0.6240252285647107,0.1405503385754559,0.03509889328999492
74,2018-03-16,0,3,75,0,4,1,2,321,0.0,0.0,0.0,1.0,-0.4202343846813877,-0.44420900242972483,0.7224716369334907,0.2331012883104578
75,2018-03-17,0,3,76,0,5,0,1,424,0.0,0.0,0.0,1.0,-0.2640521789053785,-0.2841219565047005,-0.11333912670882496,0.3011303970206999
76,2018-03-18,0,3,77,0,6,0,1,884,0.0,0.0,0.0,1.0,0.12810529898870446,0.14622424468757061,-0.48742107328298995,0.5268202813491073
77,2018-03-19,0,3,78,0,0,1,1,1424,0.0,0.0,0.0,1.0,-0.0836597390741005,-0.07686413366713214,-1.1905699574162827,1.9706754747272708
78,2018-03-20,0,3,79,0,1,1,1,1047,0.0,0.0,0.0,1.0,-0.5228761143154733,-0.5960967648238564,-0.7352058293233061,0.2815701859430721
79,2018-03-21,0,3,80,0,2,1,2,401,0.0,1.0,0.0,0.0,-0.21562857353501716,-0.28632761172353693,0.5340778061562236,1.13495545525128
80,2018-03-22,0,3,81,0,3,1,1,460,0.0,1.0,0.0,0.0,-0.1803908712013666,-0.17233064542155954,-0.009029481220074987,0.4713716097958968
81,2018-03-23,0,3,82,0,4,1,2,203,0.0,1.0,0.0,0.0,-0.4775207490521553,-0.5511390199034565,1.025988344242051,0.5609716940163968
82,2018-03-24,0,3,83,0,5,0,2,166,0.0,1.0,0.0,0.0,-0.6718959559152248,-0.7986518946781193,0.8635876721463009,0.661257254148518
83,2018-03-25,0,3,84,0,6,0,1,300,0.0,1.0,0.0,0.0,-0.7372544898109643,-0.8522109572746512,-0.6328989906527654,0.5237462331065521
84,2018-03-26,0,3,85,0,0,1,1,981,0.0,1.0,0.0,0.0,-0.732027814945592,-0.847567278477803,-1.118353365413548,0.3010461765209038
85,2018-03-27,0,3,86,0,1,1,2,472,0.0,1.0,0.0,0.0,-0.7721533680837146,-0.8742416907564422,-0.6381322863532303,0.0350041452277244
86,2018-03-28,0,3,87,0,2,1,1,222,0.0,1.0,0.0,0.0,-0.7366866457829737,-0.8475562133178423,-1.5612480952873855,0.32876524851627165
87,2018-03-29,0,3,88,0,3,1,1,317,0.0,1.0,0.0,0.0,-0.6169939090100532,-0.7172307593004976,-1.5035085227614657,0.4844889526391283
88,2018-03-30,0,3,89,0,4,1,2,168,0.0,1.0,0.0,0.0,-0.6248370585679348,-0.7008469457853268,0.09729259996581795,-0.08513639773131028
89,2018-03-31,0,3,90,1,5,0,3,179,0.0,1.0,0.0,0.0,-0.7241846653877103,-0.8475525249311887,1.4052121121668104,0.38605624350252
90,2018-04-01,0,4,91,0,6,0,2,307,0.0,1.0,0.0,0.0,-0.6248370585679348,-0.7521007667233757,0.28786255738210054,0.8183390138305852
91,2018-04-02,0,4,92,0,0,1,2,898,0.0,1.0,0.0,0.0,-0.577778161220645,-0.6333974190514392,0.13139327470950893,0.17024121277519697
92,2018-04-03,0,4,93,0,1,1,1,1651,0.0,1.0,0.0,0.0,-0.3790860848409172,-0.40054956961138244,-0.7051155826555001,0.013033122343435368
93,2018-04-04,0,4,94,0,2,1,1,734,0.0,1.0,0.0,0.0,0.23267958067385214,0.20494336021245133,-0.9638917039986323,0.0
94,2018-04-05,0,4,95,0,3,1,2,167,0.0,1.0,0.0,0.0,-0.2666655163380647,-0.32831989377446436,0.0752232094497817,0.0
95,2018-04-06,0,4,96,0,4,1,1,413,0.0,1.0,0.0,0.0,-0.3398703370515091,-0.3679405432071443,-0.7492495492481045,0.8641865484070483
96,2018-04-07,0,4,97,0,5,0,1,571,0.0,1.0,0.0,0.0,-0.19346383288444363,-0.19795017911727691,-0.11333912670882496,-0.19647589846165986
97,2018-04-08,0,4,98,0,6,0,2,172,0.0,1.0,0.0,0.0,-0.5124196273249055,-0.6007847042605479,1.0100284774094466,0.48444684238923025
98,2018-04-09,0,4,99,0,0,1,2,879,0.0,1.0,0.0,0.0,-0.49150351608394666,-0.5378977118171298,1.2086241054169666,-0.5041860220289246
99,2018-04-10,0,4,100,0,1,1,2,1188,0.0,1.0,0.0,0.0,-0.22744976854865645,-0.22361766183949075,1.1123353160799871,-0.3601268571278178
100,2018-04-11,0,4,101,0,2,1,2,855,0.0,1.0,0.0,0.0,0.3027000826667963,0.287150121947284,0.43569473565116507,1.5106946875287863
101,2018-04-12,0,4,102,0,3,1,2,257,0.0,1.0,0.0,0.0,0.010458055620479448,0.020985075865503022,0.5426282506493479,0.9885802266057827
102,2018-04-13,0,4,103,0,4,1,2,209,0.0,1.0,0.0,0.0,-0.27189532846326014,-0.2584876692623689,0.9277834079972658,0.7331605058493771
103,2018-04-14,0,4,104,0,5,0,1,529,0.0,1.0,0.0,0.0,-0.09934603818986369,-0.09081730037759851,-0.41424159338688576,-0.7398244528957377
104,2018-04-15,0,4,105,0,6,0,1,642,0.0,1.0,0.0,0.0,-0.16470457208560316,-0.16764270598486844,0.21564596537936598,0.47795133634246173
105,2018-04-16,0,4,106,0,0,1,3,121,0.0,1.0,0.0,0.0,-0.21437994412540254,-0.22820970322318893,1.2607789281613413,1.6826518929873278
106,2018-04-17,0,4,107,0,1,1,1,1558,0.0,1.0,0.0,0.0,-0.1333319738540765,-0.15368953927440207,-0.7071232039131761,1.2898474819386507
107,2018-04-18,0,4,108,0,2,1,1,669,0.0,1.0,0.0,0.0,0.04183065385200609,0.058208273973360675,-0.40421311597743925,-0.1832638075561579
108,2018-04-19,0,4,109,0,3,1,2,409,0.0,1.0,0.0,0.0,0.020914542611047474,0.006983960128540446,0.1895661467874448,-0.24217604716348
109,2018-04-20,0,4,110,0,4,1,1,613,0.0,1.0,0.0,0.0,0.30065458926210087,0.2841072029580862,-0.05917668270677401,0.6416549328209918
110,2018-04-21,0,4,111,0,5,0,1,745,0.0,1.0,0.0,0.0,-0.1254888242961949,-0.12345952226171857,-1.0561700652597266,1.5189482965087975
111,2018-04-22,0,4,112,0,6,0,2,177,0.0,1.0,0.0,0.0,-0.5098031526323962,-0.6100978805608194,0.49648666279906684,0.40579542314221434
112,2018-04-23,0,4,113,0,0,1,2,1462,0.0,1.0,0.0,0.0,-0.12287548686350874,-0.13736842833234217,1.2587761213431325,0.5237462331065521
113,2018-04-24,0,4,114,0,1,1,2,1710,0.0,1.0,0.0,0.0,0.2588255040400065,0.2375265679101141,0.8876598694805459,0.11790869971443974
114,2018-04-25,0,4,115,0,2,1,1,773,0.0,1.0,0.0,0.0,0.33725699961882294,0.32138941525240117,0.7231697306561844,0.045879117263886465
115,2018-04-26,0,4,116,0,3,1,1,678,0.0,1.0,0.0,0.0,0.41568849519763973,0.393619091089319,0.4944838559808582,1.5320235291021305
116,2018-04-27,0,4,117,0,4,1,2,547,0.0,1.0,0.0,0.0,0.37908608484091766,0.323757359483995,1.0060180493335615,1.38147938571673
117,2018-04-28,0,4,118,0,5,0,2,569,0.0,1.0,0.0,0.0,0.37124293528303576,0.33772527974107536,0.35807152812715887,1.4731533997447068
118,2018-04-29,0,4,119,0,6,0,1,878,0.0,1.0,0.0,0.0,0.033987504294124504,0.037247172621105884,-0.815448091917278,0.6220526114934664
119,2018-04-30,0,4,120,0,0,1,1,1965,0.0,1.0,0.0,0.0,-0.0836597390741005,-0.0860998538476789,-0.592780266575513,0.5695411298706428
120,2018-05-01,0,5,121,0,1,1,2,1138,0.0,1.0,0.0,0.0,-0.14901827296983997,-0.1444390655472413,0.6529559454716585,-0.7855772394099303
121,2018-05-02,0,5,122,0,2,1,2,847,0.0,1.0,0.0,0.0,0.15686455978754493,0.16770540855797916,0.4984942840567431,0.026097827374294336
122,2018-05-03,0,5,123,0,3,1,2,603,0.0,1.0,0.0,0.0,0.3686295978503496,0.34934369769983015,0.3400173801264752,1.7022226316274298
123,2018-05-04,0,5,124,0,4,1,2,255,0.0,1.0,0.0,0.0,-0.2666655163380647,-0.30508305785695505,0.5325949588004341,1.5583003250384917
124,2018-05-05,0,5,125,0,5,0,1,614,0.0,1.0,0.0,0.0,-0.1254888242961949,-0.16762795243825418,-0.8776313920710994,1.2045321156452742
125,2018-05-06,0,5,126,0,6,0,1,894,0.0,1.0,0.0,0.0,-0.06274362783314161,-0.04886190219320673,-0.17552724130211309,0.49764840573225777
126,2018-05-07,0,5,127,0,0,1,1,1612,0.0,1.0,0.0,0.0,0.06536010252565115,0.09315573751596379,-0.4102311653110005,-0.21607821978918568
127,2018-05-08,0,5,128,0,1,1,1,1401,0.0,1.0,0.0,0.0,0.09150288863198236,0.11643683407331615,0.025076007963083017,-1.1194746746325226
128,2018-05-09,0,5,129,0,2,1,1,664,0.0,1.0,0.0,0.0,0.1045758503150594,0.1397216190173217,-0.1815452906356743,-0.05237462331065527
129,2018-05-10,0,5,130,0,3,1,1,694,0.0,1.0,0.0,0.0,0.1045758503150594,0.1304084427170502,-0.6609816160628956,-0.6874919398349806
130,2018-05-11,0,5,131,0,4,1,1,550,0.0,1.0,0.0,0.0,0.13594844854658605,0.15135479052269074,0.03109405729664423,-0.6351594267742233
131,2018-05-12,0,5,132,0,5,0,1,695,0.0,1.0,0.0,0.0,0.11241899987294099,0.132776386948644,0.5827469747266001,0.09150557302838497
132,2018-05-13,0,5,133,0,6,0,2,692,0.0,1.0,0.0,0.0,0.04183065385200609,0.025580805635854884,1.140417941490117,-0.013159453093129485
133,2018-05-14,0,5,134,0,0,1,2,902,0.0,1.0,0.0,0.0,0.06797343995833731,0.048924604766317714,1.4252738814251704,-0.4845310628890263
134,2018-05-15,0,5,135,0,1,1,2,1582,0.0,1.0,0.0,0.0,0.19869364500963935,0.17938652908984468,1.1584720894908005,-0.2947296390362016
135,2018-05-16,0,5,136,0,2,1,1,773,0.0,1.0,0.0,0.0,0.24575254235692917,0.23291239620649454,0.7773321746582353,-0.5695832401205408
136,2018-05-17,0,5,137,0,3,1,2,678,0.0,1.0,0.0,0.0,0.1960803075769532,0.18871445893673042,1.018054148000684,1.0146359437301786
137,2018-05-18,0,5,138,0,4,1,2,536,0.0,1.0,0.0,0.0,0.1594778972202311,0.14677381429895314,1.1725158094155994,0.2159939992893896
138,2018-05-19,0,5,139,0,5,0,2,735,0.0,1.0,0.0,0.0,0.09934603818986396,0.08622525899390035,0.977930609483964,-0.7660065007698282
139,2018-05-20,0,5,140,0,6,0,1,909,0.0,1.0,0.0,0.0,0.11764881199813669,0.15372273475428452,0.4483422681305771,-0.5891434511981684
140,2018-05-21,0,5,141,0,0,1,1,2258,0.0,1.0,0.0,0.0,0.32418403793574596,0.31207623895212944,0.0010038106288381514,-0.6350752062744273
141,2018-05-22,0,5,142,0,1,1,1,1576,0.0,1.0,0.0,0.0,0.32941385006094137,0.32138941525240117,0.5927754521360463,-0.34706215209695884
142,2018-05-23,0,5,143,0,2,1,2,836,0.0,1.0,0.0,0.0,0.41568849519763973,0.3796511708322386,0.883649441404661,0.5565606453395799
143,2018-05-24,0,5,144,0,3,1,2,659,0.0,1.0,0.0,0.0,0.504576477767024,0.4331954798821562,0.5506491068011178,0.2749483491466095
144,2018-05-25,0,5,145,0,4,1,1,740,0.0,1.0,0.0,0.0,0.5071898151997101,0.4727681802883399,0.3360069520505903,-0.28152807569317434
145,2018-05-26,0,5,146,0,5,0,1,758,0.0,1.0,0.0,0.0,0.6562096567994617,0.6171537642291045,0.24573621204717205,0.1965180087115579
146,2018-05-27,0,5,147,0,6,0,1,871,0.0,1.0,0.0,0.0,0.5725514863552726,0.5519430881939357,0.13139327470950893,0.6285375899777604
147,2018-05-28,0,5,148,0,0,1,1,2001,0.0,1.0,0.0,0.0,0.49150351608394693,0.4611018133030889,0.49648666279906684,0.5170822860601915
148,2018-05-29,0,5,149,1,1,0,1,2355,0.0,1.0,0.0,0.0,0.528105926440669,0.4727976873815684,0.9257757867395895,0.34702004184706076
149,2018-05-30,0,5,150,0,2,1,1,1549,0.0,1.0,0.0,0.0,0.7346411523782782,0.6776580588943142,0.28184450804853933,-0.5237462331065521
150,2018-05-31,0,5,151,0,3,1,1,673,0.0,1.0,0.0,0.0,0.8653613574295803,0.8779042587034405,0.04914820529732788,-0.733202616099275
151,2018-06-01,0,6,152,0,4,1,2,513,0.0,1.0,0.0,0.0,0.8313754217653675,0.8616163432412622,0.24372859078949574,0.2749483491466095
152,2018-06-02,0,6,153,0,5,0,1,736,0.0,1.0,0.0,0.0,0.6771257680404207,0.57751836124981,-1.5476424893540703,1.1718440341619403
153,2018-06-03,0,6,154,0,6,0,1,898,0.0,1.0,0.0,0.0,0.37908608484091766,0.36798480384698734,-1.310930944087507,0.7595215222855338
154,2018-06-04,0,6,155,0,0,1,1,1869,0.0,1.0,0.0,0.0,0.42614498218820746,0.3958800721079593,-0.8194585199931632,-0.6088405205879643
155,2018-06-05,0,6,156,0,1,1,2,1685,0.0,1.0,0.0,0.0,0.4679740674103019,0.4774229242451488,0.12537522537594772,-0.44513692410943423
156,2018-06-06,0,6,157,0,2,1,1,673,0.0,1.0,0.0,0.0,0.5620918621048818,0.4960640303923063,-0.12738284663362334,-0.6219578634311959
157,2018-06-07,0,6,158,0,3,1,1,763,0.0,1.0,0.0,0.0,0.6535963193667756,0.6218085081859134,-0.13741132404306983,0.07193483438828276
158,2018-06-08,0,6,159,0,4,1,1,676,0.0,1.0,0.0,0.0,0.8679746948622664,0.8848974397986147,-0.021065579887197417,-0.4648761037491283
159,2018-06-09,0,6,160,0,5,0,2,563,0.0,1.0,0.0,0.0,0.969935639114728,0.9966555554018734,-0.2798417012303297,-0.3273229724572647
160,2018-06-10,0,6,161,0,6,0,1,815,0.0,1.0,0.0,0.0,0.802616160966527,0.7964241091393615,-0.10331064929937848,-0.4255346027819084
161,2018-06-11,0,6,162,0,0,1,1,1729,0.0,1.0,0.0,0.0,0.7084983662719473,0.7032775925900313,0.13540370278539385,-0.27503256964640554
162,2018-06-12,0,6,163,0,1,1,1,1467,0.0,1.0,0.0,0.0,0.6065374220194855,0.5752426266845555,0.5847545959842765,-0.1832638075561579
163,2018-06-13,0,6,164,0,2,1,1,863,0.0,1.0,0.0,0.0,0.42614498218820746,0.42154386644351943,-0.6349066119104414,1.3093655827663804
164,2018-06-14,0,6,165,0,3,1,1,727,0.0,1.0,0.0,0.0,0.32941385006094137,0.3842616541492047,-0.5747261185748292,0.9296679869984605
165,2018-06-15,0,6,166,0,4,1,1,769,0.0,1.0,0.0,0.0,0.40000219608187626,0.37027529195885617,-0.7452343067327526,-0.13752154860444
166,2018-06-16,0,6,167,0,5,0,2,545,0.0,1.0,0.0,0.0,0.4052288709472486,0.39827752343278156,0.29789103479154666,0.2684107328499429
167,2018-06-17,0,6,168,0,6,0,1,863,0.0,1.0,0.0,0.0,0.47059054210281115,0.41685592700682833,0.5265769094668729,-0.3994788856575121
168,2018-06-18,0,6,169,0,0,1,1,1807,0.0,1.0,0.0,0.0,0.6196103837025628,0.5775626218896528,0.21163553730348106,-0.6481504388677607
169,2018-06-19,0,6,170,0,1,1,2,1639,0.0,1.0,0.0,0.0,0.6274535332604444,0.5845410494382127,0.1935813893027974,-0.8314142464239188
170,2018-06-20,0,6,171,0,2,1,2,699,0.0,1.0,0.0,0.0,0.42614498218820746,0.39827752343278156,0.5767289253930389,-0.26845284309984097
171,2018-06-21,0,6,172,0,3,1,2,774,0.0,0.0,1.0,0.0,0.5699350116627634,0.5542962788789152,0.6930794839883784,-0.10474924662131053
172,2018-06-22,0,6,173,0,4,1,1,661,0.0,0.0,1.0,0.0,0.7346411523782782,0.7615209062366013,0.3901693960526412,-0.0917266518403496
173,2018-06-23,0,6,174,0,5,0,2,746,0.0,0.0,1.0,0.0,0.7189548532625151,0.7615356597832156,0.3701076267942813,0.6087984103380664
174,2018-06-24,0,6,175,0,6,0,1,969,0.0,0.0,1.0,0.0,0.7058850288392612,0.624143256937625,-0.2557695038960848,0.4321564395783711
175,2018-06-25,0,6,176,0,0,1,1,1782,0.0,0.0,1.0,0.0,0.6143805715773674,0.5751983660447126,-0.6890690559124923,0.3010461765209038
176,2018-06-26,0,6,177,0,1,1,1,1920,0.0,0.0,1.0,0.0,0.5673216742300773,0.5542335763058045,-0.5446358719070232,-0.9100203971522945
177,2018-06-27,0,6,178,0,2,1,2,854,0.0,0.0,1.0,0.0,0.5751648237879591,0.5519283346473214,0.15345785078607752,-0.7725862273163929
178,2018-06-28,0,6,179,0,3,1,1,732,0.0,0.0,1.0,0.0,0.7686302253023142,0.7568329667999097,0.03711210663020545,-0.3862773223144846
179,2018-06-29,0,6,180,0,4,1,1,848,0.0,0.0,1.0,0.0,0.7189548532625151,0.6171537642291045,-0.6188552707279671,0.8511113158137151
180,2018-06-30,0,6,181,0,5,0,1,1027,0.0,0.0,1.0,0.0,0.6196103837025628,0.5519430881939357,-0.9257757867395892,0.04565803845192183
181,2018-07-01,0,7,182,0,6,0,1,1246,0.0,0.0,1.0,0.0,0.7006552167140655,0.6078368995421793,-1.1083248880041014,-0.8250134884394206
182,2018-07-02,0,7,183,0,0,1,1,2204,0.0,0.0,1.0,0.0,0.7503274514940417,0.6637012037971944,-0.8756285852528901,-0.6939032253819533
183,2018-07-03,0,7,184,0,1,1,2,2282,0.0,0.0,1.0,0.0,0.6823555801656161,0.6683743896872713,0.2698084093814169,0.5040912739666541
184,2018-07-04,0,7,185,1,2,0,2,3065,0.0,0.0,1.0,0.0,0.7137281783971428,0.6567264646352882,0.055166254630889096,-1.0474482504507114
185,2018-07-05,0,7,186,1,3,0,1,1031,0.0,0.0,1.0,0.0,0.7764733748601961,0.7707750683504152,-0.1735196200444371,-0.5760366359174113
186,2018-07-06,0,7,187,0,4,1,1,784,0.0,0.0,1.0,0.0,0.6928120671561838,0.7312908892239176,0.5626852054682402,-0.3273229724572647
187,2018-07-07,0,7,188,0,5,0,1,754,0.0,0.0,1.0,0.0,0.7869298618507639,0.735857111901041,0.1193571760423865,-0.22923767288231517
188,2018-07-08,0,7,189,0,6,0,2,692,0.0,0.0,1.0,0.0,0.658826131491971,0.6754118314222882,0.6328989906527661,0.46483399349923027
189,2018-07-09,0,7,190,0,0,1,1,1988,0.0,0.0,1.0,0.0,0.7346411523782782,0.6520827858384399,-0.08324888004101887,-0.13752154860444
190,2018-07-10,0,7,191,0,1,1,1,1743,0.0,0.0,1.0,0.0,0.7790867122928822,0.7474902834064097,-0.23169730656183998,0.026276795936360932
191,2018-07-11,0,7,192,0,2,1,1,723,0.0,0.0,1.0,0.0,0.826145609640172,0.8942106160988861,0.045132962781975955,1.0670947875406298
192,2018-07-12,0,7,193,0,3,1,1,662,0.0,0.0,1.0,0.0,0.9254932164599476,0.9291433260948747,-0.3239708533834675,0.20296087694595422
193,2018-07-13,0,7,194,0,4,1,1,748,0.0,0.0,1.0,0.0,0.7764733748601961,0.745199795294541,0.025076007963083017,-0.3668013317366532
194,2018-07-14,0,7,195,0,5,0,1,888,0.0,0.0,1.0,0.0,0.5699350116627634,0.5449204000055328,-0.7231697306561837,0.6284112592280666
195,2018-07-15,0,7,196,0,6,0,1,1318,0.0,0.0,1.0,0.0,0.515032964757592,0.5053329460527349,-0.16950919196855185,0.019560211077627492
196,2018-07-16,0,7,197,0,0,1,1,2418,0.0,0.0,1.0,0.0,0.5882377854710361,0.5565720134441697,-0.19959943863635793,0.288107802239739
197,2018-07-17,0,7,198,0,1,1,1,2006,0.0,0.0,1.0,0.0,0.6901987297234977,0.673014380097466,-0.10732107737526374,0.6743745969917494
198,2018-07-18,0,7,199,0,2,1,1,841,0.0,0.0,1.0,0.0,0.7764733748601961,0.7987588578910729,0.1193571760423865,0.3666644734244846
199,2018-07-19,0,7,200,0,3,1,1,752,0.0,0.0,1.0,0.0,0.870591169554776,0.959402850200787,0.1153467479665016,-0.530325959653117
200,2018-07-20,0,7,201,0,4,1,1,644,0.0,0.0,1.0,0.0,0.8444452461886217,0.9570828549956897,0.38816177479496494,-0.7070100406627101
201,2018-07-21,0,7,202,0,5,0,2,632,0.0,0.0,1.0,0.0,0.9908517503556868,1.2503870500744598,0.3119347547163454,0.43211432932847305
202,2018-07-22,0,7,203,0,6,0,1,562,0.0,0.0,1.0,0.0,1.0954260320408347,1.3039608662176063,-0.22166401471292685,-0.504007053466858
203,2018-07-23,0,7,204,0,0,1,1,987,0.0,0.0,1.0,0.0,1.098042506733344,1.168932719216956,-0.6088267933185206,-0.5237883433564502
204,2018-07-24,0,7,205,0,1,1,1,1050,0.0,0.0,1.0,0.0,1.037910647702977,1.1340479582474636,-0.3640943919001867,-0.12426734744903999
205,2018-07-25,0,7,206,0,2,1,1,568,0.0,0.0,1.0,0.0,0.7660137506098049,0.86158314776138,0.6288837481374135,-0.9492355673698202
206,2018-07-26,0,7,207,0,3,1,1,750,0.0,0.0,1.0,0.0,0.8549048704390125,0.7731393241953559,-0.41223878656867646,0.20300298719585227
207,2018-07-27,0,7,208,0,4,1,1,755,0.0,0.0,1.0,0.0,0.8653613574295803,0.7498582276380035,-1.0762270200786195,0.026192575436564853
208,2018-07-28,0,7,209,1,5,0,1,606,0.0,0.0,1.0,0.0,0.8784343191126576,0.9314485677533577,-0.2076251092275951,-0.026276795936360932
209,2018-07-29,0,7,210,0,6,0,1,670,0.0,0.0,1.0,0.0,1.0640534338093082,1.1013614757235004,-0.40421311597743925,-0.0719769446381808
210,2018-07-30,0,7,211,0,0,1,1,1559,0.0,0.0,1.0,0.0,0.956865814691474,0.8895374302088093,-0.7733217465823494,-0.13094182205787538
211,2018-07-31,0,7,212,0,1,1,1,1524,0.0,0.0,1.0,0.0,0.9620924895568463,0.8941811090056576,-0.7011051545796149,-0.17014646471292644
212,2018-08-01,0,8,213,0,2,1,1,729,0.0,0.0,1.0,0.0,0.8549048704390125,0.7964241091393615,-0.3640943919001867,-0.25537761050650754
213,2018-08-02,0,8,214,0,3,1,1,801,0.0,0.0,1.0,0.0,0.8915041435359115,0.8103625223032133,-0.6509531386534492,0.26187311655327605
214,2018-08-03,0,8,215,0,4,1,2,467,0.0,0.0,1.0,0.0,0.7294144775129059,0.7102818388451666,0.1494474227101926,-0.47786711584266567
215,2018-08-04,0,8,216,0,5,0,2,799,0.0,0.0,1.0,0.0,0.6614394689246572,0.6544064694301909,0.6308913693950898,0.170283323025095
216,2018-08-05,0,8,217,0,6,0,1,1023,0.0,0.0,1.0,0.0,0.6640528063573433,0.6240842427511679,0.021060765447731094,0.039173059967627745
217,2018-08-06,0,8,218,0,0,1,2,1521,0.0,0.0,1.0,0.0,0.6823555801656161,0.6963286721347,0.6188552707279674,0.4976905159821558
218,2018-08-07,0,8,219,0,1,1,1,1298,0.0,0.0,1.0,0.0,0.7634004131771187,0.8406847489822362,0.6088267933185213,0.21594136147701712
219,2018-08-08,0,8,220,0,2,1,1,846,0.0,0.0,1.0,0.0,0.8339887591980536,0.7963909136594792,-0.1654987638926666,0.11790869971443974
220,2018-08-09,0,8,221,0,3,1,1,907,0.0,0.0,1.0,0.0,0.8653613574295803,0.873249514746631,-0.2698084093814166,-0.31428985011382937
221,2018-08-10,0,8,222,0,4,1,1,884,0.0,0.0,1.0,0.0,0.8392185713232494,0.7288934378990953,-0.9739201814080788,0.20300298719585227
222,2018-08-11,0,8,223,0,5,0,1,812,0.0,0.0,1.0,0.0,0.6849689175983023,0.6054726436972392,-0.9759278026657547,-0.17032543327499305
223,2018-08-12,0,8,224,0,6,0,1,1051,0.0,0.0,1.0,0.0,0.6562096567994617,0.6147710664508964,-1.0180541480006833,-0.58274269321367
224,2018-08-13,0,8,225,0,0,1,2,1504,0.0,0.0,1.0,0.0,0.5856213107785269,0.5845853100780559,0.49648666279906684,0.32086957666039395
225,2018-08-14,0,8,226,0,1,1,2,1338,0.0,0.0,1.0,0.0,0.5568651872395095,0.5053956486258457,0.9197577374060283,0.43855719756286937
226,2018-08-15,0,8,227,0,2,1,1,775,0.0,0.0,1.0,0.0,0.5228761143154735,0.47507342194682295,0.4122339721292098,0.29455067047413497
227,2018-08-16,0,8,228,0,3,1,1,721,0.0,0.0,1.0,0.0,0.6326802081258167,0.5845078539583305,-0.23169730656183998,0.58274269321367
228,2018-08-17,0,8,229,0,4,1,1,668,0.0,0.0,1.0,0.0,0.7032685541467516,0.6613517014988686,-0.2457362120471717,-0.39276230079877894
229,2018-08-18,0,8,230,0,5,0,1,639,0.0,0.0,1.0,0.0,0.6666692810498527,0.6450748511966514,0.13540370278539385,0.5498861707307445
230,2018-08-19,0,8,231,0,6,0,2,797,0.0,0.0,1.0,0.0,0.5830079733458408,0.5379751679368551,0.4643936093130521,-0.43865194562513987
231,2018-08-20,0,8,232,0,0,1,1,1914,0.0,0.0,1.0,0.0,0.6222237211352489,0.5961594673969677,0.2296896853041647,-0.8054427497993185
232,2018-08-21,0,8,233,0,1,1,1,1249,0.0,0.0,1.0,0.0,0.6640528063573433,0.6940086769296027,0.691071862730702,0.7135476569593768
233,2018-08-22,0,8,234,0,2,1,1,833,0.0,0.0,1.0,0.0,0.6039240845867994,0.5565388179642875,-0.7532599773239897,1.0082772959955784
234,2018-08-23,0,8,235,0,3,1,1,1281,0.0,0.0,1.0,0.0,0.4444446187366568,0.4378207167457365,-0.8234689480690485,-0.3601689673777158
235,2018-08-24,0,8,236,0,4,1,1,949,0.0,0.0,1.0,0.0,0.5464055629891187,0.5286472380899693,-0.10331064929937848,0.7593846639733652
236,2018-08-25,0,8,237,0,5,0,2,435,0.0,0.0,1.0,0.0,0.5803946359131545,0.5845705565314417,0.6990975333219396,0.3143319603637274
237,2018-08-26,0,8,238,0,6,0,1,768,0.0,0.0,1.0,0.0,0.6300668706931306,0.6357616748963795,0.6489455173957736,-1.0213051545577767
238,2018-08-27,0,8,239,0,0,1,2,226,0.0,0.0,1.0,0.0,0.5673216742300773,0.5465875507729477,1.07622702007862,2.0491058151623225
239,2018-08-28,0,8,240,0,1,1,1,1415,0.0,0.0,1.0,0.0,0.6522127877847654,0.5923346104372125,-0.31146293964859395,1.3020910370964984
240,2018-08-29,0,8,241,0,2,1,1,729,0.0,0.0,1.0,0.0,0.4313747943134029,0.444795455907643,-0.34604024389950305,-0.22265794633575028
241,2018-08-30,0,8,242,0,3,1,1,775,0.0,0.0,1.0,0.0,0.4392179438712845,0.3959095792011878,-0.3761304905673092,-0.5891960890105408
242,2018-08-31,0,8,243,0,4,1,1,688,0.0,0.0,1.0,0.0,0.4941199907764562,0.456461822892894,-0.13741132404306983,-1.0279290968667345
243,2018-09-01,0,9,244,0,5,0,1,783,0.0,0.0,1.0,0.0,0.4888901786512608,0.4704776921764711,0.061184303964450314,-0.41245937018857504
244,2018-09-02,0,9,245,0,6,0,2,875,0.0,0.0,1.0,0.0,0.4522877682945387,0.43317703794888845,0.4844505641319444,-0.4321143293284733
245,2018-09-03,0,9,246,0,0,1,1,1935,0.0,0.0,1.0,0.0,0.5333357385658645,0.5379456608436265,0.43430336264524605,0.04579489676409038
246,2018-09-04,0,9,247,1,1,0,1,2521,0.0,0.0,1.0,0.0,0.658826131491971,0.656770725275131,0.556667156134679,0.26836862260004485
247,2018-09-05,0,9,248,0,2,1,2,1236,0.0,0.0,1.0,0.0,0.5464055629891187,0.5100356390360403,0.7893682733253577,0.3339448092537274
248,2018-09-06,0,9,249,0,3,1,3,204,0.0,0.0,1.0,0.0,0.12810529898870446,0.10266808669552852,1.2541542594549575,1.7156558013448961
249,2018-09-07,0,9,250,0,4,1,3,118,0.0,0.0,1.0,0.0,0.3137275509451782,0.20973826286209593,1.399194062833249,-0.8838330854969669
250,2018-09-08,0,9,251,0,5,0,3,153,0.0,0.0,1.0,0.0,0.42273478076044047,0.25079738308966937,1.5074322909269484,0.1239409930123304
251,2018-09-09,0,9,252,0,6,0,2,417,0.0,0.0,1.0,0.0,0.4732038795354973,0.33778798231418605,1.3069205160116224,-0.5958179258070037
252,2018-09-10,0,9,253,0,0,1,1,1750,0.0,0.0,1.0,0.0,0.504576477767024,0.44481020945425725,0.6128372213944062,-0.288107802239739
253,2018-09-11,0,9,254,0,1,1,1,1633,0.0,0.0,1.0,0.0,0.48366036652606537,0.4494833953443341,0.4202596427204473,-0.6939874458817492
254,2018-09-12,0,9,255,0,2,1,1,690,0.0,0.0,1.0,0.0,0.45547208701503866,0.42329953849062024,0.31638329678371374,-0.9691884565277469
255,2018-09-13,0,9,256,0,3,1,1,701,0.0,0.0,1.0,0.0,0.47581721696818347,0.4285518010853081,0.4142415933868861,-0.4123751496887789
256,2018-09-14,0,9,257,0,4,1,1,647,0.0,0.0,1.0,0.0,0.5464055629891187,0.5146608758996207,0.3400173801264752,-0.14396441683883632
257,2018-09-15,0,9,258,0,5,0,2,428,0.0,0.0,1.0,0.0,0.24575254235692917,0.24456400964513128,0.39819506664387877,0.9492808358884608
258,2018-09-16,0,9,259,0,6,0,2,742,0.0,0.0,1.0,0.0,-0.09411622606466825,-0.09549048626767535,-0.1735196200444371,-0.17677882907186382
259,2018-09-17,0,9,260,0,0,1,2,1434,0.0,0.0,1.0,0.0,-0.02352788004373336,-0.032651442850754026,0.4423242187970159,0.09158979352818104
260,2018-09-18,0,9,261,0,1,1,1,1353,0.0,0.0,1.0,0.0,0.02614435473624291,0.01170140665846006,0.3299889027170291,-0.026234685686462894
261,2018-09-19,0,9,262,0,2,1,2,691,0.0,0.0,1.0,0.0,0.15686455978754493,0.1560574835059961,0.3059167053827842,-0.30775223381716255
262,2018-09-20,0,9,263,0,3,1,2,438,0.0,0.0,1.0,0.0,0.1960803075769532,0.1654333623793783,1.2266782534176504,-0.4844889526391283
263,2018-09-21,0,9,264,0,4,1,2,539,0.0,0.0,1.0,0.0,0.30065458926210087,0.23298985232621952,1.3169489934210685,-0.8903243805187459
264,2018-09-22,0,9,265,0,5,0,2,555,0.0,0.0,1.0,0.0,0.4052288709472486,0.24932940520154737,1.3269774708305146,-0.5563816767775133
265,2018-09-23,0,9,266,0,6,0,2,258,1.0,0.0,0.0,0.0,0.34510014917670484,0.12821016427152065,1.665995854767619,-1.0802152886526037
266,2018-09-24,0,9,267,0,0,1,2,1776,1.0,0.0,0.0,0.0,0.33725699961882294,0.2841809706911578,1.136407513414232,-1.080040531115527
267,2018-09-25,0,9,268,0,1,1,2,1544,1.0,0.0,0.0,0.0,0.4235316447555213,0.3145179509167948,1.0521548227443749,-1.3748554434077724
268,2018-09-26,0,9,269,0,2,1,2,684,1.0,0.0,0.0,0.0,0.47059054210281115,0.37502593396865824,1.0682013494873823,-0.7398244528957377
269,2018-09-27,0,9,270,0,3,1,2,477,1.0,0.0,0.0,0.0,0.4313747943134029,0.32148162491874044,1.2467400226760101,-0.6611730336487217
270,2018-09-28,0,9,271,0,4,1,2,480,1.0,0.0,0.0,0.0,0.42614498218820746,0.323816373670452,1.0702089707450586,-0.34052453580029224
271,2018-09-29,0,9,272,0,5,0,1,653,1.0,0.0,0.0,0.0,0.3686295978503496,0.321433675892244,0.350050671975389,-0.08518903554368276
272,2018-09-30,0,9,273,0,6,0,1,830,1.0,0.0,0.0,0.0,0.20392345713483478,0.21195129485423975,0.10130302804170287,0.26845284309984063
273,2018-10-01,0,10,274,0,0,1,2,480,1.0,0.0,0.0,0.0,-0.279738478021142,-0.27479033827116106,0.6128372213944062,1.171938782224211
274,2018-10-02,0,10,275,0,1,1,2,616,1.0,0.0,0.0,0.0,-0.44705795616934285,-0.5239261031733957,0.795386322658919,0.4320301088286772
275,2018-10-03,0,10,276,0,2,1,2,330,1.0,0.0,0.0,0.0,-0.3607833110326446,-0.35157148323858795,0.6469378961380972,-1.027797502335803
276,2018-10-04,0,10,277,0,3,1,1,486,1.0,0.0,0.0,0.0,-0.047057328717378145,-0.053505580990055056,0.40220549471976363,0.2619152268031741
277,2018-10-05,0,10,278,0,4,1,1,559,1.0,0.0,0.0,0.0,0.12287548686350902,0.1467000465658816,0.10331064929937916,-0.03921517021752578
278,2018-10-06,0,10,279,0,5,0,1,639,1.0,0.0,0.0,0.0,-0.015684730485851766,-0.02559555918246914,-0.027083629220758635,-0.4844889526391283
279,2018-10-07,0,10,280,0,6,0,1,949,1.0,0.0,0.0,0.0,0.03660084172681066,0.06284826438355531,0.2778340799726544,-1.6694955981629405
280,2018-10-08,0,10,281,0,0,1,1,2235,1.0,0.0,0.0,0.0,0.07058991465084659,0.09544622562783259,0.36007914938483515,-1.4272300667184272
281,2018-10-09,0,10,282,0,1,1,1,2397,1.0,0.0,0.0,0.0,0.13071863642139062,0.1350631866738591,0.48645818538962066,-1.237251779816031
282,2018-10-10,0,10,283,0,2,1,1,1514,1.0,0.0,0.0,0.0,0.22483643111597054,0.20492860666583682,0.5165484320574267,-1.4598655103893885
283,2018-10-11,0,10,284,0,3,1,2,667,1.0,0.0,0.0,0.0,0.21176660669271638,0.2166244807443166,0.8776313920710997,-0.3993420273453436
284,2018-10-12,0,10,285,0,4,1,3,217,1.0,0.0,0.0,0.0,0.1385617859792722,0.11195175590257148,1.3470392400888747,0.7071890092247766
285,2018-10-13,0,10,286,0,5,0,2,290,1.0,0.0,0.0,0.0,0.2823549527136515,0.23767779176291062,1.300902466678061,-0.41255411825084554
286,2018-10-14,0,10,287,0,6,0,2,529,1.0,0.0,0.0,0.0,0.16209123465291725,0.1560574835059961,0.43229574138756977,0.4517166506559988
287,2018-10-15,0,10,288,0,0,1,1,1899,1.0,0.0,0.0,0.0,0.023531017303556747,0.04190191657791504,-0.6890690559124923,0.8117592872840208
288,2018-10-16,0,10,289,0,1,1,1,1748,1.0,0.0,0.0,0.0,0.039217316419319935,0.05823778106658919,-0.673017714730018,1.0605676988064379
289,2018-10-17,0,10,290,0,2,1,1,713,1.0,0.0,0.0,0.0,0.10980566244025483,0.08616255642078963,-0.22567925722827875,-0.05891223960732183
290,2018-10-18,0,10,291,0,3,1,2,637,1.0,0.0,0.0,0.0,0.1045758503150594,0.1304084427170502,0.36208677064251144,-0.7462778486926084
291,2018-10-19,0,10,292,0,4,1,3,254,1.0,0.0,0.0,0.0,0.1335609938211669,0.09768138793989779,1.2939215294511297,0.6565409061599398
292,2018-10-20,0,10,293,0,5,0,1,471,1.0,0.0,0.0,0.0,-0.07320325208353247,-0.07686413366713214,0.04714058403965192,0.0
293,2018-10-21,0,10,294,0,6,0,1,676,1.0,0.0,0.0,0.0,-0.2248364311159703,-0.23520288431836306,-0.2517542613807329,0.4255346027819084
294,2018-10-22,0,10,295,0,0,1,1,1499,1.0,0.0,0.0,0.0,-0.24052273023173348,-0.22820970322318893,0.013039909295960583,-0.9296711452672028
295,2018-10-23,0,10,296,0,1,1,1,1619,1.0,0.0,0.0,0.0,-0.24313606766441964,-0.23986131666182567,0.5526567280587941,-0.8576015580792463
296,2018-10-24,0,10,297,0,2,1,1,699,1.0,0.0,0.0,0.0,-0.11241899987294099,-0.1117488946366248,0.7011003401401481,-0.654635417352055
297,2018-10-25,0,10,298,0,3,1,1,695,1.0,0.0,0.0,0.0,-0.08627307650678666,-0.08848255162588695,-0.017050337371845498,-0.15072311194746751
298,2018-10-26,0,10,299,0,4,1,2,404,1.0,0.0,0.0,0.0,-0.047057328717378145,-0.05354984162989809,0.4523575106459297,-0.3403876774881237
299,2018-10-27,0,10,300,0,5,0,2,240,1.0,0.0,0.0,0.0,-0.0915028886319821,-0.11182635075634977,0.8976931613294596,0.17673671882196576
300,2018-10-28,0,10,301,0,6,0,2,456,1.0,0.0,0.0,0.0,-0.5281059264406689,-0.6216867914263453,-0.19558901056047268,0.5106288902633207
301,2018-10-29,0,10,302,0,0,1,3,57,1.0,0.0,0.0,0.0,-0.7686270880424909,-0.956957449849468,1.2326963027512114,1.7938545354055089
302,2018-10-30,0,10,303,0,1,1,1,885,1.0,0.0,0.0,0.0,-0.5647051995375678,-0.6124031222193024,-0.013039909295960241,-0.045879117263886465
303,2018-10-31,0,10,304,0,2,1,1,362,1.0,0.0,0.0,0.0,-0.4993466656418284,-0.48429070019410153,0.3701076267942813,-0.7856193496598283
304,2018-11-01,0,11,305,0,3,1,1,410,1.0,0.0,0.0,0.0,-0.3084977388199825,-0.3329746377312735,0.27582645871497813,-0.47799344659235976
305,2018-11-02,0,11,306,0,4,1,1,370,1.0,0.0,0.0,0.0,-0.38169942227360354,-0.35862736690687286,0.4443318400546922,-1.041000118435078
306,2018-11-03,0,11,307,0,5,0,1,318,1.0,0.0,0.0,0.0,-0.2849682901463374,-0.30039511842026395,0.36408957746072007,-0.4648761037491283
307,2018-11-04,0,11,308,0,6,0,2,470,1.0,0.0,0.0,0.0,-0.3006545892621006,-0.3097230482671499,-0.019057958629521456,0.9559447829348212
308,2018-11-05,0,11,309,0,0,1,1,1156,1.0,0.0,0.0,0.0,-0.5411757508639228,-0.6030899459190309,-0.5165484320574264,0.08513639773131028
309,2018-11-06,0,11,310,0,1,1,1,952,1.0,0.0,0.0,0.0,-0.4732038795354972,-0.4610723062098601,0.5205588601333117,-0.9361192772828363
310,2018-11-07,0,11,311,0,2,1,1,373,1.0,0.0,0.0,0.0,-0.32679737536843184,-0.31902147102080713,0.636909418728651,-1.3027858562198156
311,2018-11-08,0,11,312,0,3,1,1,376,1.0,0.0,0.0,0.0,-0.2849682901463374,-0.2770660728364154,0.4583755599794909,-1.1784290244897424
312,2018-11-09,0,11,313,0,4,1,1,305,1.0,0.0,0.0,0.0,-0.31111107625266865,-0.28874719336828086,0.6349017974709747,-1.2504554486715533
313,2018-11-10,0,11,314,1,5,0,2,190,1.0,0.0,0.0,0.0,-0.3738562727157218,-0.4191611686653111,0.8996959681476683,0.08518903554368276
314,2018-11-11,0,11,315,0,6,0,1,440,1.0,0.0,0.0,0.0,-0.5490189004218046,-0.6659289893359522,-0.867602914661653,1.407535102841126
315,2018-11-12,0,11,316,0,0,1,1,1275,1.0,0.0,0.0,0.0,-0.44705795616934285,-0.47736022167203807,-0.3540611000512736,0.32727033464489225
316,2018-11-13,0,11,317,0,1,1,1,1004,1.0,0.0,0.0,0.0,-0.18300734589387588,-0.2095538435294172,-0.8094300425837168,1.0606098090563356
317,2018-11-14,0,11,318,0,2,1,1,595,1.0,0.0,0.0,0.0,0.0967327007571778,0.13738318187895643,-0.18957096122691147,1.3224829256096118
318,2018-11-15,0,11,319,0,3,1,2,449,1.0,0.0,0.0,0.0,0.0967327007571778,0.07455889200864935,0.299898656049223,0.1964232606492874
319,2018-11-16,0,11,320,0,4,1,3,145,1.0,0.0,0.0,0.0,-0.1333319738540765,-0.1304822104501215,1.4613821774265376,-0.4647497729994342
320,2018-11-17,0,11,321,0,5,0,2,139,1.0,0.0,0.0,0.0,-0.4941168535166328,-0.6054246946707424,-0.24373340522896242,1.3094919135160747
321,2018-11-18,0,11,322,0,6,0,1,245,1.0,0.0,0.0,0.0,-0.7058818915794376,-0.7916882206761737,-1.042126345334928,-0.13098393230777342
322,2018-11-19,0,11,323,0,0,1,1,943,1.0,0.0,0.0,0.0,-0.5333326013060412,-0.6007699507139334,-0.5987983159090742,0.4581700464528696
323,2018-11-20,0,11,324,0,1,1,2,787,1.0,0.0,0.0,0.0,-0.11241899987294099,-0.11178209011650674,0.27983688679086305,0.05237462331065527
324,2018-11-21,0,11,325,0,2,1,3,220,1.0,0.0,0.0,0.0,-0.162091234652917,-0.15602797641276733,1.3650933880895582,-0.4518535089681674
325,2018-11-22,0,11,326,0,3,1,3,69,1.0,0.0,0.0,0.0,-0.2588223667801831,-0.24221081896015148,1.6178514600991294,-0.654635417352055
326,2018-11-23,0,11,327,1,4,0,2,112,1.0,0.0,0.0,0.0,-0.18300734589387588,-0.20960179255591366,0.6328989906527661,1.6301930491768761
327,2018-11-24,0,11,328,1,5,0,1,560,1.0,0.0,0.0,0.0,-0.3947723839566806,-0.42377165198227723,-0.3721152480519572,-0.1439223065889383
328,2018-11-25,0,11,329,0,6,0,1,1095,1.0,0.0,0.0,0.0,-0.3895425718314851,-0.3935268814229795,0.08324888004101921,-0.8640939058572727
329,2018-11-26,0,11,330,0,0,1,1,1249,1.0,0.0,0.0,0.0,-0.38692923439879895,-0.3772389659608018,0.265797981305532,-1.1849213722677687
330,2018-11-27,0,11,331,0,1,1,1,810,1.0,0.0,0.0,0.0,-0.1254888242961949,-0.11642208052670164,0.3460354294600364,0.29455067047413497
331,2018-11-28,0,11,332,0,2,1,1,253,1.0,0.0,0.0,0.0,0.013526295727522784,0.010170726197227338,0.5612890180228541,-0.40902738482188694
332,2018-11-29,0,11,333,0,3,1,2,96,1.0,0.0,0.0,0.0,-0.12810529898870418,-0.1327431914687615,0.9839486588175254,0.8118540353462911
333,2018-11-30,0,11,334,0,4,1,1,188,1.0,0.0,0.0,0.0,-0.5464055629891184,-0.6496853345136172,-0.06319192522212592,0.9494071666381546
334,2018-12-01,0,12,335,0,5,0,1,182,1.0,0.0,0.0,0.0,-0.5856213107785266,-0.6705874216794149,-0.4904734279049723,0.41250148043847307
335,2018-12-02,0,12,336,0,6,0,1,268,1.0,0.0,0.0,0.0,-0.5803914986533312,-0.5751356634716017,-0.00301143188651377,-0.8445315892671503
336,2018-12-03,0,12,337,0,0,1,1,706,1.0,0.0,0.0,0.0,-0.627450396000621,-0.6519610690788716,-0.06519473204033523,-0.896860944059165
337,2018-12-04,0,12,338,0,1,1,1,634,1.0,0.0,0.0,0.0,-0.5281059264406689,-0.5099729364629296,0.7191544881408318,-1.0213493703201697
338,2018-12-05,0,12,339,0,2,1,2,233,1.0,0.0,0.0,0.0,-0.3555566361672723,-0.34464100471652453,0.9658945108168416,-1.2503238541406223
339,2018-12-06,0,12,340,0,3,1,3,126,1.0,0.0,0.0,0.0,-0.11503233730562715,-0.11420904853455781,1.5556633455058408,0.5433064441841798
340,2018-12-07,0,12,341,0,4,1,3,50,1.0,0.0,0.0,0.0,-0.279738478021142,-0.3213267126792902,1.655967377358173,0.8969483228277035
341,2018-12-08,0,12,342,0,5,0,1,150,1.0,0.0,0.0,0.0,-0.732027814945592,-0.8499020272295147,-0.2236716359706028,0.6219999736810938
342,2018-12-09,0,12,343,0,6,0,1,261,1.0,0.0,0.0,0.0,-0.6535963193667753,-0.6263710424763829,0.333999330792914,-1.0344203918885133
343,2018-12-10,0,12,344,0,0,1,1,502,1.0,0.0,0.0,0.0,-0.7032685541467515,-0.814958252073565,-0.5727184973171533,0.550023029042913
344,2018-12-11,0,12,345,0,1,1,1,377,1.0,0.0,0.0,0.0,-0.8732045069874619,-0.8638588823266344,-0.6569711879870104,-1.2047037149136084
345,2018-12-12,0,12,346,0,2,1,1,143,1.0,0.0,0.0,0.0,-0.8183024600822901,-0.8010013969764452,0.21363834412168967,-1.237251779816031
346,2018-12-13,0,12,347,0,3,1,1,155,1.0,0.0,0.0,0.0,-0.6797391054731066,-0.6868753371415927,-0.17552724130211309,-0.42557671303180644
347,2018-12-14,0,12,348,0,4,1,2,178,1.0,0.0,0.0,0.0,-0.5699350116627633,-0.5495788323489953,0.17953766937799867,-1.2634833072337517
348,2018-12-15,0,12,349,0,5,0,2,181,1.0,0.0,0.0,0.0,-0.24052273023173348,-0.27709926831629755,0.03711210663020545,0.9166032819676015
349,2018-12-16,0,12,350,0,6,0,2,178,1.0,0.0,0.0,0.0,-0.3895425718314851,-0.47041498960336015,-0.6068191720608447,0.8379939729704837
350,2018-12-17,0,12,351,0,0,1,2,275,1.0,0.0,0.0,0.0,-0.7555572636192369,-0.8778120490371008,-0.315949997231697,0.6547301654143255
351,2018-12-18,0,12,352,0,1,1,1,220,1.0,0.0,0.0,0.0,-0.8183024600822901,-0.8917984112274492,-0.19358138930279672,-0.11786658946454198
352,2018-12-19,0,12,353,0,2,1,1,260,1.0,0.0,0.0,0.0,-0.698038742021556,-0.761399189477033,0.05315863337321313,-0.0850521772315142
353,2018-12-20,0,12,354,0,3,1,2,216,1.0,0.0,0.0,0.0,-0.3555566361672723,-0.3353130748696385,-0.14944742271019223,-1.257035175218118
354,2018-12-21,0,12,355,0,4,1,2,107,0.0,0.0,0.0,1.0,-0.22222309368328413,-0.21889652692291744,1.116345744155872,0.42557671303180644
355,2018-12-22,0,12,356,0,5,0,2,227,0.0,0.0,0.0,1.0,-0.2379093927990473,-0.2258897080180916,0.6308913693950898,-1.4075351028411263
356,2018-12-23,0,12,357,0,6,0,1,163,0.0,0.0,0.0,1.0,-0.3947723839566806,-0.4051748064749628,0.28786255738210054,0.9819162795594217
357,2018-12-24,0,12,358,1,0,0,1,155,0.0,0.0,0.0,1.0,-0.6169939090100532,-0.6938685182367669,-0.40421311597743925,0.0982116303246437
358,2018-12-25,0,12,359,1,1,0,1,303,0.0,0.0,0.0,1.0,-0.7039493395283757,-0.764984301304306,0.2640503397790653,-0.27249542709005015
359,2018-12-26,0,12,360,0,2,1,1,430,0.0,0.0,0.0,1.0,-0.556636167272419,-0.6337736344901037,-0.5753327379476522,0.6157571291337133
360,2018-12-27,0,12,361,0,3,1,2,103,0.0,0.0,0.0,1.0,-0.5464055629891184,-0.5891515327551788,0.6549635667293348,0.07869352949691424
361,2018-12-28,0,12,362,0,4,1,1,255,0.0,0.0,0.0,1.0,-0.6275664746140778,-0.7649363522778094,-0.5899878916847405,1.1894671737442595
362,2018-12-29,0,12,363,0,5,0,1,254,0.0,0.0,0.0,1.0,-0.7869298618507635,-0.8242529864405688,-0.2517542613807329,-0.6481083286178629
363,2018-12-30,0,12,364,0,6,0,1,491,0.0,0.0,0.0,1.0,-0.5882346482112127,-0.6216867914263453,0.04914820529732788,-0.4909844586858971
364,2018-12-31,0,12,365,1,0,0,1,665,0.0,0.0,0.0,1.0,-0.279738478021142,-0.2701503478609662,-0.051155826555003496,0.41245937018857504
365,2019-01-01,1,1,1,1,1,0,1,686,0.0,0.0,0.0,1.0,-0.40522887094724847,-0.4121532340235227,0.3179528040499066,0.11782447921464394
366,2019-01-02,1,1,2,0,2,1,1,244,0.0,0.0,0.0,1.0,-0.7094081716206613,-0.8669940109821714,-1.1802815002756262,1.5653432643339342
367,2019-01-03,1,1,3,0,3,1,1,89,0.0,0.0,0.0,1.0,-1.0954260320408344,-1.33183769254531,-0.8916751119958978,1.9443986787909096
368,2019-01-04,1,1,4,0,4,1,2,95,0.0,0.0,0.0,1.0,-1.2287595745248228,-1.3574277191477986,-1.0200617692583593,0.03921517021752578
369,2019-01-05,1,1,5,0,5,0,1,140,0.0,0.0,0.0,1.0,-0.732027814945592,-0.7706976122306902,-0.4924762347231816,-0.5367793554499874
370,2019-01-06,1,1,6,0,6,0,1,307,0.0,0.0,0.0,1.0,-0.5176463021902779,-0.542552455773939,-0.40622073723511526,-0.13756365885433802
371,2019-01-07,1,1,7,0,0,1,1,1070,0.0,0.0,0.0,1.0,-0.33202718749362725,-0.3562446691286648,-0.45636793872181425,-0.06544985590398868
372,2019-01-08,1,1,8,0,1,1,1,599,0.0,0.0,0.0,1.0,-0.50718981519971,-0.5425856512538212,-0.7773321746582347,0.11124475266807905
373,2019-01-09,1,1,9,0,2,1,2,106,0.0,0.0,0.0,1.0,-0.8627448827370708,-0.8847904765856606,0.36208677064251144,-0.8640496900948799
374,2019-01-10,1,1,10,0,3,1,1,173,0.0,0.0,0.0,1.0,-0.5975554471457994,-0.6216351540131954,0.09659450624312425,0.06923977839480995
375,2019-01-11,1,1,11,0,4,1,2,92,0.0,0.0,0.0,1.0,-0.7058818915794376,-0.7544355154750874,1.0641909214114975,-0.5237883433564502
376,2019-01-12,1,1,12,0,5,0,2,269,0.0,0.0,0.0,1.0,-0.3660131231578402,-0.3888536955329026,0.8495487666609699,-8.422049979607783e-05
377,2019-01-13,1,1,13,0,6,0,1,174,0.0,0.0,0.0,1.0,-0.7058818915794376,-0.8778452445169829,-0.5727184973171533,2.0753299732863106
378,2019-01-14,1,1,14,0,0,1,1,333,0.0,0.0,0.0,1.0,-1.0013082373462547,-1.1222930699825264,-0.813440470659602,0.06535510784171816
379,2019-01-15,1,1,15,0,1,1,1,284,0.0,0.0,0.0,1.0,-1.0431373225683491,-1.201453224341508,-0.9979923787423237,0.7399086733955336
380,2019-01-16,1,1,16,1,2,0,1,217,0.0,0.0,0.0,1.0,-0.969935639114728,-1.0943498526950584,-0.5005019053144187,0.5304101801529127
381,2019-01-17,1,1,17,0,3,1,2,127,0.0,0.0,0.0,1.0,-0.3956821893053949,-0.4539906038350002,0.43151098775447333,1.7702622679001463
382,2019-01-18,1,1,18,0,4,1,1,109,0.0,0.0,0.0,1.0,-0.6143805715773671,-0.7823455372826734,-0.8816466345864513,0.0
383,2019-01-19,1,1,19,0,5,0,1,130,0.0,0.0,0.0,1.0,-0.969935639114728,-1.0966550943535414,-0.620862891985643,0.41250148043847307
384,2019-01-20,1,1,20,0,6,0,2,115,0.0,0.0,0.0,1.0,-0.8836609939780297,-0.9826101790250674,-0.8495487666609692,0.22923767288231517
385,2019-01-21,1,1,21,0,0,1,2,67,0.0,0.0,0.0,1.0,-1.0222243485872133,-1.152582101181667,0.9859562800752016,0.43865194562513987
386,2019-01-22,1,1,22,0,1,1,2,196,0.0,0.0,0.0,1.0,-1.0562102842514263,-1.199147982683025,0.8174508987354876,0.19647589846165986
387,2019-01-23,1,1,23,0,2,1,2,145,0.0,0.0,0.0,1.0,-0.8810476565453434,-0.9010968339811064,1.3711114374231195,-0.7397402323959417
388,2019-01-24,1,1,24,0,3,1,1,439,0.0,0.0,0.0,1.0,-0.49150351608394666,-0.5099434293697008,1.00802085615177,-0.6022607940413998
389,2019-01-25,1,1,25,0,4,1,1,467,0.0,0.0,0.0,1.0,-0.6431366951163844,-0.7101748756322127,0.08324888004101921,-0.20954060349251882
390,2019-01-26,1,1,26,0,5,0,2,244,0.0,0.0,0.0,1.0,-0.4941168535166328,-0.484338649220598,0.6890642414730257,-1.1325467489571135
391,2019-01-27,1,1,27,0,6,0,2,269,0.0,0.0,0.0,1.0,-0.2326795806738519,-0.2654956039041573,0.5526567280587941,1.7022226316274298
392,2019-01-28,1,1,28,0,0,1,1,775,0.0,0.0,0.0,1.0,-0.5751648237879587,-0.5937767696187591,-0.400202687901554,0.31428985011382937
393,2019-01-29,1,1,29,0,1,1,1,558,0.0,0.0,0.0,1.0,-0.6797391054731066,-0.7916882206761737,-1.5175522426862642,0.6219157531812978
394,2019-01-30,1,1,30,0,2,1,1,126,0.0,0.0,0.0,1.0,-0.721568190695201,-0.8289261723306456,-1.0862603119275327,0.3665381426747905
395,2019-01-31,1,1,31,0,3,1,1,324,0.0,0.0,0.0,1.0,-0.34248367448419514,-0.39114418364477144,-1.0100284774094461,0.8510692055638168
396,2019-02-01,1,2,32,0,4,1,1,304,0.0,0.0,0.0,1.0,-0.09411622606466825,-0.07681618464063594,-0.5707108760594773,0.08518903554368276
397,2019-02-02,1,2,33,0,5,0,2,190,0.0,0.0,0.0,1.0,-0.3137244136853548,-0.3260294056625956,0.2236716359706035,0.0653972180916162
398,2019-02-03,1,2,34,0,6,0,1,310,0.0,0.0,0.0,1.0,-0.5830079733458404,-0.6566010594890663,-0.4804401360560591,-0.026097827374294336
399,2019-02-04,1,2,35,0,0,1,2,384,0.0,0.0,0.0,1.0,-0.7372544898109643,-0.7916734671295593,0.7372086361415154,-0.6219578634311959
400,2019-02-05,1,2,36,0,1,1,2,318,0.0,0.0,0.0,1.0,-0.732027814945592,-0.8219329912354714,0.2958882279733381,-0.052416733560553305
401,2019-02-06,1,2,37,0,2,1,1,206,0.0,0.0,0.0,1.0,-0.679397144152383,-0.7042550150532281,-0.020627465895714327,-0.2860865102446342
402,2019-02-07,1,2,38,0,3,1,1,199,0.0,0.0,0.0,1.0,-0.4549011057272246,-0.4656975430734405,-0.6268809413192042,-0.35368398889342173
403,2019-02-08,1,2,39,0,4,1,2,109,0.0,0.0,0.0,1.0,-0.7607839384846093,-0.8149250565936829,0.4643936093130521,-0.49746943717019115
404,2019-02-09,1,2,40,0,5,0,1,163,0.0,0.0,0.0,1.0,-0.7346411523782781,-0.8312756746289716,-0.3099319478981358,0.13751102104196555
405,2019-02-10,1,2,41,0,6,0,2,227,0.0,0.0,0.0,1.0,-0.684968917598302,-0.7148333079756752,-0.4162492146445617,-0.6742482662420551
406,2019-02-11,1,2,42,0,0,1,3,192,0.0,0.0,0.0,1.0,-0.8627448827370708,-1.0198296887462714,0.5045123333903043,1.1456198760379521
407,2019-02-12,1,2,43,0,1,1,1,73,0.0,0.0,0.0,1.0,-1.1660143780617696,-1.4226347067963139,-0.7793397959159106,0.0
408,2019-02-13,1,2,44,1,2,0,1,94,0.0,0.0,0.0,1.0,-0.8679746948622663,-0.956957449849468,-1.036108296001367,-0.1441433854009029
409,2019-02-14,1,2,45,0,3,1,2,135,0.0,0.0,0.0,1.0,-0.5647051995375678,-0.5658667478111733,-0.5667004479835921,-0.41895487623534383
410,2019-02-15,1,2,46,0,4,1,1,141,0.0,0.0,0.0,1.0,-0.4732038795354972,-0.5006450066160436,-0.4583755599794902,0.006579726546564603
411,2019-02-16,1,2,47,0,5,0,2,74,0.0,0.0,0.0,1.0,-0.5725483490954495,-0.579823602908293,0.6088267933185213,-0.942743219591794
412,2019-02-17,1,2,48,0,6,0,1,349,0.0,0.0,0.0,1.0,-0.4888901786512605,-0.5006450066160436,0.039114913448414744,0.261831006303378
413,2019-02-18,1,2,49,0,0,1,1,1435,0.0,0.0,0.0,1.0,-0.4784305544008695,-0.48664389087908105,-0.44232903323648254,0.10479135687120829
414,2019-02-19,1,2,50,0,1,1,2,618,0.0,0.0,0.0,1.0,-0.6875822550309881,-0.8172598053453944,-0.5325997732399008,0.7594267742232635
415,2019-02-20,1,2,51,1,2,0,1,502,0.0,0.0,0.0,1.0,-0.6875822550309881,-0.7892170016182799,-0.5711489900509604,0.5064599755234174
416,2019-02-21,1,2,52,0,3,1,1,163,0.0,0.0,0.0,1.0,-0.6630300596549955,-0.7090978667293695,-0.1545940585002536,0.26047295074416715
417,2019-02-22,1,2,53,0,4,1,1,394,0.0,0.0,0.0,1.0,-0.3241840379357457,-0.3492809951267192,-0.281844508048539,0.5631824821360425
418,2019-02-23,1,2,54,0,5,0,1,516,0.0,0.0,0.0,1.0,-0.1411751234119581,-0.1583000225913682,-0.34604024389950305,0.10462291587161641
419,2019-02-24,1,2,55,0,6,0,2,246,0.0,0.0,0.0,1.0,-0.28758162757902356,-0.281768765819721,0.5346025800581105,0.5957758155571053
420,2019-02-25,1,2,56,0,0,1,1,317,0.0,0.0,0.0,1.0,-0.6535963193667753,-0.8545604595729772,-1.1103325092617775,0.0
421,2019-02-26,1,2,57,0,1,1,1,515,0.0,0.0,0.0,1.0,-0.6901955924636743,-0.8079650709783909,-1.042126345334928,0.2553355002566095
422,2019-02-27,1,2,58,0,2,1,1,253,0.0,0.0,0.0,1.0,-0.41568535793781636,-0.47731596103219504,-0.6529607599111251,0.9165085339053308
423,2019-02-28,1,2,59,0,3,1,1,229,0.0,0.0,0.0,1.0,-0.43921480661146123,-0.49365182552086945,-1.1103325092617775,0.13098393230777342
424,2019-03-01,1,3,60,0,4,1,1,325,0.0,0.0,0.0,1.0,-0.04183065385200582,-0.04423666532962635,-0.05315863337321279,0.4843942045768578
425,2019-03-02,1,3,61,0,5,0,2,246,0.0,0.0,0.0,1.0,-0.45751758041973384,-0.4703522870302494,0.14743980145251628,-0.37973970601781804
426,2019-03-03,1,3,62,0,6,0,2,956,0.0,0.0,0.0,1.0,-0.2666655163380647,-0.2724703430660635,-0.025076007963082673,-0.20945638299272276
427,2019-03-04,1,3,63,0,0,1,1,710,0.0,0.0,0.0,1.0,-0.5437922255564323,-0.679930105072915,-1.0742242132604103,1.6169914858338492
428,2019-03-05,1,3,64,0,1,1,1,203,0.0,0.0,0.0,1.0,-0.8026161609665269,-0.9080568195963985,-0.5787365466507145,0.5040912739666541
429,2019-03-06,1,3,65,0,2,1,1,221,0.0,0.0,0.0,1.0,-0.7555572636192369,-0.8568952083246888,-0.8174508987354873,0.2094984932426208
430,2019-03-07,1,3,66,0,3,1,1,432,0.0,0.0,0.0,1.0,-0.29803811456959134,-0.37719101693430535,-0.5446358719070232,1.734984406048085
431,2019-03-08,1,3,67,0,4,1,1,486,0.0,0.0,0.0,1.0,0.0888895511992962,0.1373536747857279,-0.28385212930621495,0.0
432,2019-03-09,1,3,68,0,5,0,2,447,0.0,0.0,0.0,1.0,-0.27712514058845583,-0.3329930796645412,-1.0561700652597266,0.0
433,2019-03-10,1,3,69,0,6,0,1,968,0.0,0.0,0.0,1.0,-0.6640528063573432,-0.7730766216222448,-1.3289850920881905,0.4713716097958968
434,2019-03-11,1,3,70,0,0,1,1,1658,0.0,0.0,0.0,1.0,-0.4311457743463126,-0.47098668953466405,-0.7197659219531214,0.43807292968904205
435,2019-03-12,1,3,71,0,1,1,1,838,0.0,0.0,0.0,1.0,-0.10195937562254985,-0.10243571833635305,-0.6609816160628956,0.2814859654432763
436,2019-03-13,1,3,72,0,2,1,1,762,0.0,0.0,0.0,1.0,0.20653679456752094,0.20494336021245133,-0.04313015596376632,0.5892803095103368
437,2019-03-14,1,3,73,0,3,1,1,997,0.0,0.0,0.0,1.0,0.23006624324116598,0.2259229034979738,-0.5747261185748292,-0.6939032253819533
438,2019-03-15,1,3,74,0,4,1,1,1005,0.0,0.0,0.0,1.0,0.18300734589387616,0.16767590146475064,-0.22567925722827875,-0.3273229724572647
439,2019-03-16,1,3,75,0,5,0,2,548,0.0,0.0,0.0,1.0,-0.19869364500963907,-0.18860749572377666,1.0381111028195762,-0.7135897672092749
440,2019-03-17,1,3,76,0,6,0,2,3155,0.0,0.0,0.0,1.0,0.04706046597720153,0.06521620861514936,0.6228656988038523,-0.7397823426458398
441,2019-03-18,1,3,77,0,0,1,2,2207,0.0,0.0,0.0,1.0,-0.0836597390741005,-0.08617730996740389,0.883649441404661,-0.5694569093708467
442,2019-03-19,1,3,78,0,1,1,1,982,0.0,0.0,0.0,1.0,0.14379159810446765,0.16766114791813638,0.4924762347231819,-0.1964232606492874
443,2019-03-20,1,3,79,0,2,1,1,1051,0.0,0.0,0.0,1.0,0.1934638328844439,0.18872921248334468,0.8736209639952148,-0.6285375899777607
444,2019-03-21,1,3,80,0,3,1,2,1122,0.0,1.0,0.0,0.0,0.10196251288237324,0.09550523981428988,0.9378118854067119,-0.9623950204629497
445,2019-03-22,1,3,81,0,4,1,1,1334,0.0,1.0,0.0,0.0,0.17255085890330812,0.163035911054556,0.9859562800752016,-0.6675843191956943
446,2019-03-23,1,3,82,0,5,0,2,2469,0.0,1.0,0.0,0.0,0.3215707005030598,0.3050387972171125,0.32597847464114416,-0.6808701030385179
447,2019-03-24,1,3,83,0,6,0,2,1033,0.0,1.0,0.0,0.0,0.010458055620479448,-0.002329216171731293,1.2467400226760101,0.12430945769893803
448,2019-03-25,1,3,84,0,0,1,2,1532,0.0,1.0,0.0,0.0,-0.19346383288444363,-0.18396381692692831,1.2246706321599738,0.41899698648524186
449,2019-03-26,1,3,85,0,1,1,1,795,0.0,1.0,0.0,0.0,-0.1673210467781124,-0.17930907297011944,-0.7151440600649466,0.0
450,2019-03-27,1,3,86,0,2,1,1,531,0.0,1.0,0.0,0.0,-0.5516353751143138,-0.6333347164783285,-1.619859081356805,0.06544985590398868
451,2019-03-28,1,3,87,0,3,1,1,674,0.0,1.0,0.0,0.0,-0.047057328717378145,-0.06054302272507225,-0.6990975333219389,1.1653590556776463
452,2019-03-29,1,3,88,0,4,1,1,834,0.0,1.0,0.0,0.0,-0.015684730485851766,-0.018665080660405443,-0.9017035894053442,1.4599097261517815
453,2019-03-30,1,3,89,0,5,0,2,796,0.0,1.0,0.0,0.0,-0.40522887094724847,-0.4121532340235227,-0.21966120789471755,-0.4517166506559988
454,2019-03-31,1,3,90,1,6,0,2,2301,0.0,1.0,0.0,0.0,-0.23529291810653805,-0.24216655832030873,0.5386130081339954,0.7331605058493771
455,2019-04-01,1,4,91,0,0,1,2,2347,0.0,1.0,0.0,0.0,-0.23006624324116573,-0.25847291571575437,0.23971816271361082,-0.09167401402797713
456,2019-04-02,1,4,92,0,1,1,1,1208,0.0,1.0,0.0,0.0,-0.20471718387009222,-0.22075547379631805,-0.5878936105166611,1.3808372044057848
457,2019-04-03,1,4,93,0,2,1,1,1348,0.0,1.0,0.0,0.0,-0.10195937562254985,-0.09546097917444685,-1.1063172667464256,-0.8510692055638169
458,2019-04-04,1,4,94,0,3,1,1,1058,0.0,1.0,0.0,0.0,0.1333351111138999,0.1699811431232337,-0.7552675985816658,0.0
459,2019-04-05,1,4,95,0,4,1,1,1192,0.0,1.0,0.0,0.0,-0.20130698244232523,-0.2072928625107769,-1.2146421547505275,0.4058796436420104
460,2019-04-06,1,4,96,0,5,0,1,1807,0.0,1.0,0.0,0.0,-0.3006545892621006,-0.35628892976850757,-1.2006032492651957,1.257127817767894
461,2019-04-07,1,4,97,0,6,0,1,3252,0.0,1.0,0.0,0.0,-0.19346383288444363,-0.2258602009248628,-1.7923748907724042,0.9884960061059866
462,2019-04-08,1,4,98,0,0,1,1,2230,0.0,1.0,0.0,0.0,0.0026149060625978533,0.018665080660405706,-1.6880652452836542,0.5434433024963484
463,2019-04-09,1,4,99,0,1,1,1,905,0.0,1.0,0.0,0.0,-0.031371029601614954,-0.039563479439549507,-1.487461996018458,1.8657051492939956
464,2019-04-10,1,4,100,0,2,1,1,819,0.0,1.0,0.0,0.0,-0.16470457208560316,-0.1885927421771624,-0.9217653586637039,0.7200852732560434
465,2019-04-11,1,4,101,0,3,1,1,482,0.0,1.0,0.0,0.0,-0.4720650542196928,-0.5535917970280825,-0.7553542584920692,1.2032898632732825
466,2019-04-12,1,4,102,0,4,1,1,663,0.0,1.0,0.0,0.0,-0.3189542258105502,-0.3679552967537588,-0.7713141253246735,1.1522838230843124
467,2019-04-13,1,4,103,0,5,0,1,1252,0.0,1.0,0.0,0.0,-0.17777753376868044,-0.20491385311922256,-1.0501520159261652,-0.268494953349739
468,2019-04-14,1,4,104,0,6,0,1,2795,0.0,1.0,0.0,0.0,-0.013071393053165336,0.002329216171731293,-0.5947830733937223,0.10466502612151446
469,2019-04-15,1,4,105,0,0,1,1,2846,0.0,1.0,0.0,0.0,0.33725699961882294,0.3190841735939181,-0.5707108760594773,0.46483399349923027
470,2019-04-16,1,4,106,0,1,1,1,1198,0.0,1.0,0.0,0.0,0.5176494394501012,0.47049244572308535,-0.3119347547163451,1.0933294732270926
471,2019-04-17,1,4,107,0,2,1,1,989,0.0,1.0,0.0,0.0,0.3424836744841953,0.40986274591165417,-1.1364075134142317,0.9754207735126529
472,2019-04-18,1,4,108,0,3,1,2,347,0.0,1.0,0.0,0.0,-0.11241899987294099,-0.11185585784957829,-0.2758264587149778,-0.13752154860444
473,2019-04-19,1,4,109,0,4,1,1,846,0.0,1.0,0.0,0.0,-0.0026149060625975814,0.02095556877227451,-0.06720235329801119,-1.2111518469292417
474,2019-04-20,1,4,110,0,5,0,1,1340,0.0,1.0,0.0,0.0,0.08627621376661004,0.10478890902133284,0.3279812814593528,-0.32744930320695886
475,2019-04-21,1,4,111,0,6,0,1,2541,0.0,1.0,0.0,0.0,0.22222309368328438,0.20491385311922256,0.2718160306390932,1.0802542406337594
476,2019-04-22,1,4,112,0,0,1,3,120,0.0,1.0,0.0,0.0,-0.3215675632432364,-0.36094736211197015,1.0060180493335615,1.7220039215170222
477,2019-04-23,1,4,113,0,1,1,2,195,0.0,1.0,0.0,0.0,-0.5568620499796861,-0.6869232861680891,0.6750253359876947,1.2898474819386507
478,2019-04-24,1,4,114,0,2,1,1,518,0.0,1.0,0.0,0.0,-0.269281991030574,-0.3027483091052435,-0.8294869974026097,0.7201694937558395
479,2019-04-25,1,4,115,0,3,1,1,655,0.0,1.0,0.0,0.0,-0.0705867773910232,-0.06287777147678382,-0.9558660334073952,-0.654635417352055
480,2019-04-26,1,4,116,0,4,1,2,475,0.0,1.0,0.0,0.0,-0.0026149060625975814,-0.01394763413048583,0.6268809413192049,-0.04579489676409038
481,2019-04-27,1,4,117,0,5,0,1,1014,0.0,1.0,0.0,0.0,-0.13071863642139034,-0.12808844751195264,-1.0862603119275327,1.7545025068758144
482,2019-04-28,1,4,118,0,6,0,2,1120,0.0,1.0,0.0,0.0,-0.3843127597062897,-0.405208001954845,-0.6589788092446863,-0.5369056861996816
483,2019-04-29,1,4,119,0,0,1,1,2229,0.0,1.0,0.0,0.0,-0.12810529898870418,-0.13736842833234217,-0.18957096122691147,-0.6744693450540197
484,2019-04-30,1,4,120,0,1,1,2,665,0.0,1.0,0.0,0.0,-0.10980252518043145,-0.10942889943152748,-0.27181603063909254,-0.09829585082443977
485,2019-05-01,1,5,121,0,2,1,2,653,0.0,1.0,0.0,0.0,0.3581699735999587,0.3306878380060584,0.15947590011963872,-0.2619152268031741
486,2019-05-02,1,5,122,0,3,1,1,667,0.0,1.0,0.0,0.0,0.20392345713483478,0.18637971018501884,0.8214613268113725,-0.45181139871826936
487,2019-05-03,1,5,123,0,4,1,2,764,0.0,1.0,0.0,0.0,0.19085049545175775,0.18396750531358227,0.6830461921394645,-0.49773262623205383
488,2019-05-04,1,5,124,0,5,0,1,1069,0.0,1.0,0.0,0.0,0.4026155335145624,0.3819416589441074,0.5245741026486643,-0.1898856443526208
489,2019-05-05,1,5,125,0,6,0,2,2496,0.0,1.0,0.0,0.0,0.38431589696611307,0.3586716275467159,0.6268809413192049,-0.29459278072403333
490,2019-05-06,1,5,126,0,0,1,2,2135,0.0,1.0,0.0,0.0,0.19869364500963935,0.21898873658925666,0.5466386787252329,-0.32736508270716275
491,2019-05-07,1,5,127,0,1,1,2,1008,0.0,1.0,0.0,0.0,0.12026214943082285,0.14671480011249585,0.18154529063567498,0.523704122856654
492,2019-05-08,1,5,128,0,2,1,2,738,0.0,1.0,0.0,0.0,0.2588255040400065,0.2585798789287084,0.28585493612442425,1.211238172941533
493,2019-05-09,1,5,129,0,3,1,2,620,0.0,1.0,0.0,0.0,0.23790939279904758,0.24218131186692324,0.5667004479835928,0.3730652314089826
494,2019-05-10,1,5,130,0,4,1,1,1026,0.0,1.0,0.0,0.0,0.020914542611047474,0.01629713642881192,-0.3580763425666255,1.4010922346067303
495,2019-05-11,1,5,131,0,5,0,1,1319,0.0,1.0,0.0,0.0,0.10718918774774555,0.12344476871510457,-1.2808406974197009,0.5891434511981684
496,2019-05-12,1,5,132,0,6,0,1,2622,0.0,1.0,0.0,0.0,0.20392345713483478,0.21190703421439672,-0.7031079613978242,-0.6089352686502348
497,2019-05-13,1,5,133,0,0,1,1,2172,0.0,1.0,0.0,0.0,0.35555663616727257,0.3609953111384669,-0.24172578397128644,0.4647076627495362
498,2019-05-14,1,5,134,0,1,1,2,342,0.0,1.0,0.0,0.0,0.23267958067385214,0.23065510357450794,0.7853530308100052,0.33390269900382935
499,2019-05-15,1,5,135,0,2,1,2,625,0.0,1.0,0.0,0.0,0.3529432987345864,0.32841210344080385,0.80942522814425,-0.3535471305812532
500,2019-05-16,1,5,136,0,3,1,1,991,0.0,1.0,0.0,0.0,0.4313747943134029,0.4005975186378789,0.3440326226418278,-0.6154728849469017
501,2019-05-17,1,5,137,0,4,1,1,1242,0.0,1.0,0.0,0.0,0.29542477713690546,0.31442942963710896,-0.5125380039815411,0.5105867800134226
502,2019-05-18,1,5,138,0,5,0,1,1521,0.0,1.0,0.0,0.0,0.20392345713483478,0.2351586236785203,-0.4964914772385335,-0.4648761037491283
503,2019-05-19,1,5,139,0,6,0,1,3410,0.0,1.0,0.0,0.0,0.31634088837786434,0.2933871837784758,-0.8194585199931632,-1.0211735600268455
504,2019-05-20,1,5,140,0,0,1,1,2704,0.0,1.0,0.0,0.0,0.3816994222736038,0.3563073717017758,-0.46238598805537545,0.7726388651287652
505,2019-05-21,1,5,141,0,1,1,2,630,0.0,1.0,0.0,0.0,0.31111107625266865,0.2888098959413916,0.8896674907382222,0.5498440604808464
506,2019-05-22,1,5,142,0,2,1,2,819,0.0,1.0,0.0,0.0,0.3633997857251542,0.34471846083624974,0.6710100934723421,-0.6612151438986198
507,2019-05-23,1,5,143,0,3,1,2,766,0.0,1.0,0.0,0.0,0.38431589696611307,0.3586863810933301,0.7131364388072706,-0.8314142464239188
508,2019-05-24,1,5,144,0,4,1,1,1059,0.0,1.0,0.0,0.0,0.4888901786512608,0.4401554654974484,0.43430336264524605,-0.0850521772315142
509,2019-05-25,1,5,145,0,5,0,1,1417,0.0,1.0,0.0,0.0,0.5673216742300773,0.516980871104718,0.5807393534689238,-0.42557671303180644
510,2019-05-26,1,5,146,0,6,0,1,2855,0.0,1.0,0.0,0.0,0.6065374220194855,0.5729226314794581,0.5105303827238655,0.18967509310313063
511,2019-05-27,1,5,147,0,0,1,1,3283,0.0,1.0,0.0,0.0,0.5986942724616039,0.568234692042767,0.3400173801264752,0.3600005263781237
512,2019-05-28,1,5,148,0,1,1,1,2557,0.0,1.0,0.0,0.0,0.6692826184825388,0.7079323365468407,0.23971816271361082,0.16366148622863236
513,2019-05-29,1,5,149,1,2,0,1,880,0.0,1.0,0.0,0.0,0.7006552167140655,0.6846659935361027,0.27983688679086305,1.2046163361450697
514,2019-05-30,1,5,150,0,3,1,2,745,0.0,1.0,0.0,0.0,0.4941199907764562,0.4564913299861228,0.20962791604580475,-0.4910686791856932
515,2019-05-31,1,5,151,0,4,1,1,1100,0.0,1.0,0.0,0.0,0.5673216742300773,0.5309967403882951,-0.6429274680622119,0.15058625363529896
516,2019-06-01,1,6,152,0,5,0,2,533,0.0,1.0,0.0,0.0,0.4862768412185746,0.44481020945425725,0.6208628919856437,0.5957337053072076
517,2019-06-02,1,6,153,0,6,0,1,2795,0.0,1.0,0.0,0.0,0.2640521789053788,0.2911003840532604,-0.3721152480519572,0.058817491545051316
518,2019-06-03,1,6,154,0,0,1,1,2494,0.0,1.0,0.0,0.0,0.32418403793574596,0.32372416400411275,-0.6409246612440027,0.03276177442065502
519,2019-06-04,1,6,155,0,1,1,1,1071,0.0,1.0,0.0,0.0,0.3084977388199825,0.3353425819628673,-0.6710149079118087,1.093371583476991
520,2019-06-05,1,6,156,0,2,1,2,968,0.0,1.0,0.0,0.0,0.13071863642139062,0.14210431679552973,-0.06319192522212592,0.30108828677080185
521,2019-06-06,1,6,157,0,3,1,1,1027,0.0,1.0,0.0,0.0,0.17255085890330812,0.20259385791412524,-0.0732204026315724,-1.0932873629771949
522,2019-06-07,1,6,158,0,4,1,1,1038,0.0,1.0,0.0,0.0,0.32418403793574596,0.30273355555862946,-0.2858597505638909,-0.24871366346014656
523,2019-06-08,1,6,159,0,5,0,1,1488,0.0,1.0,0.0,0.0,0.47059054210281115,0.4075575042531711,-0.7632884547334363,-0.05887012935742407
524,2019-06-09,1,6,160,0,6,0,1,2708,0.0,1.0,0.0,0.0,0.6640528063573433,0.5938394721918698,-0.9117368812542573,-0.38623521206458655
525,2019-06-10,1,6,161,0,0,1,1,2224,0.0,1.0,0.0,0.0,0.7137281783971428,0.6497185299934992,-0.42427488523579887,-0.49746943717019115
526,2019-06-11,1,6,162,0,1,1,2,1017,0.0,1.0,0.0,0.0,0.69542540458887,0.6357174142565367,-0.18555571871155954,0.2814859654432763
527,2019-06-12,1,6,163,0,2,1,2,477,0.0,1.0,0.0,0.0,0.48366036652606537,0.4076054532796676,0.9959847574846478,0.35342079983155905
528,2019-06-13,1,6,164,0,3,1,1,1173,0.0,1.0,0.0,0.0,0.49150351608394693,0.45644706934627977,-0.21364315856115632,1.708665499861826
529,2019-06-14,1,6,165,0,4,1,1,1180,0.0,1.0,0.0,0.0,0.4679740674103019,0.5053772066925778,-0.2738236518967685,0.7659643905199301
530,2019-06-15,1,6,166,0,5,0,1,1563,0.0,1.0,0.0,0.0,0.4392179438712845,0.414535931801731,-0.17753486255978904,-0.045879117263886465
531,2019-06-16,1,6,167,0,6,0,1,2963,0.0,1.0,0.0,0.0,0.41568849519763973,0.39592433274780203,-0.588765024060161,-0.150628363885197
532,2019-06-17,1,6,168,0,0,1,1,2634,0.0,1.0,0.0,0.0,0.2928114397042193,0.31207623895212944,-0.13340089596718457,-0.37973970601781804
533,2019-06-18,1,6,169,0,1,1,2,653,0.0,1.0,0.0,0.0,0.21699328155808897,0.2119992438807362,0.7291877799897456,-0.0655761866536828
534,2019-06-19,1,6,170,0,2,1,1,968,0.0,1.0,0.0,0.0,0.5934644603364084,0.6171685177757187,0.3059167053827842,-0.3469674040346883
535,2019-06-20,1,6,171,0,3,1,1,872,0.0,1.0,0.0,0.0,0.8888908061032256,0.8616458503344908,-0.1654987638926666,-0.7070626784750828
536,2019-06-21,1,6,172,0,4,1,1,778,0.0,0.0,1.0,0.0,0.9620924895568463,0.9780771518278264,-0.281844508048539,-0.6546880551644275
537,2019-06-22,1,6,173,0,5,0,1,964,0.0,0.0,1.0,0.0,0.8732045069874621,0.873249514746631,-0.2537618826384089,0.01965495913989801
538,2019-06-23,1,6,174,0,6,0,1,2657,0.0,0.0,1.0,0.0,0.7294144775129059,0.6101605831339303,-0.44232903323648254,-0.013201563343027524
539,2019-06-24,1,6,175,0,0,1,1,2551,0.0,0.0,1.0,0.0,0.7660137506098049,0.6893207374929116,-0.7091260107313854,-0.3732020897211512
540,2019-06-25,1,6,176,0,1,1,1,1139,0.0,0.0,1.0,0.0,0.6797391054731068,0.6147710664508964,-0.588765024060161,1.2570751799555213
541,2019-06-26,1,6,177,0,2,1,1,1077,0.0,0.0,1.0,0.0,0.4130720205051304,0.3959095792011878,-1.2186573972658794,1.7545972549380853
542,2019-06-27,1,6,178,0,3,1,1,1077,0.0,0.0,1.0,0.0,0.6222237211352489,0.5658999432910554,-1.2828483186773767,0.9559026726849235
543,2019-06-28,1,6,179,0,4,1,1,921,0.0,0.0,1.0,0.0,0.7843165244180776,0.6939607279031061,-0.981945851999316,-0.09816952007474565
544,2019-06-29,1,6,180,0,5,0,1,829,0.0,0.0,1.0,0.0,1.0509836093860543,1.1037441735017084,-0.6629892373205716,-0.16378781697832648
545,2019-06-30,1,6,181,0,6,0,1,1455,0.0,0.0,1.0,0.0,0.8339887591980536,0.7382066141993667,-0.12136479730006212,-0.20954060349251882
546,2019-07-01,1,7,182,0,0,1,1,1421,0.0,0.0,1.0,0.0,0.9934650877883733,0.9710212681595415,-0.5185560533151023,-0.13102604255767147
547,2019-07-02,1,7,183,0,1,1,1,904,0.0,0.0,1.0,0.0,0.8862774686705391,0.791798872275781,-0.8635924865857677,0.15045992288560484
548,2019-07-03,1,7,184,0,2,1,1,1052,0.0,0.0,1.0,0.0,0.8836609939780299,0.7940561649077676,-0.6469427105775639,-0.5762577147293759
549,2019-07-04,1,7,185,1,3,0,1,2562,0.0,0.0,1.0,0.0,0.909806917344184,0.903553299492386,-0.4222672639781229,-0.4845310628890263
550,2019-07-05,1,7,186,1,4,0,1,1405,0.0,0.0,1.0,0.0,1.0300674981450955,1.0106271640456075,-0.811432849401926,0.13742680054216946
551,2019-07-06,1,7,187,0,5,0,1,1366,0.0,0.0,1.0,0.0,1.0326808355777812,0.9780439563479442,-0.845538338585084,-0.3667065836743827
552,2019-07-07,1,7,188,0,6,0,1,1448,0.0,0.0,1.0,0.0,1.1372582545227523,1.1712416492620925,-0.6469427105775639,-0.18340066586832646
553,2019-07-08,1,7,189,0,0,1,1,1203,0.0,0.0,1.0,0.0,1.0143811990293317,1.1176973402121746,-0.2537618826384089,-0.5826584727138743
554,2019-07-09,1,7,190,0,1,1,2,998,0.0,0.0,1.0,0.0,0.6640528063573433,0.6148153270907392,0.27381883745730184,0.0
555,2019-07-10,1,7,191,0,2,1,2,954,0.0,0.0,1.0,0.0,0.69542540458887,0.6544359765234194,0.1975918173786823,-0.3078048716295353
556,2019-07-11,1,7,192,0,3,1,1,975,0.0,0.0,1.0,0.0,0.6823555801656161,0.6008621603802731,0.033096864114853526,-0.30784698187943305
557,2019-07-12,1,7,193,0,4,1,1,1032,0.0,0.0,1.0,0.0,0.6797391054731068,0.6171353222958366,-0.4664012305707274,-0.3600426366280217
558,2019-07-13,1,7,194,0,5,0,2,1511,0.0,0.0,1.0,0.0,0.7294144775129059,0.6660064454556774,-0.6770329572453699,-1.054072192759669
559,2019-07-14,1,7,195,0,6,0,2,2355,0.0,0.0,1.0,0.0,0.6405233576836983,0.6590317062937713,0.350050671975389,-0.39263597004908485
560,2019-07-15,1,7,196,0,0,1,1,1920,0.0,0.0,1.0,0.0,0.7738569001676868,0.803446797327764,0.44032141197880725,-0.150628363885197
561,2019-07-16,1,7,197,0,1,1,1,1088,0.0,0.0,1.0,0.0,0.8287589470728582,0.8732642682932453,0.08926692937458043,-0.17673671882196576
562,2019-07-17,1,7,198,0,2,1,1,921,0.0,0.0,1.0,0.0,1.001308237346255,0.9896623743066987,-0.5807441679083905,-0.700567172428314
563,2019-07-18,1,7,199,0,3,1,1,799,0.0,0.0,1.0,0.0,0.9228767417674384,0.9524096691056128,-0.2377153558954012,-0.45829637720256344
564,2019-07-19,1,7,200,0,4,1,1,888,0.0,0.0,1.0,0.0,0.8496750583138171,0.8382872976574139,-0.1253752253759474,-0.16366148622863236
565,2019-07-20,1,7,201,0,5,0,2,747,0.0,0.0,1.0,0.0,0.5228761143154735,0.46348451108129696,1.04814439466849,0.29468752878630355
566,2019-07-21,1,7,202,0,6,0,3,1264,0.0,0.0,1.0,0.0,0.303267926694787,0.23069936421435072,1.1504512333390307,0.34030345698832765
567,2019-07-22,1,7,203,0,0,1,2,2544,0.0,0.0,1.0,0.0,0.528105926440669,0.5007372162823831,0.6549635667293348,-0.916468529167928
568,2019-07-23,1,7,204,0,1,1,1,1135,0.0,0.0,1.0,0.0,0.7607870757444326,0.7474607763131812,0.32597847464114416,-0.44523167217170473
569,2019-07-24,1,7,205,0,2,1,1,1140,0.0,0.0,1.0,0.0,0.78954319928345,0.8080720341913444,0.13741132404307016,0.32086957666039395
570,2019-07-25,1,7,206,0,3,1,1,1383,0.0,0.0,1.0,0.0,0.7058850288392612,0.6148153270907392,-0.8495487666609692,-0.170283323025095
571,2019-07-26,1,7,207,0,4,1,1,1036,0.0,0.0,1.0,0.0,0.870591169554776,0.929099065455032,-0.14342937337663103,1.093161032227501
572,2019-07-27,1,7,208,0,5,0,1,1259,0.0,0.0,1.0,0.0,0.8862774686705391,0.9104874664011032,-0.15346266522554416,-0.29459278072403333
573,2019-07-28,1,7,209,1,6,0,1,2234,0.0,0.0,1.0,0.0,0.8052294983992134,0.7754445658538389,-0.06319192522212592,-0.24871366346014656
574,2019-07-29,1,7,210,0,0,1,1,2153,0.0,0.0,1.0,0.0,0.6980418792813793,0.6660064454556774,-0.013039909295960241,-0.11137108341777317
575,2019-07-30,1,7,211,0,1,1,1,1040,0.0,0.0,1.0,0.0,0.7267980028203966,0.7289081914457095,0.20360986671224354,-0.2880130541774684
576,2019-07-31,1,7,212,0,2,1,1,968,0.0,0.0,1.0,0.0,0.671895955915225,0.6474280418816305,0.3741228693096339,-0.16370359647853042
577,2019-08-01,1,8,213,0,3,1,1,1074,0.0,0.0,1.0,0.0,0.6849689175983023,0.6637012037971944,0.24573621204717205,-0.41895487623534383
578,2019-08-02,1,8,214,0,4,1,1,983,0.0,0.0,1.0,0.0,0.7947730114086454,0.810425224876324,0.15947590011963872,-0.5434433024963484
579,2019-08-03,1,8,215,0,5,0,2,1328,0.0,0.0,1.0,0.0,0.8366020966307398,0.8686242778830506,0.077230830707458,0.3665381426747905
580,2019-08-04,1,8,216,0,6,0,1,2345,0.0,0.0,1.0,0.0,0.9228767417674384,0.973374458844521,-0.06319192522212592,0.8051795607374559
581,2019-08-05,1,8,217,0,0,1,1,1707,0.0,0.0,1.0,0.0,0.847061720881131,0.8989133090821915,0.12537522537594772,1.152199602584517
582,2019-08-06,1,8,218,0,1,1,2,1233,0.0,0.0,1.0,0.0,0.7947730114086454,0.8220731499283076,0.13340089596718524,-0.5434433024963484
583,2019-08-07,1,8,219,0,2,1,2,1278,0.0,0.0,1.0,0.0,0.7424843019361601,0.7755072684269496,0.37211524805195756,-0.6744693450540197
584,2019-08-08,1,8,220,0,3,1,2,1263,0.0,0.0,1.0,0.0,0.7869298618507639,0.8127452200814212,0.2236716359706035,-0.7398244528957377
585,2019-08-09,1,8,221,0,4,1,1,1196,0.0,0.0,1.0,0.0,0.8052294983992134,0.7824672540422416,-0.02908643603896793,-0.26187311655327605
586,2019-08-10,1,8,222,0,5,0,2,1065,0.0,0.0,1.0,0.0,0.6797391054731068,0.6660396409355597,0.4302881201298934,0.6088931584003371
587,2019-08-11,1,8,223,0,6,0,2,2247,0.0,0.0,1.0,0.0,0.6065374220194855,0.556586766990784,0.5125380039815418,0.2684949533497387
588,2019-08-12,1,8,224,0,0,1,1,2182,0.0,0.0,1.0,0.0,0.6326802081258167,0.5798678635481358,-0.46238598805537545,-0.6154728849469017
589,2019-08-13,1,8,225,0,1,1,1,1207,0.0,0.0,1.0,0.0,0.69542540458887,0.6450600976500367,-0.3901693960526409,-0.471245279046203
590,2019-08-14,1,8,226,0,2,1,1,1128,0.0,0.0,1.0,0.0,0.7137281783971428,0.698633913793183,0.2898701786397769,-0.12440420576120854
591,2019-08-15,1,8,227,0,3,1,1,1198,0.0,0.0,1.0,0.0,0.6509829819340894,0.6147526245176285,-0.03310167855431985,-0.11795080996433806
592,2019-08-16,1,8,228,0,4,1,1,1338,0.0,0.0,1.0,0.0,0.6901987297234977,0.6171537642291045,-0.5165484320574264,-0.41245937018857504
593,2019-08-17,1,8,229,0,5,0,1,1483,0.0,0.0,1.0,0.0,0.7032685541467516,-0.9035237923991575,-0.2678056025632073,0.530368069903015
594,2019-08-18,1,8,230,0,6,0,1,2827,0.0,0.0,1.0,0.0,0.5620918621048818,0.48209611013522563,-0.11133631989061565,-0.03271966417075698
595,2019-08-19,1,8,231,0,0,1,2,1208,0.0,0.0,1.0,0.0,0.4287583196208936,0.4285518010853081,0.4102311653110012,-0.9951178429024491
596,2019-08-20,1,8,232,0,1,1,2,1026,0.0,0.0,1.0,0.0,0.4287583196208936,0.4005680115446504,0.518556053315103,-0.5368635759497835
597,2019-08-21,1,8,233,0,2,1,1,1081,0.0,0.0,1.0,0.0,0.47059054210281115,0.4192238712384221,0.22768206404648839,-1.1391264755036783
598,2019-08-22,1,8,234,0,3,1,1,1094,0.0,0.0,1.0,0.0,0.528105926440669,0.496049276845692,0.24372859078949574,-1.1653137871590058
599,2019-08-23,1,8,235,0,4,1,1,1363,0.0,0.0,1.0,0.0,0.6169939090100536,0.5519430881939357,0.045132962781975955,-1.0146380492426736
600,2019-08-24,1,8,236,0,5,0,2,1325,0.0,0.0,1.0,0.0,0.6379100202510122,0.589166286301793,-0.055166254630888756,-1.145706202050243
601,2019-08-25,1,8,237,0,6,0,2,1829,0.0,0.0,1.0,0.0,0.5098062898922197,0.4844013517937087,0.4162492146445624,0.6677948704451845
602,2019-08-26,1,8,238,0,0,1,2,1483,0.0,0.0,1.0,0.0,0.48366036652606537,0.4006749747576041,1.05616525082026,0.5040912739666541
603,2019-08-27,1,8,239,0,1,1,1,989,0.0,0.0,1.0,0.0,0.6405233576836983,0.6171537642291045,0.5005019053144194,-0.549980918793015
604,2019-08-28,1,8,240,0,2,1,1,935,0.0,0.0,1.0,0.0,0.7189548532625151,0.6590612133869997,-0.031094057296643888,0.10474924662131053
605,2019-08-29,1,8,241,0,3,1,1,1177,0.0,0.0,1.0,0.0,0.5830079733458408,0.5472403952106303,-0.3580763425666255,-0.7202221315682121
606,2019-08-30,1,8,242,0,4,1,1,1172,0.0,0.0,1.0,0.0,0.6509829819340894,0.6101126341074339,-0.1735196200444371,-1.0933747417457333
607,2019-08-31,1,8,243,0,5,0,1,1433,0.0,0.0,1.0,0.0,0.8313754217653675,0.7451850417479267,-0.1875633399692355,-0.13098393230777342
608,2019-09-01,1,9,244,0,6,0,2,2352,0.0,0.0,1.0,0.0,0.7973863488413315,0.7940709184543818,0.05716906144909839,-0.7136424050216473
609,2019-09-02,1,9,245,0,0,1,2,2613,0.0,0.0,1.0,0.0,0.6196103837025628,0.596174220943582,0.9077216387389058,-1.2307162690318594
610,2019-09-03,1,9,246,0,1,1,1,1965,0.0,0.0,1.0,0.0,0.6535963193667756,0.6427548559915536,0.7913710801435664,-0.31428985011382937
611,2019-09-04,1,9,247,1,2,0,1,867,0.0,0.0,1.0,0.0,0.7111117037046335,0.7359198144741517,0.6188552707279674,0.5826584727138743
612,2019-09-05,1,9,248,0,3,1,1,832,0.0,0.0,1.0,0.0,0.7451007766286694,0.817414717584845,0.5526567280587941,0.07193483438828276
613,2019-09-06,1,9,249,0,4,1,2,611,0.0,0.0,1.0,0.0,0.6196103837025628,0.6195180200740446,0.8856570626623372,-0.4058796436420104
614,2019-09-07,1,9,250,0,5,0,1,1045,0.0,0.0,1.0,0.0,0.6405233576836983,0.6264337450494938,0.5285845307245491,-0.0982116303246437
615,2019-09-08,1,9,251,0,6,0,2,1557,0.0,0.0,1.0,0.0,0.5019631403343378,0.456461822892894,0.8314946186602863,1.0541143030095668
616,2019-09-09,1,9,252,0,0,1,1,2570,0.0,0.0,1.0,0.0,0.347713486609391,0.33771052619446107,-0.38014091864319444,0.4581700464528696
617,2019-09-10,1,9,253,0,1,1,1,1118,0.0,0.0,1.0,0.0,0.2640521789053788,0.28876194691489515,-0.590772645317837,0.8183916516429576
618,2019-09-11,1,9,254,0,2,1,1,1070,0.0,0.0,1.0,0.0,0.24575254235692917,0.24685449775700008,-0.5125380039815411,-0.9361192772828363
619,2019-09-12,1,9,255,0,3,1,1,1050,0.0,0.0,1.0,0.0,0.3137275509451782,0.30506830431034104,-0.2377153558954012,-0.5172086168098855
620,2019-09-13,1,9,256,0,4,1,1,1054,0.0,0.0,1.0,0.0,0.35555663616727257,0.3400452749461729,0.05115101211553717,-1.0343772288823678
621,2019-09-14,1,9,257,0,5,0,1,1379,0.0,0.0,1.0,0.0,0.42091517006301205,0.393619091089319,0.22166401471292718,-0.8118013975339186
622,2019-09-15,1,9,258,0,6,0,1,3160,0.0,0.0,1.0,0.0,0.3424836744841953,0.3633153063435642,-0.6008011227272835,0.700567172428314
623,2019-09-16,1,9,259,0,0,1,1,2166,0.0,0.0,1.0,0.0,0.253595691914811,0.2794340170680094,-0.27181603063909254,-0.955815293916385
624,2019-09-17,1,9,260,0,1,1,2,1022,0.0,0.0,1.0,0.0,0.25620902934749723,0.24227352153326248,0.5205588601333117,-0.30775223381716255
625,2019-09-18,1,9,261,0,2,1,2,371,0.0,0.0,1.0,0.0,0.3895425718314854,0.28659686394924805,1.1845519080827218,1.8592938637470229
626,2019-09-19,1,9,262,0,3,1,1,788,0.0,0.0,1.0,0.0,0.1673210467781127,0.1956301839121796,-0.4322957413875694,0.3600426366280217
627,2019-09-20,1,9,263,0,4,1,1,939,0.0,0.0,1.0,0.0,0.14902141022966334,0.16534115271303906,-0.03911972788788107,-0.6612151438986198
628,2019-09-21,1,9,264,0,5,0,1,1250,0.0,0.0,1.0,0.0,0.3137275509451782,0.3120614854055152,0.20360986671224354,-0.28157018594307237
629,2019-09-22,1,9,265,0,6,0,1,2512,0.0,0.0,1.0,0.0,0.4732038795354973,0.4541270741411824,0.09729259996581795,1.0802121303838612
630,2019-09-23,1,9,266,0,0,1,1,2454,1.0,0.0,0.0,0.0,0.09411936332449164,0.11643683407331615,-0.7673036972487882,0.44513692410943395
631,2019-09-24,1,9,267,0,1,1,1,1001,1.0,0.0,0.0,0.0,0.04706046597720153,0.0558735252216491,-0.6429274680622119,-0.406058612204077
632,2019-09-25,1,9,268,0,2,1,1,845,1.0,0.0,0.0,0.0,0.1594778972202311,0.20955384352941744,-0.27181603063909254,0.5826584727138743
633,2019-09-26,1,9,269,0,3,1,1,787,1.0,0.0,0.0,0.0,0.42614498218820746,0.4029507093228584,0.021060765447731094,0.6677106499453884
634,2019-09-27,1,9,270,0,4,1,2,751,1.0,0.0,0.0,0.0,0.4732038795354973,0.4448581584807537,0.3099271334586691,-0.4909318208735246
635,2019-09-28,1,9,271,0,5,0,2,1045,1.0,0.0,0.0,0.0,0.3764727474082312,0.36330055279694995,0.3059167053827842,-0.17682093932176185
636,2019-09-29,1,9,272,0,6,0,1,2589,1.0,0.0,0.0,0.0,0.13594844854658605,0.1583479716178649,-0.4022054947197633,0.4908897106236266
637,2019-09-30,1,9,273,0,0,1,1,2015,1.0,0.0,0.0,0.0,0.08627621376661004,0.11175258302327848,-0.2076251092275951,-0.4844468423892305
638,2019-10-01,1,10,274,0,1,1,2,763,1.0,0.0,0.0,0.0,0.06797343995833731,0.09086524940409524,0.10932869863294038,-0.9492787303759658
639,2019-10-02,1,10,275,0,2,1,3,315,1.0,0.0,0.0,0.0,0.28758162757902384,0.20274508176692177,1.1805414800068368,-0.8053585292995223
640,2019-10-03,1,10,276,0,3,1,2,728,1.0,0.0,0.0,0.0,0.49673332820914234,0.4122454436898622,0.8054148000683651,-1.204660551907463
641,2019-10-04,1,10,277,0,4,1,2,891,1.0,0.0,0.0,0.0,0.49673332820914234,0.4448581584807537,0.4643936093130521,-0.6677527601952865
642,2019-10-05,1,10,278,0,5,0,1,1516,1.0,0.0,0.0,0.0,0.3633997857251542,0.3423652701512702,0.005014238704723406,-0.7856193496598283
643,2019-10-06,1,10,279,0,6,0,1,3031,1.0,0.0,0.0,0.0,0.17255085890330812,0.1886849518435019,0.18154529063567498,0.9164243134055348
644,2019-10-07,1,10,280,0,0,1,2,781,1.0,0.0,0.0,0.0,-0.26143884147269236,-0.24915605102882946,0.39417982412852615,-0.4191338447974104
645,2019-10-08,1,10,281,0,1,1,2,874,1.0,0.0,0.0,0.0,-0.3633997857251539,-0.3679405432071443,0.40019787346208735,0.09163190377807909
646,2019-10-09,1,10,282,0,2,1,2,601,1.0,0.0,0.0,0.0,-0.16470457208560316,-0.18166226365509897,0.6509531386534498,0.09816952007474565
647,2019-10-10,1,10,283,0,3,1,1,780,1.0,0.0,0.0,0.0,0.04706046597720153,0.05819352042674642,0.021060765447731094,0.07207169270045131
648,2019-10-11,1,10,284,0,4,1,1,834,1.0,0.0,0.0,0.0,-0.20130698244232523,-0.20727810896416263,-0.7853578452494718,0.006537616296666564
649,2019-10-12,1,10,285,0,5,0,1,1060,1.0,0.0,0.0,0.0,-0.19346383288444363,-0.20025542077575997,-0.42025964272044697,0.5697200984327091
650,2019-10-13,1,10,286,0,6,0,1,2252,1.0,0.0,0.0,0.0,-0.33202718749362725,-0.3539689345634103,-0.6349066119104414,-0.3667065836743827
651,2019-10-14,1,10,287,0,0,1,1,2080,1.0,0.0,0.0,0.0,0.07058991465084659,0.0768641336671324,0.06720235329801187,1.027879617323104
652,2019-10-15,1,10,288,0,1,1,2,760,1.0,0.0,0.0,0.0,0.1960803075769532,0.19100494704859922,0.3901693960526412,1.211322393441329
653,2019-10-16,1,10,289,0,2,1,1,922,1.0,0.0,0.0,0.0,-0.09673270075717753,-0.09781048147277267,-0.32798609589881944,0.013117342843231447
654,2019-10-17,1,10,290,0,3,1,1,979,1.0,0.0,0.0,0.0,-0.13594844854658578,-0.13741637735883838,0.31996042530758295,-0.8380360832203815
655,2019-10-18,1,10,291,0,4,1,2,1008,1.0,0.0,0.0,0.0,0.07320325208353275,0.0931704910625783,0.4904686134655056,0.5891434511981684
656,2019-10-19,1,10,292,0,5,0,2,753,1.0,0.0,0.0,0.0,0.2013069824423255,0.18637971018501884,0.9077216387389058,-0.4844889526391283
657,2019-10-20,1,10,293,0,6,0,1,2806,1.0,0.0,0.0,0.0,-0.047057328717378145,-0.053564595176512346,-0.25777231071429413,-0.667847508257557
658,2019-10-21,1,10,294,0,0,1,1,2132,1.0,0.0,0.0,0.0,-0.10980252518043145,-0.11410208532160432,-0.5606823986500309,-0.15708175968206775
659,2019-10-22,1,10,295,0,1,1,1,830,1.0,0.0,0.0,0.0,-0.03660084172681039,-0.01631188997542618,-0.2798417012303297,-1.047405087444566
660,2019-10-23,1,10,296,0,2,1,1,841,1.0,0.0,0.0,0.0,0.14117826067178146,0.15837747871109342,0.07322040263157309,-0.9098888026213633
661,2019-10-24,1,10,297,0,3,1,1,795,1.0,0.0,0.0,0.0,0.27712514058845583,0.2631903622456745,0.04714058403965192,-1.1390380439788925
662,2019-10-25,1,10,298,0,4,1,2,875,1.0,0.0,0.0,0.0,0.1594778972202311,0.15610543253249257,0.8375126679938475,-0.5958600360569015
663,2019-10-26,1,10,299,0,5,0,2,1182,1.0,0.0,0.0,0.0,0.1464049355371538,0.13051540593000371,0.8696057214798621,-0.5106710005132187
664,2019-10-27,1,10,300,0,6,0,2,2643,1.0,0.0,0.0,0.0,0.0967327007571778,0.10242096478973906,0.4503498893882534,0.5760366359174113
665,2019-10-28,1,10,301,0,0,1,2,998,1.0,0.0,0.0,0.0,-0.06797343995833705,-0.07226840389678055,0.3279812814593528,0.0
666,2019-10-29,1,10,302,0,1,1,3,2,1.0,0.0,0.0,0.0,-0.18562068332656204,-0.17691162164529714,1.220660204084089,1.8657472595438938
667,2019-10-30,1,10,303,0,2,1,2,87,1.0,0.0,0.0,0.0,-0.5677954004633732,-0.6545244978031048,0.958056603364812,0.33723993630824717
668,2019-10-31,1,10,304,0,3,1,2,419,1.0,0.0,0.0,0.0,-0.4444446187366567,-0.46571229662005476,0.1935813893027974,-0.150628363885197
669,2019-11-01,1,11,305,0,4,1,2,466,1.0,0.0,0.0,0.0,-0.4183018326303256,-0.43309958182916325,-0.21564596537936562,-0.24875577371004462
670,2019-11-02,1,11,306,0,5,0,1,618,1.0,0.0,0.0,0.0,-0.45228776829453843,-0.4843681563138265,-0.5025095265720947,0.8969483228277035
671,2019-11-03,1,11,307,0,6,0,2,1029,1.0,0.0,0.0,0.0,-0.4888901786512605,-0.6031194530122594,-0.6509531386534492,0.942785329841692
672,2019-11-04,1,11,308,0,0,1,1,1201,1.0,0.0,0.0,0.0,-0.5437922255564323,-0.5821251561801224,-0.45034988938825304,-0.01965495913989829
673,2019-11-05,1,11,309,0,1,1,1,378,1.0,0.0,0.0,0.0,-0.5647051995375678,-0.6612889989257574,-0.6369094187286507,0.582700582963772
674,2019-11-06,1,11,310,0,2,1,1,466,1.0,0.0,0.0,0.0,-0.684968917598302,-0.7590607523386678,-0.2858597505638909,-0.07855667118474569
675,2019-11-07,1,11,311,0,3,1,2,326,1.0,0.0,0.0,0.0,-0.6379100202510121,-0.7846802860343851,-0.38014091864319444,1.2962903501730472
676,2019-11-08,1,11,312,0,4,1,1,340,1.0,0.0,0.0,0.0,-0.46115366455476786,-0.5365625158485363,-1.4105368822171453,1.7566290744956643
677,2019-11-09,1,11,313,0,5,0,1,709,1.0,0.0,0.0,0.0,-0.43137165705357955,-0.4866881515189238,-0.41223878656867646,0.3535471305812532
678,2019-11-10,1,11,314,1,6,0,1,2090,1.0,0.0,0.0,0.0,-0.3450970119168813,-0.3445967440766815,0.09127455063225673,-1.2962503454356438
679,2019-11-11,1,11,315,0,0,1,1,2290,1.0,0.0,0.0,0.0,-0.24575254235692917,-0.24214811638704076,0.1574730933014301,-0.5629614033240778
680,2019-11-12,1,11,316,0,1,1,1,1097,1.0,0.0,0.0,0.0,-0.04444399128469199,-0.04419240468978358,0.5546643493164704,-0.07851456093484764
681,2019-11-13,1,11,317,0,2,1,2,327,1.0,0.0,0.0,0.0,-0.4888901786512605,-0.6054099411241283,0.17552724130211375,1.6956850153307632
682,2019-11-14,1,11,318,0,3,1,1,373,1.0,0.0,0.0,0.0,-0.6588229942321476,-0.759075505885282,-0.3580763425666255,0.1963390401494913
683,2019-11-15,1,11,319,0,4,1,2,320,1.0,0.0,0.0,0.0,-0.5568620499796861,-0.6007367552340513,-0.02908643603896793,-0.2946454185364058
684,2019-11-16,1,11,320,0,5,0,1,484,1.0,0.0,0.0,0.0,-0.4836603665260651,-0.5169661175581037,-0.4904734279049723,-0.10474924662131053
685,2019-11-17,1,11,321,0,6,0,1,1313,1.0,0.0,0.0,0.0,-0.5464055629891184,-0.593762016072145,-0.3901693960526409,-0.013117342843231447
686,2019-11-18,1,11,322,0,0,1,1,922,1.0,0.0,0.0,0.0,-0.49150351608394666,-0.5518508785275962,0.31996042530758295,0.49097393112342264
687,2019-11-19,1,11,323,0,1,1,2,449,1.0,0.0,0.0,0.0,-0.37124293528303565,-0.4121532340235227,-0.015047530553636203,0.5694569093708467
688,2019-11-20,1,11,324,0,2,1,2,534,1.0,0.0,0.0,0.0,-0.39215590926417127,-0.393541634969594,0.28184450804853933,-1.0343330131199748
689,2019-11-21,1,11,325,0,3,1,1,615,1.0,0.0,0.0,0.0,-0.45751758041973384,-0.45172593442970643,-0.06118430396444997,-0.8182969035806874
690,2019-11-22,1,11,326,0,4,1,1,955,1.0,0.0,0.0,0.0,-0.4993466656418284,-0.5052849970262382,-0.22166401471292685,-1.348624968746299
691,2019-11-23,1,11,327,1,5,0,1,1603,1.0,0.0,0.0,0.0,-0.4104586830724439,-0.40050530897153963,-0.27783407997265375,-0.34692529378479026
692,2019-11-24,1,11,328,1,6,0,1,532,1.0,0.0,0.0,0.0,-0.6928120671561837,-0.8801320442421982,-1.068206163926849,2.06230737850535
693,2019-11-25,1,11,329,0,0,1,1,309,1.0,0.0,0.0,0.0,-0.7947730114086453,-0.8475230178379601,-0.761285647915227,-0.3208274664104959
694,2019-11-26,1,11,330,0,1,1,1,337,1.0,0.0,0.0,0.0,-0.5830079733458404,-0.5472108881174015,-0.43831379072113064,-1.4141148293876908
695,2019-11-27,1,11,331,0,2,1,2,123,1.0,0.0,0.0,0.0,-0.6509798446742661,-0.75909394781855,0.7713141253246741,0.5957231777447329
696,2019-11-28,1,11,332,0,3,1,1,198,1.0,0.0,0.0,0.0,-0.6352935455585027,-0.728834423712638,-0.5787365466507145,0.3142056296140333
697,2019-11-29,1,11,333,0,4,1,1,243,1.0,0.0,0.0,0.0,-0.6848528389848454,-0.6968929952926968,-0.34089360810944175,-0.6890605466436815
698,2019-11-30,1,11,334,0,5,0,1,362,1.0,0.0,0.0,0.0,-0.6300668706931304,-0.6030419968925345,0.11133150545114899,-1.2896706188890792
699,2019-12-01,1,12,335,0,6,0,2,951,1.0,0.0,0.0,0.0,-0.6300668706931304,-0.6287242331613624,0.8676029146616536,-1.2766859233330268
700,2019-12-02,1,12,336,0,0,1,2,892,1.0,0.0,0.0,0.0,-0.47581721696818335,-0.4726907241686147,0.947840362816158,-0.5958179258070037
701,2019-12-03,1,12,337,0,1,1,1,555,1.0,0.0,0.0,0.0,-0.1464049355371538,-0.11643683407331588,0.6790357640635796,-1.0343772288823678
702,2019-12-04,1,12,338,0,2,1,1,551,1.0,0.0,0.0,0.0,-0.07320325208353247,-0.06753620382024642,0.5165484320574267,-0.07207169270045131
703,2019-12-05,1,12,339,0,3,1,1,331,1.0,0.0,0.0,0.0,-0.19085049545175747,-0.21891496885618514,-0.6810433853212552,1.5059257017278362
704,2019-12-06,1,12,340,0,4,1,1,340,1.0,0.0,0.0,0.0,-0.7634004131771186,-0.8452325297260914,-0.5667004479835921,-0.06549196615388671
705,2019-12-07,1,12,341,0,5,0,2,349,1.0,0.0,0.0,0.0,-0.5594785246721954,-0.6100831270142051,0.6629892373205722,-0.530325959653117
706,2019-12-08,1,12,342,0,6,0,2,1153,1.0,0.0,0.0,0.0,-0.36862646059052634,-0.3609326085653559,1.3711114374231195,-0.8379518627205855
707,2019-12-09,1,12,343,0,0,1,2,441,1.0,0.0,0.0,0.0,-0.3607833110326446,-0.3585794178803764,1.3430288120129896,-0.24213393691358195
708,2019-12-10,1,12,344,0,1,1,2,329,1.0,0.0,0.0,0.0,-0.19869364500963907,-0.19101970059521348,1.4373099800922928,0.09825374057454173
709,2019-12-11,1,12,345,0,2,1,2,282,1.0,0.0,0.0,0.0,-0.45751758041973384,-0.5495751439623416,-0.14342937337663103,1.211322393441329
710,2019-12-12,1,12,346,0,3,1,2,310,1.0,0.0,0.0,0.0,-0.6326802081258166,-0.7008912064251698,-0.42427488523579887,-0.18989617191509525
711,2019-12-13,1,12,347,0,4,1,1,425,1.0,0.0,0.0,0.0,-0.6379100202510121,-0.7125096243839243,-0.6770329572453699,-0.07207169270045131
712,2019-12-14,1,12,348,0,5,0,1,429,1.0,0.0,0.0,0.0,-0.6823524429057927,-0.71249487083731,0.07923845196513431,-0.523704122856654
713,2019-12-15,1,12,349,0,6,0,1,767,1.0,0.0,0.0,0.0,-0.5490189004218046,-0.5495013762292703,0.1153467479665016,-0.7856193496598283
714,2019-12-16,1,12,350,0,0,1,2,538,1.0,0.0,0.0,0.0,-0.4287583196208934,-0.4331143353757775,1.022064576076569,-0.8446579200168443
715,2019-12-17,1,12,351,0,1,1,2,212,1.0,0.0,0.0,0.0,-0.33202718749362725,-0.31670147581570984,1.3510496681647595,-0.8708052269347688
716,2019-12-18,1,12,352,0,2,1,1,433,1.0,0.0,0.0,0.0,-0.27712514058845583,-0.28642719816318357,0.1915737680451211,0.4256188232817045
717,2019-12-19,1,12,353,0,3,1,1,333,1.0,0.0,0.0,0.0,-0.5228761143154733,-0.5355629630654182,-0.0050142387047230645,0.032814412233027494
718,2019-12-20,1,12,354,0,4,1,2,314,1.0,0.0,0.0,0.0,-0.530719263873355,-0.5611788083744819,0.19959943863635862,-0.5107131107631168
719,2019-12-21,1,12,355,0,5,0,2,221,0.0,0.0,0.0,1.0,-0.5411757508639228,-0.6845553419364954,-0.33600695205058995,2.036114803068785
720,2019-12-22,1,12,356,0,6,0,1,205,0.0,0.0,0.0,1.0,-0.732027814945592,-0.9267126792901702,-0.8916751119958978,0.0
721,2019-12-23,1,12,357,0,0,1,1,408,0.0,0.0,0.0,1.0,-0.7947730114086453,-0.8405593438360145,-0.5346025800581101,-0.5041860220289246
722,2019-12-24,1,12,358,1,1,0,2,174,0.0,0.0,0.0,1.0,-0.8403542593792304,-0.8426654126152046,0.7936386811324523,-1.0921777578923821
723,2019-12-25,1,12,359,1,2,0,2,440,0.0,0.0,0.0,1.0,-0.6521186699900704,-0.7114879412808846,0.5215217480266819,-0.12895211275019425
724,2019-12-26,1,12,360,0,3,1,3,9,0.0,0.0,0.0,1.0,-0.8026161609665269,-0.9849154206835504,0.947840362816158,1.4272321722309222
725,2019-12-27,1,12,361,0,4,1,2,247,0.0,0.0,0.0,1.0,-0.7686270880424909,-0.9616453892861591,0.12738284663362404,1.7808214130620734
726,2019-12-28,1,12,362,0,5,0,2,644,0.0,0.0,0.0,1.0,-0.7712435627350002,-0.8568804547780746,-0.17552724130211309,-0.268494953349739
727,2019-12-29,1,12,363,0,6,0,2,159,0.0,0.0,0.0,1.0,-0.7712435627350002,-0.9035237923991575,0.6088267933185213,-0.5957758155571057
728,2019-12-30,1,12,364,0,0,1,1,364,0.0,0.0,0.0,1.0,-0.7634004131771186,-0.9429895295923874,-0.6890690559124923,1.78735902935874
729,2019-12-31,1,12,365,1,1,0,2,439,0.0,0.0,0.0,1.0,-0.8888908061032252,-0.9732822491781815,-0.23570773463772524,-0.2750746798963036
