,dteday,yr,mnth,dia_anual,holiday_num,weekday_num,workingday_num,weathersit,registered,seasons_autumn,seasons_spring,seasons_summer,seasons_winter,temp,atemp,hum,windspeed
0,2018-01-01,0,1,1,1,0,0,2,654,0.0,0.0,0.0,1.0,-0.8276133293387934,-0.6808176679882338,1.2676058249266382,-0.3634366712918128
1,2018-01-02,0,1,2,0,1,1,2,670,0.0,0.0,0.0,1.0,-0.722068842565749,-0.741507266995984,0.48041494675560764,0.874656344096301
2,2018-01-03,0,1,3,0,2,1,1,1229,0.0,0.0,0.0,1.0,-1.6354322811546653,-1.7503444674147217,-1.3760173600524508,0.8714238353437412
3,2018-01-04,0,1,4,0,3,1,1,1454,0.0,0.0,0.0,1.0,-1.6155596824333776,-1.6108860797292004,-0.2774103102972757,-0.36554482917391706
4,2018-01-05,0,1,5,0,4,1,1,1518,0.0,0.0,0.0,1.0,-1.4682258970291537,-1.5056154704044076,-1.3782839785852632,0.008358052796107475
5,2018-01-06,0,1,6,0,5,0,1,1518,0.0,0.0,0.0,1.0,-1.591795639738064,-1.4814341705367635,-0.7951031140542785,-1.3596227860242185
6,2018-01-07,0,1,7,0,6,0,2,1362,0.0,0.0,0.0,1.0,-1.6345687303851484,-1.6310402324241675,-0.9354397963152831,-0.24706635619965361
7,2018-01-08,0,1,8,0,0,1,2,891,0.0,0.0,0.0,1.0,-1.8068525744149713,-1.9170229321789771,-0.6690619088056007,1.1313597022072055
8,2018-01-09,0,1,9,0,1,1,1,768,0.0,0.0,0.0,1.0,-1.9526013615713476,-2.199899326340228,-1.39829621183383,2.468578301211865
9,2018-01-10,0,1,10,0,2,1,1,1280,0.0,0.0,0.0,1.0,-1.884282471577921,-1.9867981681006939,-1.0486200932432868,0.5194739041193628
10,2018-01-11,0,1,11,0,3,1,2,1220,0.0,0.0,0.0,1.0,-1.7844931680979226,-1.7377043820053593,0.4106733898108719,-0.9019164119247824
11,2018-01-12,0,1,12,0,4,1,1,1137,0.0,0.0,0.0,1.0,-1.7646205693766346,-1.9279563911950406,-0.2120657063924582,1.6629387393727533
12,2018-01-13,0,1,13,0,5,0,1,1368,0.0,0.0,0.0,1.0,-1.8068525744149713,-1.986828862819998,-1.1382806364716311,1.611963481783471
13,2018-01-14,0,1,14,0,6,0,1,1367,0.0,0.0,0.0,1.0,-1.8294251356687994,-1.7564342997246234,-0.6547664317932734,-0.8398522438756306
14,2018-01-15,0,1,15,0,0,1,2,1026,0.0,0.0,0.0,1.0,-1.433377797621307,-1.3899454901794397,-0.9350524627685365,-0.39833371143357993
15,2018-01-16,0,1,16,1,1,0,1,953,0.0,0.0,0.0,1.0,-1.4424833392796306,-1.475246115125089,-1.0426451146425497,0.029903426351213996
16,2018-01-17,0,1,17,0,2,1,2,883,0.0,0.0,0.0,1.0,-1.7476446915910682,-1.8279038841519177,-0.6571047787606688,0.10838311710901775
17,2018-01-18,0,1,18,0,3,1,2,674,0.0,0.0,0.0,1.0,-1.5244660072717424,-1.486811885358814,1.6680943665755497,-0.5555741806668015
18,2018-01-19,0,1,19,0,4,1,2,1572,0.0,0.0,0.0,1.0,-1.1117816531330509,-1.0810952245431948,0.8078695963124384,0.3093608352029642
19,2018-01-20,0,1,20,0,5,0,2,1844,0.0,0.0,0.0,1.0,-1.2785180032954075,-1.3473534976732926,-0.6511298001599318,0.13490374326589025
20,2018-01-21,0,1,21,0,6,0,1,1468,0.0,0.0,0.0,1.0,-1.7385336844215449,-1.944163202987521,-1.2339233311441704,2.3461927089627683
21,2018-01-22,0,1,22,0,0,1,1,888,0.0,0.0,0.0,1.0,-2.3854840588988155,-2.427687293872312,-1.6433707542724574,-0.20147392840267697
22,2018-01-23,0,1,23,0,1,1,1,836,0.0,0.0,0.0,1.0,-2.181121489985919,-2.306323443216463,-1.3814041654896096,0.8474048898736327
23,2018-01-24,0,1,24,0,2,1,1,1330,0.0,0.0,0.0,1.0,-2.1763686814468564,-2.189125479864545,-0.98534126825445,-0.3931757518153645
24,2018-01-25,0,1,25,0,3,1,2,1799,0.0,0.0,0.0,1.0,-1.4872404104921244,-1.4733491814721058,-0.0871721560971036,-0.7942035985351316
25,2018-01-26,0,1,26,0,4,1,3,472,0.0,0.0,0.0,1.0,-1.5199132364425805,-1.663202159310836,1.674069345176286,1.5114746227364977
26,2018-01-27,0,1,27,0,5,0,1,416,0.0,0.0,0.0,1.0,-1.6428872384307478,-1.564365163152149,0.41882173997946426,-1.018497542805152
27,2018-01-28,0,1,28,0,6,0,2,1129,0.0,0.0,0.0,1.0,-1.5965506344816063,-1.5421606032076784,1.1758651570953964,-0.8855008892161297
28,2018-01-29,0,1,29,0,0,1,1,975,0.0,0.0,0.0,1.0,-1.6345687303851484,-1.6108615239537574,0.16231368506835853,-0.5753908647585825
29,2018-01-30,0,1,30,0,1,1,1,956,0.0,0.0,0.0,1.0,-1.525258506395666,-1.3763784242470982,0.6675329140514332,-1.5786266594487448
30,2018-01-31,0,1,31,0,2,1,2,1459,0.0,0.0,0.0,1.0,-1.720317135593698,-1.769712835295508,-0.18190389965044335,0.012461933473270745
31,2018-02-01,0,2,32,0,3,1,2,1313,0.0,0.0,0.0,1.0,-1.6583327730804618,-1.4733246256966626,1.4378317458782446,-1.8705306324364392
32,2018-02-02,0,2,33,0,4,1,2,1454,0.0,0.0,0.0,1.0,-1.2876290104649308,-1.3512394491371713,1.0494366182999733,1.096279955048989
33,2018-02-03,0,2,34,0,5,0,1,1489,0.0,0.0,0.0,1.0,-1.6868463450081181,-1.8211080732980252,-1.3720507776200288,1.28522711882906
34,2018-02-04,0,2,35,0,6,0,2,1620,0.0,0.0,0.0,1.0,-1.5537775438345223,-1.5098083690613258,-0.31483820746251573,-0.8217080317036528
35,2018-02-05,0,2,36,0,0,1,2,905,0.0,0.0,0.0,1.0,-1.433377797621307,-1.4209717124518624,2.1522613000086097,-0.35454024502933223
36,2018-02-06,0,2,37,0,1,1,1,1269,0.0,0.0,0.0,1.0,-1.146438459648916,-1.1225392345473746,-0.4359444964119052,-0.625494750423262
37,2018-02-07,0,2,38,0,2,1,1,1592,0.0,0.0,0.0,1.0,-1.2238628913006664,-1.0489517144881086,0.7834388914935784,-1.9802208979195037
38,2018-02-08,0,2,39,0,3,1,1,1466,0.0,0.0,0.0,1.0,-1.5016966876147333,-1.696070064741495,-0.6541137030385713,2.468578301211865
39,2018-02-09,0,2,40,0,4,1,2,1552,0.0,0.0,0.0,1.0,-1.9720039263294806,-2.0273458923011987,-0.963507132767484,0.035609507018776194
40,2018-02-10,0,2,41,0,5,0,1,1491,0.0,0.0,0.0,1.0,-1.9197263117065104,-1.9950243528741498,-1.3751709645243753,0.5007534621262765
41,2018-02-11,0,2,42,0,6,0,1,1597,0.0,0.0,0.0,1.0,-1.6751829441084405,-1.6023713645942874,-0.8804384326772872,-1.0928030809563893
42,2018-02-12,0,2,43,0,0,1,1,1184,0.0,0.0,0.0,1.0,-1.4925856804452098,-1.4829996012212645,-0.6092834314243991,0.23979162509352125
43,2018-02-13,0,2,44,1,1,0,1,1192,0.0,0.0,0.0,1.0,-0.9787073864482552,-0.9233796178156899,-1.2317140953590242,1.0481436834076072
44,2018-02-14,0,2,45,0,2,1,1,1705,0.0,0.0,0.0,1.0,-0.4404747745464437,-0.46764284242236975,-1.8167168621284093,-0.07491418354701358
45,2018-02-15,0,2,46,0,3,1,1,1675,0.0,0.0,0.0,1.0,-1.2543604437937321,-1.352117318109264,-2.25773914215999,1.4766759632958955
46,2018-02-16,0,2,47,0,4,1,1,1897,0.0,0.0,0.0,1.0,-0.9692028624723698,-0.9719570805861053,-1.4749667355592517,0.9203612069803233
47,2018-02-17,0,2,48,0,5,0,1,2216,0.0,0.0,0.0,1.0,-0.32661177972779953,-0.2815837318896066,-0.8902221911543643,0.6155637403856786
48,2018-02-18,0,2,49,0,6,0,1,2348,0.0,0.0,0.0,1.0,0.14251490856786106,0.22994376531055497,-0.8065366265267568,1.1049515111373782
49,2018-02-19,0,2,50,0,0,1,1,1103,0.0,0.0,0.0,1.0,-0.5270102133677175,-0.5102839464794034,-0.02051492183942339,-0.07491418354701358
50,2018-02-20,0,2,51,1,1,0,1,1173,0.0,0.0,0.0,1.0,-1.1498052145477922,-1.2105778284549356,-1.5872360813680553,0.5190241637711805
51,2018-02-21,0,2,52,0,2,1,2,912,0.0,0.0,0.0,1.0,-1.0507920136581193,-1.1691706521139205,-0.1729378453276089,1.7081798075227128
52,2018-02-22,0,2,53,0,3,1,1,1376,0.0,0.0,0.0,1.0,-1.712725540537628,-1.7710449861132989,-0.3681969899485683,0.13179772398625667
53,2018-02-23,0,2,54,0,4,1,1,1778,0.0,0.0,0.0,1.0,-1.49674493446801,-1.404648260726027,-1.4780869224635982,-1.2957062499159913
54,2018-02-24,0,2,55,0,5,0,2,1707,0.0,0.0,0.0,1.0,-1.0927726051812798,-1.1377638153221288,0.48976833462518815,0.9021607772648226
55,2018-02-25,0,2,56,0,6,0,2,1341,0.0,0.0,0.0,1.0,-0.7173138478222063,-0.761630724971647,0.5958044794687577,2.2519861604044653
56,2018-02-26,0,2,57,0,0,1,1,1545,0.0,0.0,0.0,1.0,-1.1646550084767635,-1.180730283403784,-0.6541137030385713,0.003734159841358628
57,2018-02-27,0,2,58,0,1,1,1,1708,0.0,0.0,0.0,1.0,-0.831379066555231,-0.7576526893498564,0.3650254140424576,-0.8581229455205348
58,2018-02-28,0,2,59,0,2,1,2,1365,0.0,0.0,0.0,1.0,-0.48270677958478025,-0.45678918967649657,1.773513646881707,1.452952159929281
59,2018-03-01,0,3,60,0,3,1,1,1714,0.0,0.0,0.0,1.0,-1.251190447298037,-1.2931527623263952,-0.6750368874063376,0.4233137959236439
60,2018-03-02,0,3,61,0,4,1,1,1903,0.0,0.0,0.0,1.0,-0.8777156705043726,-0.9481932289009949,-1.287719657081177,1.7079971005062637
61,2018-03-03,0,3,62,0,5,0,1,1562,0.0,0.0,0.0,1.0,-1.6246706896029008,-1.684485877676188,-2.2291553609787935,0.5544271618046527
62,2018-03-04,0,3,63,0,6,0,2,1730,0.0,0.0,0.0,1.0,-1.2785180032954075,-1.3434921019848567,-0.13408255231417365,0.23949648299002657
63,2018-03-05,0,3,64,0,0,1,2,1437,0.0,0.0,0.0,1.0,-0.608992881359829,-0.5877881127218523,1.1480632158511521,0.9214855578507789
64,2018-03-06,0,3,65,0,1,1,2,491,0.0,0.0,0.0,1.0,-0.6507767144798084,-0.6646906624659435,2.2892195730007696,2.206281297520444
65,2018-03-07,0,3,66,0,2,1,1,1628,0.0,0.0,0.0,1.0,-1.2781244864890453,-1.449192437379905,-0.5580908476627433,2.179086060841298
66,2018-03-08,0,3,67,0,3,1,1,1817,0.0,0.0,0.0,1.0,-1.1099998964820224,-1.05667450586498,-1.4939389065063693,-0.9227450117999729
67,2018-03-09,0,3,68,0,4,1,2,1700,0.0,0.0,0.0,1.0,-1.091783347654175,-1.1536207073145444,1.0494366182999733,0.47566638332923483
68,2018-03-10,0,3,69,0,5,0,3,577,0.0,0.0,0.0,1.0,-0.5820807042136185,-0.5454969284648834,-0.02051492183942339,1.0621137429730185
69,2018-03-11,0,3,70,0,6,0,2,1730,0.0,0.0,0.0,1.0,-0.9787073864482552,-1.040713251826931,0.14671992339008502,0.655843610319752
70,2018-03-12,0,3,71,0,0,1,1,1408,0.0,0.0,0.0,1.0,-0.9095959973309051,-0.9133301667155796,-0.24765735563238192,0.48445037450466977
71,2018-03-13,0,3,72,0,1,1,1,1435,0.0,0.0,0.0,1.0,-0.6080036238327243,-0.5797338183764984,-0.7296150532802954,1.1847663685538485
72,2018-03-14,0,3,73,0,2,1,1,1687,0.0,0.0,0.0,1.0,-0.9311847665688278,-0.8749617675856545,-0.94791337108921,-0.6939958272057722
73,2018-03-15,0,3,74,0,3,1,2,1767,0.0,0.0,0.0,1.0,-0.9739578572159122,-0.9598142496294667,0.19038102152055952,-0.02805686102077453
74,2018-03-16,0,3,75,0,4,1,2,1871,0.0,0.0,0.0,1.0,-0.7125643185898635,-0.6605284585283294,1.057362610321358,0.23627802862334735
75,2018-03-17,0,3,76,0,5,0,1,2320,0.0,0.0,0.0,1.0,-0.4404747745464437,-0.3940798781385472,-0.1878788782511803,0.32709747018440216
76,2018-03-18,0,3,77,0,6,0,1,2355,0.0,0.0,0.0,1.0,0.24271412538782006,0.32218753576275533,-0.7452088149585689,0.6283953946947536
77,2018-03-19,0,3,78,0,0,1,1,1693,0.0,0.0,0.0,1.0,-0.1262078805766826,-0.04912034471314664,-1.7928026020385455,2.555954418232149
78,2018-03-20,0,3,79,0,1,1,1,1424,0.0,0.0,0.0,1.0,-0.8913794485030578,-0.9133301667155796,-1.1143735492252254,0.3009844212180696
79,2018-03-21,0,3,80,0,2,1,2,1676,0.0,1.0,0.0,0.0,-0.35611460918256077,-0.3977509665672982,0.7766820729558903,1.4402610494790131
80,2018-03-22,0,3,81,0,3,1,1,2243,0.0,1.0,0.0,0.0,-0.2947259873900679,-0.20801462866192308,-0.03247205188435531,0.5543709442611299
81,2018-03-23,0,3,82,0,4,1,2,1918,0.0,1.0,0.0,0.0,-0.8123645530922606,-0.8385025799964346,1.5095601804609202,0.6739878224917298
82,2018-03-24,0,3,83,0,5,0,2,1699,0.0,1.0,0.0,0.0,-1.150991230478078,-1.2504625467184751,1.2676058249266382,0.8078699023912361
83,2018-03-25,0,3,84,0,6,0,1,1910,0.0,1.0,0.0,0.0,-1.264854225296722,-1.339606150520978,-0.9619506257370398,0.6242915140175903
84,2018-03-26,0,3,85,0,0,1,1,1515,0.0,1.0,0.0,0.0,-1.2557486836383984,-1.3318772202002458,-1.6852099501645321,0.32698503509735655
85,2018-03-27,0,3,86,0,1,1,2,1221,0.0,1.0,0.0,0.0,-1.3256525718796723,-1.3762740622014649,-0.9697475065761765,-0.02818335049370077
86,2018-03-28,0,3,87,0,2,1,1,1806,0.0,1.0,0.0,0.0,-1.2638649677696174,-1.3318588033686636,-2.3450613384209387,0.3639902331212279
87,2018-03-29,0,3,88,0,3,1,1,2108,0.0,1.0,0.0,0.0,-1.0553447844872812,-1.1149453609915798,-2.2590374268259366,0.5718827090684765
88,2018-03-30,0,3,89,0,4,1,2,1368,0.0,1.0,0.0,0.0,-1.0690085624859664,-1.0876761723619595,0.12593302304802567,-0.18857200216419853
89,2018-03-31,0,3,90,1,5,0,3,1506,0.0,1.0,0.0,0.0,-1.2420849056397132,-1.3318526644248028,2.074550713981738,0.440474201083973
90,2018-04-01,0,4,91,0,6,0,2,1920,0.0,1.0,0.0,0.0,-1.0690085624859664,-1.1729829362514697,0.40985568565662983,1.017575394117094
91,2018-04-02,0,4,92,0,0,1,2,1354,0.0,1.0,0.0,0.0,-0.9870258944938549,-0.975413305979729,0.17673827326293434,0.15235929052971411
92,2018-04-03,0,4,93,0,1,1,1,1598,0.0,1.0,0.0,0.0,-0.6408786736975608,-0.5878617800481816,-1.0695432776110532,-0.057514853826712536
93,2018-04-04,0,4,94,0,2,1,1,2381,0.0,1.0,0.0,0.0,0.4248960101998905,0.4199195220265009,-1.4550836134929341,-0.07491418354701358
94,2018-04-05,0,4,95,0,3,1,2,1628,0.0,1.0,0.0,0.0,-0.4450275453756056,-0.46764284242236975,0.09305270863532636,-0.07491418354701358
95,2018-04-06,0,4,96,0,4,1,1,2395,0.0,1.0,0.0,0.0,-0.5725597837041349,-0.5335873773749545,-1.1352967335929915,1.0787822446275233
96,2018-04-07,0,4,97,0,5,0,1,2570,0.0,1.0,0.0,0.0,-0.3175007725582763,-0.25065573271895675,-0.1878788782511803,-0.33721118723843463
97,2018-04-08,0,4,98,0,6,0,2,1299,0.0,1.0,0.0,0.0,-0.8731628996752108,-0.9211327643626416,1.4857822043967628,0.5718264915249537
98,2018-04-09,0,4,99,0,0,1,2,1576,0.0,1.0,0.0,0.0,-0.8367243365083167,-0.8164637715362055,1.7816619970502994,-0.7480068321452853
99,2018-04-10,0,4,100,0,1,1,2,1707,0.0,1.0,0.0,0.0,-0.37670865538217935,-0.2933766430461806,1.6382051278849483,-0.5556866157538471
100,2018-04-11,0,4,101,0,2,1,2,2493,0.0,1.0,0.0,0.0,0.546880754660953,0.5567443027957442,0.6301050168861932,1.9418761359469179
101,2018-04-12,0,4,102,0,3,1,2,1777,0.0,1.0,0.0,0.0,0.03775745540754075,0.11373969696969835,0.7894210429377744,1.2448488681938223
102,2018-04-13,0,4,103,0,4,1,2,1953,0.0,1.0,0.0,0.0,-0.45413855254512886,-0.3514142183060705,1.3632485195991786,0.9038613579563866
103,2018-04-14,0,4,104,0,5,0,1,2738,0.0,1.0,0.0,0.0,-0.15353543657405294,-0.07234396933850788,-0.6361815943929023,-1.0625861513128938
104,2018-04-15,0,4,105,0,6,0,1,2484,0.0,1.0,0.0,0.0,-0.2673984313926971,-0.2002120310148616,0.30226303378261654,0.5631549354365648
105,2018-04-16,0,4,106,0,0,1,3,674,0.0,1.0,0.0,0.0,-0.35393933572517033,-0.30101962815286154,1.8593654102337114,2.1714404749222
106,2018-04-17,0,4,107,0,1,1,1,2186,0.0,1.0,0.0,0.0,-0.21274331939795596,-0.17698840638950036,-1.0725343533331506,1.6470432289416868
107,2018-04-18,0,4,108,0,2,1,1,2760,0.0,1.0,0.0,0.0,0.09241256740228188,0.175693918412771,-0.621240561469331,-0.3195729329581617
108,2018-04-19,0,4,109,0,3,1,2,2795,0.0,1.0,0.0,0.0,0.0559740042353883,0.09043626607414726,0.2634077407691808,-0.3982212763465343
109,2018-04-20,0,4,110,0,4,1,1,3331,0.0,1.0,0.0,0.0,0.543317241358896,0.5516796741105938,-0.10718438934567033,0.7817006358813804
110,2018-04-21,0,4,111,0,5,0,1,3444,0.0,1.0,0.0,0.0,-0.1990795413992708,-0.1266736225064817,-1.5925655040575482,1.9528947744773837
111,2018-04-22,0,4,112,0,6,0,2,1506,0.0,1.0,0.0,0.0,-0.8686046633348492,-0.9366335976111311,0.7206765112337373,0.4668261746102775
112,2018-04-23,0,4,113,0,0,1,2,2574,0.0,1.0,0.0,0.0,-0.1945267705701089,-0.14982357980551367,1.856381507355073,0.6242915140175903
113,2018-04-24,0,4,114,0,1,1,2,2481,0.0,1.0,0.0,0.0,0.4704455805363078,0.4741509520927019,1.303470042217976,0.08249493831677647
114,2018-04-25,0,4,115,0,2,1,1,3300,0.0,1.0,0.0,0.0,0.6070833605231604,0.6137321186554393,1.0584026726228075,-0.013665169878942418
115,2018-04-26,0,4,116,0,3,1,1,3722,0.0,1.0,0.0,0.0,0.7437211405100134,0.7339510562812507,0.7176926083550988,1.970350321741207
116,2018-04-27,0,4,117,0,4,1,2,3325,0.0,1.0,0.0,0.0,0.679955021345749,0.6176733206140652,1.4798072257960264,1.769372603647261
117,2018-04-28,0,4,118,0,5,0,2,3489,0.0,1.0,0.0,0.0,0.6662912433470634,0.6409215010148691,0.5144572618085451,1.8917581958963579
118,2018-04-29,0,4,119,0,6,0,1,3717,0.0,1.0,0.0,0.0,0.07874878940359671,0.14080630045191267,-1.2339233311441704,0.7555313693715253
119,2018-04-30,0,4,120,0,0,1,1,3347,0.0,1.0,0.0,0.0,-0.1262078805766826,-0.06449226014056021,-0.9021793211992961,0.6854280925986163
120,2018-05-01,0,5,121,0,1,1,2,2213,0.0,1.0,0.0,0.0,-0.24007087539532676,-0.16159193518664414,0.9537939236274328,-1.1236665123503968
121,2018-05-02,0,5,122,0,2,1,2,3554,0.0,1.0,0.0,0.0,0.29281646655339927,0.3579407448079847,0.7236675869558353,-0.04007336094876928
122,2018-05-03,0,5,123,0,3,1,2,3848,0.0,1.0,0.0,0.0,0.6617384725179015,0.6602591741763517,0.4875590988400418,2.197567578274412
123,2018-05-04,0,5,124,0,4,1,2,2378,0.0,1.0,0.0,0.0,-0.4450275453756056,-0.4289674960994051,0.7744728371707439,2.0054300688994235
124,2018-05-05,0,5,125,0,5,0,1,3819,0.0,1.0,0.0,0.0,-0.1990795413992708,-0.20018747523941852,-1.3265677772511544,1.5331464857645303
125,2018-05-06,0,5,126,0,6,0,1,3714,0.0,1.0,0.0,0.0,-0.08976931740978857,-0.0025134829220440314,-0.2805304972016222,0.589450691419346
126,2018-05-07,0,5,127,0,0,1,1,3102,0.0,1.0,0.0,0.0,0.13340390139833783,0.23386041149373732,-0.6302066157921654,-0.36338045374829
127,2018-05-08,0,5,128,0,1,1,1,2932,0.0,1.0,0.0,0.0,0.1789480062235557,0.2726094251430317,0.018340371174011858,-1.5694224421354774
128,2018-05-09,0,5,129,0,2,1,1,3698,0.0,1.0,0.0,0.0,0.2017227913917641,0.3113645777361862,-0.28949655152445664,-0.14483475330347403
129,2018-05-10,0,5,130,0,3,1,1,4109,0.0,1.0,0.0,0.0,0.2017227913917641,0.2958637444876966,-1.0037898216291146,-0.9927217990999563
130,2018-05-11,0,5,131,0,4,1,1,3632,0.0,1.0,0.0,0.0,0.25637790338650523,0.33072680667311183,0.0273064254968463,-0.9228574468870187
131,2018-05-12,0,5,132,0,5,0,1,4169,0.0,1.0,0.0,0.0,0.21538656939044928,0.2998049464463225,0.8491923474755174,0.047246538527992224
132,2018-05-13,0,5,133,0,6,0,2,3413,0.0,1.0,0.0,0.0,0.09241256740228188,0.12138882102024028,1.6800443237770226,-0.09248216589788308
133,2018-05-14,0,5,134,0,0,1,2,2507,0.0,1.0,0.0,0.0,0.13795667222749974,0.1602421967151676,2.1044399526723394,-0.7217672937060265
134,2018-05-15,0,5,135,0,1,1,2,2971,0.0,1.0,0.0,0.0,0.3656881273759875,0.3773827800151006,1.7069424867455258,-0.46838077066296624
135,2018-05-16,0,5,136,0,2,1,1,3185,0.0,1.0,0.0,0.0,0.4476707953680989,0.46647113332285634,1.1390971615283176,-0.8353126772361662
136,2018-05-17,0,5,137,0,3,1,2,3445,0.0,1.0,0.0,0.0,0.36113535654682555,0.3929081690390333,1.4977393344416952,1.2796334732485435
137,2018-05-18,0,5,138,0,4,1,2,3319,0.0,1.0,0.0,0.0,0.2973692373825612,0.323102238398013,1.7278656711132927,0.2134396515672172
138,2018-05-19,0,5,139,0,5,0,2,3840,0.0,1.0,0.0,0.0,0.19261178422224087,0.2223253359793167,1.4379608570604927,-1.0975394089981838
139,2018-05-20,0,5,140,0,6,0,1,4008,0.0,1.0,0.0,0.0,0.224497576559973,0.33466800863173773,0.6489480766510618,-0.8614257262024984
140,2018-05-21,0,5,141,0,0,1,1,3547,0.0,1.0,0.0,0.0,0.584308575354952,0.5982312854069493,-0.01752384611732591,-0.9227450117999729
141,2018-05-22,0,5,142,0,1,1,1,3084,0.0,1.0,0.0,0.0,0.5934195825244752,0.6137321186554393,0.8641333803990884,-0.5382451228759039
142,2018-05-23,0,5,143,0,2,1,2,3438,0.0,1.0,0.0,0.0,0.7437211405100134,0.7107028758804468,1.2974950636172395,0.6680990348077186
143,2018-05-24,0,5,144,0,3,1,2,3833,0.0,1.0,0.0,0.0,0.898575469324713,0.7998219239075062,0.8013710001392472,0.2921442124991122
144,2018-05-25,0,5,145,0,4,1,1,4238,0.0,1.0,0.0,0.0,0.9031282401538749,0.865686652589901,0.48158412023930536,-0.45075657076857434
145,2018-05-26,0,5,146,0,5,0,1,3919,0.0,1.0,0.0,0.0,1.1627400221288955,1.1060017489643086,0.34709330539678873,0.18743903768793027
146,2018-05-27,0,5,147,0,6,0,1,3808,0.0,1.0,0.0,0.0,1.0169967004837186,0.9974652215055765,0.17673827326293434,0.7641888710740337
147,2018-05-28,0,5,148,0,0,1,1,2757,0.0,1.0,0.0,0.0,0.8758006841565046,0.8462691731582286,0.7206765112337373,0.6153950877551101
148,2018-05-29,0,5,149,1,1,0,1,2433,0.0,1.0,0.0,0.0,0.939566803320769,0.8657357641407872,1.3602574438770807,0.3883605382383539
149,2018-05-30,0,5,150,0,2,1,1,2549,0.0,1.0,0.0,0.0,1.299377802115748,1.2067049840566753,0.40088963133379535,-0.7741198811116174
150,2018-05-31,0,5,151,0,3,1,1,3309,0.0,1.0,0.0,0.0,1.5271092572642357,1.5399943852027178,0.054204588465349625,-1.0537459425939364
151,2018-06-01,0,6,152,0,4,1,2,3461,0.0,1.0,0.0,0.0,1.4679013744403326,1.5128848091134774,0.34410222967469073,0.2921442124991122
152,2018-06-02,0,6,153,0,5,0,1,4232,0.0,1.0,0.0,0.0,1.1991785852957895,1.0400326582362804,-2.324790882807875,1.4895076176049702
153,2018-06-03,0,6,154,0,6,0,1,4414,0.0,1.0,0.0,0.0,0.679955021345749,0.691285396448774,-1.9721236884952342,0.939053540201648
154,2018-06-04,0,6,155,0,0,1,1,3473,0.0,1.0,0.0,0.0,0.7619376893378604,0.7377142288679139,-1.2398983097449074,-0.8877214821852796
155,2018-06-05,0,6,156,0,1,1,2,3221,0.0,1.0,0.0,0.0,0.8348093501604487,0.8734339997422154,0.1677722189400999,-0.669175781740464
156,2018-06-06,0,6,157,0,2,1,1,3875,0.0,1.0,0.0,0.0,0.998774686144672,0.904460222014638,-0.20880206261894665,-0.9052332469926263
157,2018-06-07,0,6,158,0,3,1,1,4070,0.0,1.0,0.0,0.0,1.1581872512997335,1.113749096116623,-0.22374309554251806,0.021119435175779064
158,2018-06-08,0,6,159,0,4,1,1,3725,0.0,1.0,0.0,0.0,1.5316620280933977,1.5516338227627717,-0.050404160530024195,-0.6955277552667681
159,2018-06-09,0,6,160,0,5,0,2,3352,0.0,1.0,0.0,0.0,1.7092911420763062,1.7376438217446486,-0.4359444964119052,-0.5118931493495998
160,2018-06-10,0,6,161,0,6,0,1,3771,0.0,1.0,0.0,0.0,1.4177990332747534,1.4043789763740493,-0.1729378453276089,-0.6430065152306087
161,2018-06-11,0,6,162,0,0,1,1,3237,0.0,1.0,0.0,0.0,1.2538336972905306,1.2493460881137084,0.1827132518636708,-0.442085014680185
162,2018-06-12,0,6,163,0,1,1,1,2993,0.0,1.0,0.0,0.0,1.0762045833076215,1.036244929874174,0.8521834231976154,-0.3195729329581617
163,2018-06-13,0,6,164,0,2,1,1,4157,0.0,1.0,0.0,0.0,0.7619376893378604,0.7804290002512768,-0.9649417014591373,1.673100060364496
164,2018-06-14,0,6,165,0,3,1,1,4164,0.0,1.0,0.0,0.0,0.5934195825244752,0.7183765557064318,-0.8752811582307929,1.16620052480545
165,2018-06-15,0,6,166,0,4,1,1,4411,0.0,1.0,0.0,0.0,0.7163935845126426,0.6950976805863234,-1.1293145821487967,-0.2585066263065396
166,2018-06-16,0,6,167,0,5,0,2,3222,0.0,1.0,0.0,0.0,0.7254991261709665,0.741704542377426,0.42479671858020074,0.28341643886720047
167,2018-06-17,0,6,168,0,6,0,1,3981,0.0,1.0,0.0,0.0,0.83936758650081,0.7726264026042153,0.7655067828479095,-0.6082219101758872
168,2018-06-18,0,6,169,0,0,1,1,3312,0.0,1.0,0.0,0.0,1.0989793684758304,1.0401063255626097,0.29628805518188006,-0.9402005590637968
169,2018-06-19,0,6,170,0,1,1,2,3105,0.0,1.0,0.0,0.0,1.1126431464745157,1.0517212073472206,0.2693898922133767,-1.1848593084749452
170,2018-06-20,0,6,171,0,2,1,2,3311,0.0,1.0,0.0,0.0,0.7619376893378604,0.741704542377426,0.840226293152683,-0.43330102350475047
171,2018-06-21,0,6,172,0,3,1,2,4061,0.0,0.0,1.0,0.0,1.0124384641433573,1.0013818676887594,1.0135724010086353,-0.2147553230599345
172,2018-06-22,0,6,173,0,4,1,1,3846,0.0,0.0,1.0,0.0,1.299377802115748,1.3462861506194126,0.5622786091448153,-0.1973700477255141
173,2018-06-23,0,6,174,0,5,0,2,4044,0.0,0.0,1.0,0.0,1.2720502461183776,1.3463107063948558,0.532389370454214,0.7378368975477296
174,2018-06-24,0,6,175,0,6,0,1,4022,0.0,0.0,1.0,0.0,1.2492809264613687,1.1176350475805017,-0.40008027912056743,0.5020183568555389
175,2018-06-25,0,6,176,0,0,1,1,3420,0.0,0.0,1.0,0.0,1.0898683613063072,1.0361712625478448,-1.0456361903646472,0.32698503509735655
176,2018-06-26,0,6,177,0,1,1,1,3385,0.0,0.0,1.0,0.0,1.0078856933141953,1.001277505643126,-0.8304508866166206,-1.2897991915303348
177,2018-06-27,0,6,178,0,2,1,2,3854,0.0,0.0,1.0,0.0,1.021549471312881,0.9974406657301335,0.2096114148321741,-1.1063234001736186
178,2018-06-28,0,6,179,0,3,1,1,3916,0.0,0.0,1.0,0.0,1.3585911504508503,1.3384835529723504,0.03627247981968074,-0.5905977102814949
179,2018-06-29,0,6,180,0,4,1,1,4377,0.0,0.0,1.0,0.0,1.2720502461183776,1.1060017489643086,-0.9410274413692734,1.0613266973637
180,2018-06-30,0,6,181,0,5,0,1,4488,0.0,0.0,1.0,0.0,1.0989793684758304,0.9974652215055765,-1.39829621183383,-0.013960311982437103
181,2018-07-01,0,7,182,0,6,0,1,4116,0.0,0.0,1.0,0.0,1.240169919291845,1.0904947767719582,-1.6702689172409606,-1.1763142418594823
182,2018-07-02,0,7,183,0,0,1,1,2915,0.0,0.0,1.0,0.0,1.3267053581131187,1.1834752204874535,-1.323583874372515,-1.0012809201013
183,2018-07-03,0,7,184,0,1,1,2,2367,0.0,0.0,1.0,0.0,1.2082895924653128,1.191253262359072,0.3829575226881265,0.5980519755783319
184,2018-07-04,0,7,185,1,2,0,2,2978,0.0,0.0,1.0,0.0,1.2629447044600537,1.1718664776467036,0.06317064278818407,-1.4732665502555227
185,2018-07-05,0,7,186,1,3,0,1,3634,0.0,0.0,1.0,0.0,1.372254928449536,1.361688760766129,-0.2775394214795247,-0.8439280157810323
186,2018-07-06,0,7,187,0,4,1,1,3845,0.0,0.0,1.0,0.0,1.2265061412931597,1.2959713667363937,0.8193031087849162,-0.5118931493495998
187,2018-07-07,0,7,188,0,5,0,1,3838,0.0,0.0,1.0,0.0,1.3904714772773832,1.3035713792360493,0.15880616461726543,-0.3809484360991595
188,2018-07-08,0,7,189,0,6,0,2,3348,0.0,0.0,1.0,0.0,1.1672982584692566,1.2029663672454551,0.923911857780291,0.5456431706292181
189,2018-07-09,0,7,190,0,0,1,1,3348,0.0,0.0,1.0,0.0,1.299377802115748,1.1641375473259714,-0.1430486066370081,-0.2585066263065396
190,2018-07-10,0,7,191,0,1,1,1,3138,0.0,0.0,1.0,0.0,1.376807699278698,1.3229336081729746,-0.36421606182922966,-0.03983443638879741
191,2018-07-11,0,7,192,0,2,1,1,3363,0.0,0.0,1.0,0.0,1.4587903672708094,1.5671346560112613,0.04822243702115467,1.3496664780920493
192,2018-07-12,0,7,193,0,3,1,1,3596,0.0,0.0,1.0,0.0,1.6318667104245566,1.625276593316784,-0.5016907795503858,0.19604032184691617
193,2018-07-13,0,7,194,0,4,1,1,3594,0.0,0.0,1.0,0.0,1.372254928449536,1.3191213240354251,0.018340371174011858,-0.5645970964022083
194,2018-07-14,0,7,195,0,5,0,1,4196,0.0,0.0,1.0,0.0,1.0124384641433573,0.9857766723946358,-1.0964414405795564,0.7640202184434656
195,2018-07-15,0,7,196,0,6,0,1,4220,0.0,0.0,1.0,0.0,0.9167920181525606,0.9198873879367984,-0.2715644428787878,-0.0488011345806814
196,2018-07-16,0,7,197,0,0,1,1,3505,0.0,0.0,1.0,0.0,1.0443242564810893,1.0051695960508655,-0.31639471449295997,0.30971219484998175
197,2018-07-17,0,7,198,0,1,1,1,3296,0.0,0.0,1.0,0.0,1.2219533704639978,1.198976053735943,-0.17891282392834587,0.8253816671985827
198,2018-07-18,0,7,199,0,2,1,1,3617,0.0,0.0,1.0,0.0,1.372254928449536,1.408264927837928,0.15880616461726543,0.41458602229173214
199,2018-07-19,0,7,200,0,3,1,1,3789,0.0,0.0,1.0,0.0,1.5362202644337595,1.6756404887506895,0.15283118601652898,-0.7829038722870524
200,2018-07-20,0,7,201,0,4,1,1,3688,0.0,0.0,1.0,0.0,1.490670694097342,1.6717790930622538,0.5592875334227173,-1.0187786305227657
201,2018-07-21,0,7,202,0,5,0,2,3152,0.0,0.0,1.0,0.0,1.7457297052432001,2.1599540478159778,0.4457199029479676,0.501962139312016
202,2018-07-22,0,7,203,0,6,0,1,2825,0.0,0.0,1.0,0.0,1.9279115900552706,2.2491222073939237,-0.34926785606220023,-0.7477679075853134
203,2018-07-23,0,7,204,0,0,1,1,2298,0.0,0.0,1.0,0.0,1.932469826395632,2.024381611594335,-0.926086408445702,-0.7741760986551403
204,2018-07-24,0,7,205,0,1,1,1,2556,0.0,0.0,1.0,0.0,1.827712373235312,1.9663194805590019,-0.5614692569315873,-0.24081215448274387
205,2018-07-25,0,7,206,0,2,1,1,3272,0.0,0.0,1.0,0.0,1.354032914110489,1.5128295586187301,0.917929706336095,-1.3421517789359256
206,2018-07-26,0,7,207,0,3,1,1,3840,0.0,0.0,1.0,0.0,1.5088927084363886,1.3656238237808949,-0.6331976915142629,0.19609653939043897
207,2018-07-27,0,7,208,0,4,1,1,3901,0.0,0.0,1.0,0.0,1.5271092572642357,1.3268748101316004,-1.622447569904691,-0.03994687147584304
208,2018-07-28,0,7,209,1,5,0,1,3784,0.0,0.0,1.0,0.0,1.5498840424324445,1.6291134332297768,-0.3283518445378919,-0.10999393070522975
209,2018-07-29,0,7,210,0,6,0,1,3176,0.0,0.0,1.0,0.0,1.8732564780605299,1.9119161600646983,-0.621240561469331,-0.17100401981332905
210,2018-07-30,0,7,211,0,0,1,1,2916,0.0,0.0,1.0,0.0,1.686521822419297,1.5593566141396429,-1.1711609508843295,-0.24972263513110504
211,2018-07-31,0,7,212,0,1,1,1,2778,0.0,0.0,1.0,0.0,1.695627364077621,1.567085544460375,-1.0635682990103161,-0.302061168150815
212,2018-08-01,0,8,213,0,2,1,1,3537,0.0,0.0,1.0,0.0,1.5088927084363886,1.4043789763740493,-0.5614692569315873,-0.4158454762409266
213,2018-08-02,0,8,214,0,3,1,1,4044,0.0,0.0,1.0,0.0,1.5726533620894536,1.427578045223967,-0.988848788705543,0.27468866523528834
214,2018-08-03,0,8,215,0,4,1,2,3107,0.0,0.0,1.0,0.0,1.2902722604574242,1.2610039425053454,0.20363643623143765,-0.7128708674435463
215,2018-08-04,0,8,216,0,5,0,2,3777,0.0,0.0,1.0,0.0,1.1718510292984186,1.168005081958268,0.9209207820581929,0.15241550807323692
216,2018-08-05,0,8,217,0,6,0,1,3843,0.0,0.0,1.0,0.0,1.1764038001275805,1.1175368244787294,0.012358219729816898,-0.022617813684945424
217,2018-08-06,0,8,218,0,0,1,2,2773,0.0,0.0,1.0,0.0,1.2082895924653128,1.2377803178799838,0.9029886734125241,0.5895069089628688
218,2018-08-07,0,8,219,0,1,1,1,2487,0.0,0.0,1.0,0.0,1.349480143281327,1.4780463027035056,0.8880476404889532,0.21336937963781377
219,2018-08-08,0,8,220,0,2,1,1,3480,0.0,0.0,1.0,0.0,1.4724541452694946,1.4043237258793022,-0.2655894642780508,0.08249493831677647
220,2018-08-09,0,8,221,0,3,1,1,3695,0.0,0.0,1.0,0.0,1.5271092572642357,1.5322470380504025,-0.4209962906448758,-0.49449381962929884
221,2018-08-10,0,8,222,0,4,1,1,3896,0.0,0.0,1.0,0.0,1.4815651524390183,1.2919810532268816,-1.4700246464165054,0.19609653939043897
222,2018-08-11,0,8,223,0,5,0,1,3980,0.0,0.0,1.0,0.0,1.2128423632944745,1.0865597137571932,-1.4730157221386029,-0.3023000927107869
223,2018-08-12,0,8,224,0,6,0,1,3854,0.0,0.0,1.0,0.0,1.1627400221288955,1.1020359912302398,-1.535778102398444,-0.8528806595870353
224,2018-08-13,0,8,225,0,0,1,2,2646,0.0,0.0,1.0,0.0,1.039766020140728,1.0517948746735508,0.7206765112337373,0.3534494437107062
225,2018-08-14,0,8,226,0,1,1,2,2482,0.0,0.0,1.0,0.0,0.9896691444863482,0.9199917499824317,1.3512913895542462,0.5105634234710019
226,2018-08-15,0,8,227,0,2,1,1,3563,0.0,0.0,1.0,0.0,0.9304557961512457,0.8695234925028935,0.5951517507140551,0.3183134790089672
227,2018-08-16,0,8,228,0,3,1,1,4004,0.0,0.0,1.0,0.0,1.1217486881328393,1.0516659568524733,-0.36421606182922966,0.7030522924930082
228,2018-08-17,0,8,229,0,4,1,1,4026,0.0,0.0,1.0,0.0,1.244722690121007,1.1795647132481317,-0.385132073353538,-0.5992552119840036
229,2018-08-18,0,8,230,0,5,0,1,3166,0.0,0.0,1.0,0.0,1.1809620364679418,1.1524735539904742,0.1827132518636708,0.6591885541593574
230,2018-08-19,0,8,231,0,6,0,2,3356,0.0,0.0,1.0,0.0,1.035213249311566,0.9742170411047721,0.6728623367409267,-0.6605182800379553
231,2018-08-20,0,8,232,0,0,1,1,3277,0.0,0.0,1.0,0.0,1.1035321393049924,1.0710588805087036,0.3231862181503834,-1.1501871385072693
232,2018-08-21,0,8,233,0,1,1,1,2624,0.0,0.0,1.0,0.0,1.1764038001275805,1.233918922191548,1.0105813252865374,0.8776780370606506
233,2018-08-22,0,8,234,0,2,1,1,3925,0.0,0.0,1.0,0.0,1.0716518124784595,1.0051143455561184,-1.1412717121937286,1.2711446241766033
234,2018-08-23,0,8,235,0,3,1,1,4614,0.0,0.0,1.0,0.0,0.7938180161643927,0.8075201595089342,-1.2458732883456445,-0.55574283329737
235,2018-08-24,0,8,236,0,4,1,1,4181,0.0,0.0,1.0,0.0,0.9714471301473017,0.9586916520808395,-0.1729378453276089,0.9388708331851989
236,2018-08-25,0,8,237,0,5,0,2,3107,0.0,0.0,1.0,0.0,1.030660478482404,1.0517703188981076,1.0225384553314698,0.34472167007879445
237,2018-08-26,0,8,238,0,6,0,1,3893,0.0,0.0,1.0,0.0,1.1171959173036774,1.1369727207419837,0.9478189450266963,-1.4383652937979914
238,2018-08-27,0,8,239,0,0,1,2,889,0.0,0.0,1.0,0.0,1.0078856933141953,0.9885514750197122,1.5844088019479416,2.660659593043331
239,2018-08-28,0,8,240,0,1,1,1,2919,0.0,0.0,1.0,0.0,1.1557769608607655,1.0646927957250663,-0.4830557322458068,1.6633884797209357
240,2018-08-29,0,8,241,0,2,1,1,3905,0.0,0.0,1.0,0.0,0.7710486965073837,0.8191289023496846,-0.534571093963084,-0.3721644449237246
241,2018-08-30,0,8,242,0,3,1,1,4429,0.0,0.0,1.0,0.0,0.7847124745060688,0.7377633404188001,-0.5794013655772563,-0.8614959981319018
242,2018-08-31,0,8,243,0,4,1,1,4370,0.0,0.0,1.0,0.0,0.8803589204968659,0.838546381781357,-0.22374309554251806,-1.4472083133941251
243,2018-09-01,0,9,244,0,5,0,1,4332,0.0,0.0,1.0,0.0,0.8712479133273427,0.8618743684523515,0.07213669711101851,-0.6255509679667848
244,2018-09-02,0,9,245,0,6,0,2,3852,0.0,0.0,1.0,0.0,0.8074817941630783,0.7997912291882024,0.7027444025880684,-0.6517905064060436
245,2018-09-03,0,9,246,0,0,1,1,2549,0.0,0.0,1.0,0.0,0.9486778104902922,0.974167929553886,0.6280320651267544,-0.013777604965988049
246,2018-09-04,0,9,247,1,1,0,1,2419,0.0,0.0,1.0,0.0,1.1672982584692566,1.171940144973033,0.8103370544620817,0.28336022132367766
247,2018-09-05,0,9,248,0,2,1,2,2115,0.0,0.0,1.0,0.0,0.9714471301473017,0.927714541359303,1.1570292701739864,0.37090499097453006
248,2018-09-06,0,9,249,0,3,1,3,2506,0.0,0.0,1.0,0.0,0.24271412538782006,0.24969274771071,1.8494955776351358,2.2155009746581795
249,2018-09-07,0,9,250,0,4,1,3,1878,0.0,0.0,1.0,0.0,0.5660920265271049,0.42790014904552504,2.0655846596589034,-1.2548389066521046
250,2018-09-08,0,9,251,0,5,0,3,1689,0.0,0.0,1.0,0.0,0.755996678664032,0.4962388721038172,2.2268445262876755,0.09054810142641517
251,2018-09-09,0,9,252,0,6,0,2,3127,0.0,0.0,1.0,0.0,0.843920357329972,0.6410258630605025,1.9281099419377485,-0.8703362068508596
252,2018-09-10,0,9,253,0,0,1,1,3595,0.0,0.0,1.0,0.0,0.898575469324713,0.8191534581251276,0.8940226190896897,-0.4595405619440089
253,2018-09-11,0,9,254,0,1,1,1,3413,0.0,0.0,1.0,0.0,0.8621369061578195,0.8269314999967461,0.6071088807589875,-1.0013933551883454
254,2018-09-12,0,9,255,0,2,1,1,4023,0.0,0.0,1.0,0.0,0.8130292880305446,0.7833511375290121,0.45234761030340664,-1.368789056495608
255,2018-09-13,0,9,256,0,3,1,1,4062,0.0,0.0,1.0,0.0,0.8484731281591338,0.7920929935867743,0.5981428264361531,-0.6254385328797392
256,2018-09-14,0,9,257,0,4,1,1,4138,0.0,0.0,1.0,0.0,0.9714471301473017,0.935412776960731,0.4875590988400418,-0.26710791046552546
257,2018-09-15,0,9,258,0,5,0,2,3231,0.0,0.0,1.0,0.0,0.4476707953680989,0.48586405697908563,0.5742357391897478,1.1923838457011857
258,2018-09-16,0,9,259,0,6,0,2,4018,0.0,0.0,1.0,0.0,-0.14442442940452968,-0.08012201121012627,-0.2775394214795247,-0.3109154312556534
259,2018-09-17,0,9,260,0,0,1,2,3077,0.0,0.0,1.0,0.0,-0.021450427416362286,0.024467175346119013,0.6399820223282273,0.04735897361503786
260,2018-09-18,0,9,261,0,1,1,1,2921,0.0,0.0,1.0,0.0,0.06508501140491155,0.09828797527209494,0.47261806591647093,-0.10993771316170693
261,2018-09-19,0,9,262,0,2,1,2,3848,0.0,0.0,1.0,0.0,0.29281646655339927,0.33855396009561645,0.43675384862513317,-0.4857660459973867
262,2018-09-20,0,9,263,0,3,1,2,3203,0.0,0.0,1.0,0.0,0.36113535654682555,0.3541591553897394,1.8085601600188028,-0.7217110761625037
263,2018-09-21,0,9,264,0,4,1,2,3813,0.0,0.0,1.0,0.0,0.543317241358896,0.46660005114393277,1.9430509748613194,-1.2635048409861416
264,2018-09-22,0,9,265,0,5,0,2,4240,0.0,0.0,1.0,0.0,0.7254991261709665,0.49379557244722355,1.9579920077848902,-0.8176884773417739
265,2018-09-23,0,9,266,0,6,0,2,2137,1.0,0.0,0.0,0.0,0.6207471385218459,0.29220493394666675,2.463082125585717,-1.5170108263091875
266,2018-09-24,0,9,267,0,0,1,2,3647,1.0,0.0,0.0,0.0,0.6070833605231604,0.5518024529878098,1.674069345176286,-1.516777523503568
267,2018-09-25,0,9,268,0,1,1,2,3466,1.0,0.0,0.0,0.0,0.7573849185086986,0.6022952662427911,1.548544584656604,-1.9103579511451543
268,2018-09-26,0,9,269,0,2,1,2,3946,1.0,0.0,0.0,0.0,0.83936758650081,0.7030046402790187,1.5724516719030093,-1.0625861513128938
269,2018-09-27,0,9,270,0,3,1,2,3643,1.0,0.0,0.0,0.0,0.7710486965073837,0.6138855922519589,1.8384493987094042,-0.9575858343982174
270,2018-09-28,0,9,271,0,4,1,2,3427,1.0,0.0,0.0,0.0,0.7619376893378604,0.6177715437158376,1.5754427476251072,-0.5295173492439922
271,2018-09-29,0,9,272,0,5,0,1,4186,1.0,0.0,0.0,0.0,0.6617384725179015,0.6138057859817686,0.5025073046070723,-0.18864227409360196
272,2018-09-30,0,9,273,0,6,0,1,4372,1.0,0.0,0.0,0.0,0.3747991345455107,0.431583515361998,0.13190800164876212,0.28347265641072295
273,2018-10-01,0,10,274,0,0,1,2,1949,1.0,0.0,0.0,0.0,-0.4678023305438145,-0.37854835017075356,0.8940226190896897,1.4896341070778967
274,2018-10-02,0,10,275,0,1,1,2,2302,1.0,0.0,0.0,0.0,-0.7592944393453669,-0.7932094521915406,1.1659953244968209,0.5018497042249708
275,2018-10-03,0,10,276,0,2,1,2,3240,1.0,0.0,0.0,0.0,-0.608992881359829,-0.5063427445207775,0.9448278693045984,-1.4470326335706163
276,2018-10-04,0,10,277,0,3,1,1,3970,1.0,0.0,0.0,0.0,-0.06244176141241777,-0.010242413242776232,0.5802107177904842,0.2747448827788112
277,2018-10-05,0,10,278,0,4,1,1,4267,1.0,0.0,0.0,0.0,0.23360311821829682,0.3229794595207971,0.1348990773708601,-0.12726677095260455
278,2018-10-06,0,10,279,0,5,0,1,4126,1.0,0.0,0.0,0.0,-0.007786649417677125,0.03621097495180638,-0.059370214852858635,-0.7217110761625037
279,2018-10-07,0,10,280,0,6,0,1,4036,1.0,0.0,0.0,0.0,0.08330156023275863,0.1834167097896422,0.3949146527330589,-2.3037050759811217
280,2018-10-08,0,10,281,0,0,1,1,3174,1.0,0.0,0.0,0.0,0.14251490856786106,0.23767269563128673,0.5174483375306431,-1.9802785209016152
281,2018-10-09,0,10,282,0,1,1,1,3114,1.0,0.0,0.0,0.0,0.24726689621698197,0.3036110916400109,0.7057354783101664,-1.7266558841757589
282,2018-10-10,0,10,283,0,2,1,1,3603,1.0,0.0,0.0,0.0,0.41123223220120536,0.4198949662510574,0.7505657499243386,-2.0238471171317713
283,2018-10-11,0,10,284,0,3,1,2,3896,1.0,0.0,0.0,0.0,0.38846291254419585,0.43936155723361636,1.288529009294405,-0.6080392031594382
284,2018-10-12,0,10,285,0,4,1,3,2199,1.0,0.0,0.0,0.0,0.2609306742156671,0.26514446940831343,1.9878812464754916,0.8691891879887104
285,2018-10-13,0,10,286,0,5,0,2,2623,1.0,0.0,0.0,0.0,0.5114369145323637,0.47440264879099425,1.919143887614914,-0.625677457439711
286,2018-10-14,0,10,287,0,6,0,2,3115,1.0,0.0,0.0,0.0,0.3019220082117231,0.33855396009561645,0.6250409894046565,0.5281314058218715
287,2018-10-15,0,10,288,0,0,1,1,3318,1.0,0.0,0.0,0.0,0.06053224057574963,0.1485536476042274,-1.0456361903646472,1.0087914029416598
288,2018-10-16,0,10,289,0,1,1,1,3293,1.0,0.0,0.0,0.0,0.08785979657311996,0.17574302996365718,-1.0217219302747833,1.3409527588460184
289,2018-10-17,0,10,290,0,2,1,1,3857,1.0,0.0,0.0,0.0,0.21083379856128737,0.22222097393368334,-0.35525000750639524,-0.1535625269353858
290,2018-10-18,0,10,291,0,3,1,2,4111,1.0,0.0,0.0,0.0,0.2017227913917641,0.2958637444876966,0.5204394132527411,-1.0712014898577602
291,2018-10-19,0,10,292,0,4,1,3,2170,1.0,0.0,0.0,0.0,0.2522186493637055,0.24139289561092434,1.9087432646004254,0.8015735375166838
292,2018-10-20,0,10,293,0,5,0,1,3724,1.0,0.0,0.0,0.0,-0.10799133174883506,-0.04912034471314664,0.05121351274325214,-0.07491418354701358
293,2018-10-21,0,10,294,0,6,0,1,3628,1.0,0.0,0.0,0.0,-0.3721558845530174,-0.3126590657129156,-0.3940981276763725,0.4931781481365815
294,2018-10-22,0,10,295,0,0,1,1,2809,1.0,0.0,0.0,0.0,-0.39948344055038776,-0.30101962815286154,0.00040826252834297354,-1.316033108215241
295,2018-10-23,0,10,296,0,1,1,1,2762,1.0,0.0,0.0,0.0,-0.40403621137954965,-0.32041255180909084,0.8043620758613452,-1.2198195933531755
296,2018-10-24,0,10,297,0,2,1,1,3488,1.0,0.0,0.0,0.0,-0.1763102217422618,-0.10718247574848003,1.0255223582101083,-0.9488580607663055
297,2018-10-25,0,10,298,0,3,1,1,3992,1.0,0.0,0.0,0.0,-0.13076065140584453,-0.06845801787462918,-0.04442200908582924,-0.27613082620093193
298,2018-10-26,0,10,299,0,4,1,2,3490,1.0,0.0,0.0,0.0,-0.06244176141241777,-0.010316080569105953,0.6549302280952577,-0.5293346422275431
299,2018-10-27,0,10,300,0,5,0,2,2419,1.0,0.0,0.0,0.0,-0.13987165857536776,-0.1073113935695565,1.3184182479850064,0.1610308466181034
300,2018-10-28,0,10,301,0,6,0,2,3291,1.0,0.0,0.0,0.0,-0.9004904556725812,-0.9559221592217271,-0.310419735892223,0.6067797492102437
301,2018-10-29,0,10,302,0,0,1,3,570,1.0,0.0,0.0,0.0,-1.3195093372914632,-1.5139460172234969,1.817526214341637,2.3198969529799864
302,2018-10-30,0,10,303,0,1,1,1,2446,1.0,0.0,0.0,0.0,-0.9642511093256463,-0.9404704375241236,-0.03844703048509227,-0.13616319721508474
303,2018-10-31,0,10,304,0,2,1,1,3307,1.0,0.0,0.0,0.0,-0.8503881145070021,-0.7272403614635128,0.532389370454214,-1.1237227298939196
304,2018-11-01,0,11,305,0,3,1,1,3658,1.0,0.0,0.0,0.0,-0.5179046717093937,-0.47539018957468454,0.3919235770109609,-0.7130395200741148
305,2018-11-02,0,11,306,0,4,1,1,3816,1.0,0.0,0.0,0.0,-0.645431444526723,-0.5180865441264649,0.6429730980503253,-1.4646582389035965
306,2018-11-03,0,11,307,0,5,0,1,3656,1.0,0.0,0.0,0.0,-0.4769133377133377,-0.4211648984523436,0.5234233161313796,-0.6955277552667681
307,2018-11-04,0,11,308,0,6,0,2,3576,1.0,0.0,0.0,0.0,-0.504240893710708,-0.43669028747627675,-0.04741308480792671,1.2012802719636655
308,2018-11-05,0,11,309,0,0,1,1,2770,1.0,0.0,0.0,0.0,-0.9232597753295902,-0.924969604275634,-0.7886045178810879,0.03874363507017137
309,2018-11-06,0,11,310,0,1,1,1,2697,1.0,0.0,0.0,0.0,-0.8048440096817842,-0.6885957098598522,0.756540728525075,-1.324641419567167
310,2018-11-07,0,11,311,0,2,1,1,3662,1.0,0.0,0.0,0.0,-0.5497849985359259,-0.4521665649493233,0.9298868363810274,-1.8141444362830887
311,2018-11-08,0,11,312,0,3,1,1,3829,1.0,0.0,0.0,0.0,-0.4769133377133377,-0.3823360785328594,0.6638962824180922,-1.6481270030673725
312,2018-11-09,0,11,313,0,4,1,1,3804,1.0,0.0,0.0,0.0,-0.5224574425385556,-0.40177811373997535,0.9268957606589294,-1.7442828949473272
313,2018-11-10,0,11,314,1,5,0,2,2743,1.0,0.0,0.0,0.0,-0.6317676665280376,-0.6188388907697177,1.3214021508636449,0.03881390699957479
314,2018-11-11,0,11,315,0,6,0,1,2928,1.0,0.0,0.0,0.0,-0.9369235533282757,-1.0295587908318793,-1.311626744327583,1.8041572087019822
315,2018-11-12,0,11,316,0,0,1,1,2792,1.0,0.0,0.0,0.0,-0.7592944393453669,-0.7157052859490922,-0.546521051164558,0.36199451032616925
316,2018-11-13,0,11,317,0,1,1,1,2713,1.0,0.0,0.0,0.0,-0.29928422373042923,-0.2699688501049957,-1.2249572768213361,1.341008976389541
317,2018-11-14,0,11,318,0,2,1,1,3891,1.0,0.0,0.0,0.0,0.18805901339307896,0.3074724873284465,-0.30145368156938857,1.690611825171843
318,2018-11-15,0,11,319,0,3,1,2,3746,1.0,0.0,0.0,0.0,0.18805901339307896,0.20290785654764432,0.4277877943022987,0.18731254821500404
319,2018-11-16,0,11,320,0,4,1,3,1672,1.0,0.0,0.0,0.0,-0.21274331939795596,-0.1383621716174223,2.158236278609346,-0.6953591026361996
320,2018-11-17,0,11,321,0,5,0,2,2914,1.0,0.0,0.0,0.0,-0.8412771073374786,-0.9288555557395127,-0.3821481704748985,1.673268712995065
321,2018-11-18,0,11,322,0,6,0,1,3147,1.0,0.0,0.0,0.0,-1.210199113301981,-1.2388722207093075,-1.5716423196897817,-0.24977885267462785
322,2018-11-19,0,11,323,0,0,1,1,2720,1.0,0.0,0.0,0.0,-0.9095959973309051,-0.921108208587198,-0.9111453755221306,0.536746744366738
323,2018-11-20,0,11,324,0,1,1,2,2733,1.0,0.0,0.0,0.0,-0.1763102217422618,-0.10723772624322678,0.3978985556116974,-0.004993613790553116
324,2018-11-21,0,11,325,0,2,1,3,2545,1.0,0.0,0.0,0.0,-0.26284566056353514,-0.18088049679724005,2.014779409443995,-0.6781424799323477
325,2018-11-22,0,11,326,0,3,1,3,1538,1.0,0.0,0.0,0.0,-0.43136376737692045,-0.32432305904841263,2.3913536910030415,-0.9488580607663055
326,2018-11-23,0,11,327,1,4,0,2,2454,1.0,0.0,0.0,0.0,-0.29928422373042923,-0.270048656375186,0.923911857780291,2.1014074700786933
327,2018-11-24,0,11,328,1,5,0,1,935,1.0,0.0,0.0,0.0,-0.6682062296949314,-0.6265125705957026,-0.5734192141330613,-0.26705169292200265
328,2018-11-25,0,11,329,0,6,0,1,1697,1.0,0.0,0.0,0.0,-0.6590952225254082,-0.5761732309372409,0.1050098386802588,-1.2284869331258004
329,2018-11-26,0,11,330,0,0,1,1,1819,1.0,0.0,0.0,0.0,-0.6545424516962463,-0.5490636548480015,0.37698254408739,-1.6567943428399976
330,2018-11-27,0,11,331,0,1,1,1,2261,1.0,0.0,0.0,0.0,-0.1990795413992708,-0.11496051762009843,0.49652515316287626,0.3183134790089672
331,2018-11-28,0,11,332,0,2,1,1,3614,1.0,0.0,0.0,0.0,0.04310272536062648,0.09574031356986797,0.8172229841820188,-0.6209692381696782
332,2018-11-29,0,11,333,0,3,1,2,2818,1.0,0.0,0.0,0.0,-0.20363777773963213,-0.14212534420408512,1.446926911383327,1.0089178924145856
333,2018-11-30,0,11,334,0,4,1,1,3425,1.0,0.0,0.0,0.0,-0.9323707824991138,-1.002522882068969,-0.11316654078986528,1.192552498331754
334,2018-12-01,0,12,335,0,5,0,1,3545,1.0,0.0,0.0,0.0,-1.00068967249254,-1.0373122769280547,-0.7497563977111107,0.47577881841628045
335,2018-12-02,0,12,336,0,6,0,1,3672,1.0,0.0,0.0,0.0,-0.9915786653230168,-0.8784425487547213,-0.02350599756152087,-1.202371073282292
336,2018-12-03,0,12,337,0,0,1,1,2908,1.0,0.0,0.0,0.0,-1.0735613333151282,-1.006310610431075,-0.11615044366850477,-1.2722312091794654
337,2018-12-04,0,12,338,0,1,1,1,2851,1.0,0.0,0.0,0.0,-0.9004904556725812,-0.7699858275661798,1.0524205211786117,-1.4384243222186903
338,2018-12-05,0,12,339,0,2,1,2,3578,1.0,0.0,0.0,0.0,-0.5998873397015051,-0.4948076690063569,1.4200287484148237,-1.7441072151238188
339,2018-12-06,0,12,340,0,3,1,3,2468,1.0,0.0,0.0,0.0,-0.18086299257142371,-0.11127715130362548,2.298702072052599,0.6504045629839229
340,2018-12-07,0,12,341,0,4,1,3,655,1.0,0.0,0.0,0.0,-0.4678023305438145,-0.4560034048623158,2.448141092662146,1.122519493488248
341,2018-12-08,0,12,342,0,5,0,1,3172,1.0,0.0,0.0,0.0,-1.2557486836383984,-1.3357631716641247,-0.35225893178429774,0.755461097442122
342,2018-12-09,0,12,343,0,6,0,1,3359,1.0,0.0,0.0,0.0,-1.1191109036515454,-0.9637186179249277,0.47859304451720736,-1.4558742477281619
343,2018-12-10,0,12,344,0,0,1,1,2688,1.0,0.0,0.0,0.0,-1.2056463424728192,-1.2776028175270189,-0.8722900825086953,0.6593712611758065
344,2018-12-11,0,12,345,0,1,1,1,2366,1.0,0.0,0.0,0.0,-1.5016966876147333,-1.3589929352333465,-0.9978148430283775,-1.6832039393484126
345,2018-12-12,0,12,346,0,2,1,1,3167,1.0,0.0,0.0,0.0,-1.4060502416239362,-1.254373053957797,0.29927195806051854,-1.7266558841757589
346,2018-12-13,0,12,347,0,3,1,1,3368,1.0,0.0,0.0,0.0,-1.1646550084767635,-1.0644218530172944,-0.2805304972016222,-0.6430627327741315
347,2018-12-14,0,12,348,0,4,1,2,3562,1.0,0.0,0.0,0.0,-0.9733621164951695,-0.8359058067433215,0.24846670784560987,-1.7616751974746878
348,2018-12-15,0,12,349,0,5,0,2,3528,1.0,0.0,0.0,0.0,-0.39948344055038776,-0.3823913290276066,0.03627247981968074,1.1487590319275065
349,2018-12-16,0,12,350,0,6,0,2,3399,1.0,0.0,0.0,0.0,-0.6590952225254082,-0.7041456546592281,-0.9230953327236046,1.043814932556353
350,2018-12-17,0,12,351,0,0,1,2,2464,1.0,0.0,0.0,0.0,-1.2967400176344541,-1.3822165598587075,-0.48974082234891186,0.7991561831452046
351,2018-12-18,0,12,352,0,1,1,1,2211,1.0,0.0,0.0,0.0,-1.4060502416239362,-1.4054954349788158,-0.30742866017012555,-0.23226708786728117
352,2018-12-19,0,12,353,0,2,1,1,3143,1.0,0.0,0.0,0.0,-1.196535335303296,-1.1884592137245162,0.060179567066086584,-0.1884595670771529
353,2018-12-20,0,12,354,0,3,1,2,3534,1.0,0.0,0.0,0.0,-0.5998873397015051,-0.4792822799824238,-0.24167520418818694,-1.7530668861227623
354,2018-12-21,0,12,355,0,4,1,2,2553,0.0,0.0,0.0,1.0,-0.3676031137238555,-0.285518794904372,1.6441801064856847,0.4932343656801043
355,2018-12-22,0,12,356,0,5,0,2,2841,0.0,0.0,0.0,1.0,-0.3949306697212258,-0.29715823246442596,0.9209207820581929,-1.9539855757960096
356,2018-12-23,0,12,357,0,6,0,1,2046,0.0,0.0,0.0,1.0,-0.6682062296949314,-0.5955600156496097,0.40985568565662983,1.235952441931342
357,2018-12-24,0,12,358,1,0,0,1,856,0.0,0.0,0.0,1.0,-1.0553447844872812,-1.0760612905773486,-0.621240561469331,0.056199182333995235
358,2018-12-25,0,12,359,1,1,0,1,451,0.0,0.0,0.0,1.0,-1.206832358403105,-1.1944262671572023,0.3743788019120381,-0.43869790768293737
359,2018-12-26,0,12,360,0,2,1,1,887,0.0,0.0,0.0,1.0,-0.9501938145205986,-0.9760394782535294,-0.8761849365065345,0.7471268466148695
360,2018-12-27,0,12,361,0,3,1,2,1059,0.0,0.0,0.0,1.0,-0.9323707824991138,-0.9017705354257158,0.9567849993495308,0.030142350911185868
361,2018-12-28,0,12,362,0,4,1,1,2047,0.0,0.0,0.0,1.0,-1.073763557229509,-1.194346460887012,-0.898019071993501,1.5130346595692548
362,2018-12-29,0,12,363,0,5,0,1,2169,0.0,0.0,0.0,1.0,-1.351395129629195,-1.2930729560562049,-0.3940981276763725,-0.9401443415202744
363,2018-12-30,0,12,364,0,6,0,1,2508,0.0,0.0,0.0,1.0,-1.005242443321702,-0.9559221592217271,0.054204588465349625,-0.730382632250893
364,2018-12-31,0,12,365,1,0,0,1,1820,0.0,0.0,0.0,1.0,-0.4678023305438145,-0.3708255587938819,-0.0952344321441964,0.47572260087275764
365,2019-01-01,1,1,1,1,1,0,1,1608,0.0,0.0,0.0,1.0,-0.6864227785227788,-0.6071748974342206,0.454685957270802,0.08238250322973122
366,2019-01-02,1,1,2,0,2,1,1,1707,0.0,0.0,0.0,1.0,-1.21634234789019,-1.3642110375150165,-1.7774742355682274,2.0148324530536086
367,2019-01-03,1,1,3,0,3,1,1,2147,0.0,0.0,0.0,1.0,-1.888835242407083,-2.1378959933462696,-1.3474909616189208,2.520874671073933
368,2019-01-04,1,1,4,0,4,1,2,2273,0.0,0.0,0.0,1.0,-2.121119468384733,-2.1804879858524164,-1.5387691781205415,-0.022561596141422606
369,2019-01-05,1,1,5,0,5,0,1,3132,0.0,0.0,0.0,1.0,-1.2557486836383984,-1.2039354911975628,-0.7527403005897502,-0.7915192108319186
370,2019-01-06,1,1,6,0,6,0,1,3791,0.0,0.0,0.0,1.0,-0.8822684413335345,-0.8242111186885203,-0.6242316371914285,-0.2585628438500624
371,2019-01-07,1,1,7,0,0,1,1,3451,0.0,0.0,0.0,1.0,-0.5588960057054492,-0.5141207863923959,-0.6989439746527435,-0.1622903005672979
372,2019-01-08,1,1,8,0,1,1,1,2826,0.0,0.0,0.0,1.0,-0.8640518925056873,-0.8242663691832675,-1.1771359294850663,0.07359851205429628
373,2019-01-09,1,1,9,0,2,1,2,2270,0.0,0.0,0.0,1.0,-1.4834746732756867,-1.3938314416433184,0.5204394132527411,-1.2284279047051017
374,2019-01-10,1,1,10,0,3,1,1,3425,0.0,0.0,0.0,1.0,-1.0214804770953396,-0.955836214007676,0.12489296074657598,0.01752151239032113
375,2019-01-11,1,1,11,0,4,1,2,2085,0.0,0.0,0.0,1.0,-1.210199113301981,-1.1768688877153486,1.566476693302273,-0.7741760986551403
376,2019-01-12,1,1,12,0,5,0,2,3828,0.0,0.0,0.0,1.0,-0.6181038885293525,-0.5683951890656226,1.246689813402331,-0.07502661863405921
377,2019-01-13,1,1,13,0,6,0,1,3040,0.0,0.0,0.0,1.0,-1.210199113301981,-1.3822718103534548,-0.8722900825086953,2.6956690682721436
378,2019-01-14,1,1,14,0,0,1,1,2160,0.0,0.0,0.0,1.0,-1.7248699064228599,-1.7891303147271804,-1.230932255422073,0.012335444000344505
379,2019-01-15,1,1,15,0,1,1,1,2027,0.0,0.0,0.0,1.0,-1.797741567245448,-1.9208843278674128,-1.5058888637078431,0.912870219305912
380,2019-01-16,1,1,16,1,2,0,1,2081,0.0,0.0,0.0,1.0,-1.6702147944281187,-1.7426216760378506,-0.7646974306346821,0.6331879402800705
381,2019-01-17,1,1,17,0,3,1,2,2808,0.0,0.0,0.0,1.0,-0.669791227942779,-0.6768089376471392,0.6238718159209587,2.2884010742213476
382,2019-01-18,1,1,18,0,4,1,1,3267,0.0,0.0,0.0,1.0,-1.0507920136581193,-1.2233222759099314,-1.3325499286953493,-0.07491418354701358
383,2019-01-19,1,1,19,0,5,0,1,3162,0.0,0.0,0.0,1.0,-1.6702147944281187,-1.746458515950843,-0.9440185170913709,0.47577881841628045
384,2019-01-20,1,1,20,0,6,0,2,3048,0.0,0.0,0.0,1.0,-1.5199132364425805,-1.5566423717752775,-1.2847285813590796,0.23112006900513232
385,2019-01-21,1,1,21,0,0,1,2,1234,0.0,0.0,0.0,1.0,-1.7613084695897536,-1.8395433217119717,1.449917987105425,0.5106899129439282
386,2019-01-22,1,1,22,0,1,1,2,1781,0.0,0.0,0.0,1.0,-1.8205163524136565,-1.9170474879544204,1.1988684660660607,0.18738282014440746
387,2019-01-23,1,1,23,0,2,1,2,2287,0.0,0.0,0.0,1.0,-1.5153604656134185,-1.4209717124518624,2.0237454637668293,-1.0624737162258482
388,2019-01-24,1,1,24,0,3,1,1,3900,0.0,0.0,0.0,1.0,-0.8367243365083167,-0.7699367160152932,1.482791128674665,-0.8789374910098451
389,2019-01-25,1,1,25,0,4,1,1,3803,0.0,0.0,0.0,1.0,-1.1008888893124988,-1.1032015613858923,0.1050098386802588,-0.3546526801163779
390,2019-01-26,1,1,26,0,5,0,2,3831,0.0,0.0,0.0,1.0,-0.8412771073374786,-0.7273201677337031,1.0075902495644393,-1.5868737730835372
391,2019-01-27,1,1,27,0,6,0,2,3187,0.0,0.0,0.0,1.0,-0.3858196625517026,-0.36307821164156756,0.8043620758613452,2.197567578274412
392,2019-01-28,1,1,28,0,0,1,1,3248,0.0,0.0,0.0,1.0,-0.9824731236646927,-0.909468771027144,-0.615265582868594,0.34466545253527164
393,2019-01-29,1,1,29,0,1,1,1,2685,0.0,0.0,0.0,1.0,-1.1646550084767635,-1.2388722207093075,-2.2799606111937027,0.7553486623550764
394,2019-01-30,1,1,30,0,2,1,1,3498,0.0,0.0,0.0,1.0,-1.2375266692993516,-1.3008509979278233,-1.6373957756717203,0.41441736966116366
395,2019-01-31,1,1,31,0,3,1,1,4185,0.0,0.0,0.0,1.0,-0.5771125545332965,-0.572207473203172,-1.523820972353512,1.0612704798201766
396,2019-02-01,1,2,32,0,4,1,1,4275,0.0,0.0,0.0,1.0,-0.14442442940452968,-0.0490405384429568,-0.8692990067865979,0.03881390699957479
397,2019-02-02,1,2,33,0,5,0,2,3571,0.0,0.0,0.0,1.0,-0.5270102133677175,-0.46383055828482034,0.31422016382754897,0.01239166154386732
398,2019-02-03,1,2,34,0,6,0,1,3841,0.0,0.0,0.0,1.0,-0.9961369016633781,-1.0140334018079464,-0.7348081919440812,-0.10975500614525788
399,2019-02-04,1,2,35,0,0,1,2,2448,0.0,0.0,0.0,1.0,-1.264854225296722,-1.2388476649338642,1.079318684147115,-0.9052332469926263
400,2019-02-05,1,2,36,0,1,1,2,2629,0.0,0.0,0.0,1.0,-1.2557486836383984,-1.2892115603677692,0.42181281570156226,-0.14489097084699687
401,2019-02-06,1,2,37,0,2,1,1,3578,0.0,0.0,0.0,1.0,-1.1640592677560206,-1.0933485564893275,-0.0497514317753221,-0.45684211985491524
402,2019-02-07,1,2,38,0,3,1,1,4176,0.0,0.0,0.0,1.0,-0.7729582173440523,-0.6962939454612803,-0.9529845714142053,-0.5470853315948616
403,2019-02-08,1,2,39,0,4,1,2,2693,0.0,0.0,0.0,1.0,-1.305845559292778,-1.277547567032272,0.6728623367409267,-0.7390401339534013
404,2019-02-09,1,2,40,0,5,0,1,3667,0.0,0.0,0.0,1.0,-1.2603014544675601,-1.3047615051671453,-0.4807747680260774,0.10866420482663183
405,2019-02-10,1,2,41,0,6,0,2,3604,0.0,0.0,0.0,1.0,-1.1737660156462866,-1.1109550474820677,-0.6391726701149999,-0.9750413816620414
406,2019-02-11,1,2,42,0,0,1,3,1977,0.0,0.0,0.0,1.0,-1.4834746732756867,-1.6185904542744893,0.7326336412786697,1.4544981423761578
407,2019-02-12,1,2,43,0,1,1,1,1456,0.0,0.0,0.0,1.0,-2.0118092443952507,-2.289018374367288,-1.180127005207164,-0.07491418354701358
408,2019-02-13,1,2,44,1,2,0,1,3328,0.0,0.0,0.0,1.0,-1.4925856804452098,-1.5139460172234969,-1.5626762653669475,-0.26734683502549733
409,2019-02-14,1,2,45,0,3,1,2,3787,0.0,0.0,0.0,1.0,-0.9642511093256463,-0.8630153828325614,-0.863324028185861,-0.6342225240551741
410,2019-02-15,1,2,46,0,4,1,1,4028,0.0,0.0,0.0,1.0,-0.8048440096817842,-0.7544604385422466,-0.7019350503748409,-0.06613019237157902
411,2019-02-16,1,2,47,0,5,0,2,2931,0.0,0.0,0.0,1.0,-0.9779148873243314,-0.8862451464017832,0.8880476404889532,-1.3334844391633007
412,2019-02-17,1,2,48,0,6,0,1,3805,0.0,0.0,0.0,1.0,-0.8321715656791547,-0.7544604385422466,0.03925638269832022,0.27463244769176554
413,2019-02-18,1,2,49,0,0,1,1,2883,0.0,0.0,0.0,1.0,-0.813949551340108,-0.7311570076466956,-0.6780279631284352,0.0649831735094298
414,2019-02-19,1,2,50,0,1,1,2,2071,0.0,0.0,0.0,1.0,-1.1783187864754485,-1.2814335184961507,-0.8125187779709517,0.9389270507287221
415,2019-02-20,1,2,51,1,2,0,1,2627,0.0,0.0,0.0,1.0,-1.1783187864754485,-1.2347591283225796,-0.8699517355413,0.6012142124014883
416,2019-02-21,1,2,52,0,3,1,1,3614,0.0,0.0,0.0,1.0,-1.1355456958283643,-1.1014089897785424,-0.24934297384507467,0.272819431913156
417,2019-02-22,1,2,53,0,4,1,1,4379,0.0,0.0,0.0,1.0,-0.545232227706764,-0.5025304603832281,-0.43892839929054467,0.676939243526676
418,2019-02-23,1,2,54,0,5,0,1,4546,0.0,0.0,0.0,1.0,-0.22640709739664114,-0.18466208621548538,-0.534571093963084,0.0647583033353389
419,2019-02-24,1,2,55,0,6,0,2,3241,0.0,0.0,0.0,1.0,-0.48146610854249966,-0.39016323195536445,0.7774639128928419,0.7204516222133092
420,2019-02-25,1,2,56,0,0,1,1,2415,0.0,0.0,0.0,1.0,-1.1191109036515454,-1.3435166577603002,-1.673259992963058,-0.07491418354701358
421,2019-02-26,1,2,57,0,1,1,1,2874,0.0,0.0,0.0,1.0,-1.1828715573046105,-1.265963379966965,-1.5716423196897817,0.2659608916033766
422,2019-02-27,1,2,58,0,2,1,1,4069,0.0,0.0,0.0,1.0,-0.7046393273506261,-0.7156316186227625,-0.9918398644276406,1.14863254245458
423,2019-02-28,1,2,59,0,3,1,1,4134,0.0,0.0,0.0,1.0,-0.7456306613466818,-0.7428210009821927,-1.673259992963058,0.0999504855806007
424,2019-03-01,1,3,60,0,4,1,1,4665,0.0,0.0,0.0,1.0,-0.05333621975409394,0.005184752679384083,-0.09821833502283589,0.5717562195955503
425,2019-03-02,1,3,61,0,5,0,2,2948,0.0,0.0,0.0,1.0,-0.7775164536844137,-0.7040412926135947,0.20064536050933968,-0.5818699366495831
426,2019-03-03,1,3,62,0,6,0,2,3110,0.0,0.0,0.0,1.0,-0.4450275453756056,-0.3746869544823175,-0.056379139130761154,-0.35454024502933223
427,2019-03-04,1,3,63,0,0,1,1,2713,0.0,0.0,0.0,1.0,-0.9278180116699518,-1.0528622217274306,-1.6194636670260516,2.0837832701843015
428,2019-03-05,1,3,64,0,1,1,1,3130,0.0,0.0,0.0,1.0,-1.3787226856265657,-1.4325558995171694,-0.8812561368315298,0.5980519755783319
429,2019-03-06,1,3,65,0,2,1,1,3735,0.0,0.0,0.0,1.0,-1.2967400176344541,-1.3474026092241786,-1.23690723402281,0.2047680954788279
430,2019-03-07,1,3,66,0,3,1,1,4484,0.0,0.0,0.0,1.0,-0.49968265737034673,-0.5489838485778111,-0.8304508866166206,2.2413048271351372
431,2019-03-08,1,3,67,0,4,1,1,4896,0.0,0.0,0.0,1.0,0.17439523539439378,0.3074233757775603,-0.44191947501264217,-0.07491418354701358
432,2019-03-09,1,3,68,0,5,0,2,4122,0.0,0.0,0.0,1.0,-0.4632495597146526,-0.47542088429398816,-1.5925655040575482,-0.07491418354701358
433,2019-03-10,1,3,69,0,6,0,1,3150,0.0,0.0,0.0,1.0,-1.1373274524793928,-1.207895109987771,-1.9990218514637375,0.5543709442611299
434,2019-03-11,1,3,70,0,0,1,1,3253,0.0,0.0,0.0,1.0,-0.7315733665416344,-0.7050971909576503,-1.091370240254561,0.5099169217204897
435,2019-03-12,1,3,71,0,1,1,1,4460,0.0,0.0,0.0,1.0,-0.15808820740321486,-0.09168164249999,-1.0037898216291146,0.30087198613102434
436,2019-03-13,1,3,72,0,2,1,1,5085,0.0,0.0,0.0,1.0,0.3793519053746726,0.4199195220265009,-0.08327730209926448,0.7117800661249203
437,2019-03-14,1,3,73,0,3,1,1,5315,0.0,0.0,0.0,1.0,0.4203432393707286,0.4548378347066629,-0.8752811582307929,-1.0012809201013
438,2019-03-15,1,3,74,0,4,1,1,5187,0.0,0.0,0.0,1.0,0.33836057137861714,0.35789163325709855,-0.35525000750639524,-0.5118931493495998
439,2019-03-16,1,3,75,0,5,0,2,3830,0.0,0.0,0.0,1.0,-0.32661177972779953,-0.2351057879195805,1.527621400288837,-1.0275626216982006
440,2019-03-17,1,3,76,0,6,0,2,4681,0.0,0.0,0.0,1.0,0.10152357457180511,0.18735791174826852,0.9089636520132606,-1.062529933769371
441,2019-03-18,1,3,77,0,0,1,2,3685,0.0,0.0,0.0,1.0,-0.1262078805766826,-0.06462117796163667,1.2974950636172395,-0.8351440246055978
442,2019-03-19,1,3,78,0,1,1,1,5171,0.0,0.0,0.0,1.0,0.2700416813851904,0.3578670774816554,0.7147015326330008,-0.33714091530903123
443,2019-03-20,1,3,79,0,2,1,1,5042,0.0,0.0,0.0,1.0,0.3565771202064642,0.39293272481447644,1.2825540306936687,-0.9140172381680612
444,2019-03-21,1,3,80,0,3,1,2,5108,0.0,1.0,0.0,0.0,0.1971700205626022,0.23777091873305956,1.3781895525227494,-1.359719761286795
445,2019-03-22,1,3,81,0,4,1,1,5537,0.0,1.0,0.0,0.0,0.32014402255076957,0.35016884188022734,1.449917987105425,-0.9661449553995609
446,2019-03-23,1,3,82,0,5,0,2,5893,0.0,1.0,0.0,0.0,0.57975580452579,0.586518180520566,0.46664308731573445,-0.9838815903809989
447,2019-03-24,1,3,83,0,6,0,2,2339,0.0,1.0,0.0,0.0,0.03775745540754075,0.07493543282565722,1.8384493987094042,0.09104000493223953
448,2019-03-25,1,3,84,0,0,1,2,3464,0.0,1.0,0.0,0.0,-0.3175007725582763,-0.2273768575988483,1.8055690842967047,0.48445037450466977
449,2019-03-26,1,3,85,0,1,1,1,4763,0.0,1.0,0.0,0.0,-0.27195666773305843,-0.21962951044653398,-1.0844843105346245,-0.07491418354701358
450,2019-03-27,1,3,86,0,2,1,1,4571,0.0,1.0,0.0,0.0,-0.941481789668637,-0.9753089439340956,-2.4323835346818883,0.012461933473270745
451,2019-03-28,1,3,87,0,3,1,1,5024,0.0,1.0,0.0,0.0,-0.06244176141241777,-0.02195551812915995,-1.0605772232882187,1.4808501159024618
452,2019-03-29,1,3,88,0,4,1,1,5299,0.0,1.0,0.0,0.0,-0.007786649417677125,0.04774605046622744,-1.362431994542492,1.874077778458443
453,2019-03-30,1,3,89,0,5,0,2,4663,0.0,1.0,0.0,0.0,-0.6864227785227788,-0.6071748974342206,-0.34628395318356076,-0.6779597729158986
454,2019-03-31,1,3,90,1,6,0,2,3934,0.0,1.0,0.0,0.0,-0.39037243338086447,-0.3242493917220834,0.7834388914935784,0.9038613579563866
455,2019-04-01,1,4,91,0,0,1,2,3694,0.0,1.0,0.0,0.0,-0.38126689172254064,-0.351389662530627,0.3381272510739543,-0.19729977579611066
456,2019-04-02,1,4,92,0,1,1,1,4728,0.0,1.0,0.0,0.0,-0.3371055612307899,-0.2886128226102089,-0.8948988850891545,1.7685152861085383
457,2019-04-03,1,4,93,0,2,1,1,5424,0.0,1.0,0.0,0.0,-0.15808820740321486,-0.08007289965924008,-1.6672778415188632,-1.2110988469142039
458,2019-04-04,1,4,94,0,3,1,1,5378,0.0,1.0,0.0,0.0,0.2518251325573433,0.36172847317009105,-1.144262787915826,-0.07491418354701358
459,2019-04-05,1,4,95,0,4,1,1,5265,0.0,1.0,0.0,0.0,-0.3311645505569614,-0.2662056775183325,-1.8286668193298832,0.4669386096973231
460,2019-04-06,1,4,96,0,5,0,1,4653,0.0,1.0,0.0,0.0,-0.504240893710708,-0.5141944537187252,-1.8077508078055748,1.6033621976244852
461,2019-04-07,1,4,97,0,6,0,1,3605,0.0,1.0,0.0,0.0,-0.3175007725582763,-0.29710912091353936,-2.6894080343219895,1.2447364331067767
462,2019-04-08,1,4,98,0,0,1,1,2939,0.0,1.0,0.0,0.0,0.02409367740885559,0.10987830128126275,-2.5340012079551646,0.650587270000372
463,2019-04-09,1,4,99,0,1,1,1,4680,0.0,1.0,0.0,0.0,-0.03511420541504745,0.012962794551002474,-2.2351303395795306,2.4158181366157336
464,2019-04-10,1,4,100,0,2,1,1,5099,0.0,1.0,0.0,0.0,-0.2673984313926971,-0.2350812321441374,-1.392321233233093,0.8864058106925623
465,2019-04-11,1,4,101,0,3,1,1,4380,0.0,1.0,0.0,0.0,-0.8028600291163752,-0.8425849776638585,-1.144391899098075,1.5314880682306078
466,2019-04-12,1,4,102,0,4,1,1,4746,0.0,1.0,0.0,0.0,-0.5361212205372408,-0.533611933150398,-1.168169875162232,1.4633945686386376
467,2019-04-13,1,4,103,0,5,0,1,5146,0.0,1.0,0.0,0.0,-0.29017321656090594,-0.2622460587281245,-1.5835994497347137,-0.4333572410482733
468,2019-04-14,1,4,104,0,6,0,1,4665,0.0,1.0,0.0,0.0,-0.003233878588514734,0.08268891892183253,-0.9051632240779357,0.06481452087886172
469,2019-04-15,1,4,105,0,0,1,1,4286,0.0,1.0,0.0,0.0,0.6070833605231604,0.6098952787424469,-0.8692990067865979,0.5456431706292181
470,2019-04-16,1,4,106,0,1,1,1,5172,0.0,1.0,0.0,0.0,0.921350254492922,0.8618989242277947,-0.48375867090471686,1.3846900077067426
471,2019-04-17,1,4,107,0,2,1,1,5702,0.0,1.0,0.0,0.0,0.6161889021814841,0.7609869650441613,-1.7121081131330353,1.2272808858429525
472,2019-04-18,1,4,108,0,3,1,2,4020,0.0,1.0,0.0,0.0,-0.1763102217422618,-0.10736050512044269,-0.42996234496771024,-0.2585066263065396
473,2019-04-19,1,4,109,0,4,1,1,5719,0.0,1.0,0.0,0.0,0.014982670239332346,0.11369058541881216,-0.11914151939060225,-1.6918122507003384
474,2019-04-20,1,4,110,0,5,0,1,5950,0.0,1.0,0.0,0.0,0.16984246456523186,0.25322264043066295,0.46962699019437293,-0.5120618019801683
475,2019-04-21,1,4,111,0,6,0,1,4083,0.0,1.0,0.0,0.0,0.4066794613720434,0.4198704104756143,0.3859485984102245,1.3672344604429192
476,2019-04-22,1,4,112,0,0,1,3,907,0.0,1.0,0.0,0.0,-0.5406739913664027,-0.5219479398149005,1.4798072257960264,2.2239757693442397
477,2019-04-23,1,4,113,0,1,1,2,3019,0.0,1.0,0.0,0.0,-0.9505873313269608,-1.0645016592874845,0.9866742380401321,1.6470432289416868
478,2019-04-24,1,4,114,0,2,1,1,5115,0.0,1.0,0.0,0.0,-0.4495857817159669,-0.42508154463552644,-1.254839342668479,0.8865182457796079
479,2019-04-25,1,4,115,0,3,1,1,5541,0.0,1.0,0.0,0.0,-0.10343309540847373,-0.02584146959303865,-1.4431264834480022,-0.9488580607663055
480,2019-04-26,1,4,116,0,4,1,2,4551,0.0,1.0,0.0,0.0,0.014982670239332346,0.055597759664175114,0.9149458034574566,-0.13605076212803913
481,2019-04-27,1,4,117,0,5,0,1,5219,0.0,1.0,0.0,0.0,-0.20819054856879404,-0.1343779970517708,-1.6373957756717203,2.2673616585579466
482,2019-04-28,1,4,118,0,6,0,2,3100,0.0,1.0,0.0,0.0,-0.6499842153558849,-0.5956152661443569,-1.000805918750475,-0.791687863462487
483,2019-04-29,1,4,119,0,0,1,1,4075,0.0,1.0,0.0,0.0,-0.20363777773963213,-0.14982357980551367,-0.30145368156938857,-0.9753365237655358
484,2019-04-30,1,4,120,0,1,1,2,4907,0.0,1.0,0.0,0.0,-0.1717519854019,-0.10332108006004442,-0.42398736636697326,-0.20613998451506801
485,2019-05-01,1,5,121,0,2,1,2,5087,0.0,1.0,0.0,0.0,0.6435164581788549,0.6292083961284859,0.21857746915500856,-0.42457324987283834
486,2019-05-02,1,5,122,0,3,1,1,5502,0.0,1.0,0.0,0.0,0.3747991345455107,0.38902221757515465,1.204843444666797,-0.6780862623888249
487,2019-05-03,1,5,123,0,4,1,2,5657,0.0,1.0,0.0,0.0,0.3520243493773023,0.38500734829019945,0.998624195241605,-0.7393914936004188
488,2019-05-04,1,5,124,0,5,0,1,5227,0.0,1.0,0.0,0.0,0.7209463553418045,0.7145151600179962,0.762522879969271,-0.32841314167711944
489,2019-05-05,1,5,125,0,6,0,2,4387,0.0,1.0,0.0,0.0,0.6890660285152722,0.6757845632002843,0.9149458034574566,-0.46819806364651756
490,2019-05-06,1,5,126,0,0,1,2,4224,0.0,1.0,0.0,0.0,0.3656881273759875,0.4432966202483813,0.7953960215385109,-0.5119493668931226
491,2019-05-07,1,5,127,0,1,1,2,5265,0.0,1.0,0.0,0.0,0.2290503473891349,0.3230040152962402,0.25145778356770787,0.6242352964740675
492,2019-05-08,1,5,128,0,2,1,2,4990,0.0,1.0,0.0,0.0,0.4704455805363078,0.5091920436500802,0.40686460993453183,1.5420991295705333
493,2019-05-09,1,5,129,0,3,1,2,4097,0.0,1.0,0.0,0.0,0.4340070173694138,0.48189829924501665,0.8252852602291121,0.4231310889071948
494,2019-05-10,1,5,130,0,4,1,1,5546,0.0,1.0,0.0,0.0,0.0559740042353883,0.10593709932263687,-0.552503202608753,1.795555924542997
495,2019-05-11,1,5,131,0,5,0,1,5711,0.0,1.0,0.0,0.0,0.20627556222092602,0.28427341847852877,-1.927293416881062,0.7115973591084712
496,2019-05-12,1,5,132,0,6,0,1,4807,0.0,1.0,0.0,0.0,0.3747991345455107,0.4315098480356683,-1.0665522018889555,-0.8878479716582058
497,2019-05-13,1,5,133,0,0,1,1,3946,0.0,1.0,0.0,0.0,0.6389636873496931,0.679652097832581,-0.37915709475280107,0.5454745179986497
498,2019-05-14,1,5,134,0,1,1,2,2501,0.0,1.0,0.0,0.0,0.4248960101998905,0.4627140996800541,1.1510471187297906,0.37084877343100725
499,2019-05-15,1,5,135,0,2,1,2,4490,0.0,1.0,0.0,0.0,0.6344109165205312,0.6254206677663795,1.1869113360211283,-0.5469026245784125
500,2019-05-16,1,5,136,0,3,1,1,6433,0.0,1.0,0.0,0.0,0.7710486965073837,0.7455659380658616,0.4935412502842378,-0.896575745290118
501,2019-05-17,1,5,137,0,4,1,1,6142,0.0,1.0,0.0,0.0,0.5342062341893727,0.6021479315901321,-0.782629539280351,0.6067235316667208
502,2019-05-18,1,5,138,0,5,0,1,6118,0.0,1.0,0.0,0.0,0.3747991345455107,0.470209750134076,-0.7587224520339451,-0.6955277552667681
503,2019-05-19,1,5,139,0,6,0,1,4884,0.0,1.0,0.0,0.0,0.5706447973562668,0.5671252568643367,-1.2398983097449074,-1.4381896139744828
504,2019-05-20,1,5,140,0,0,1,1,4425,0.0,1.0,0.0,0.0,0.684507792174911,0.6718495001855195,-0.707910028975578,0.9565653050089946
505,2019-05-21,1,5,141,0,1,1,2,3729,0.0,1.0,0.0,0.0,0.5615337901867431,0.5595068275330984,1.306461117940074,0.6591323366158346
506,2019-05-22,1,5,142,0,2,1,2,5254,0.0,1.0,0.0,0.0,0.6526274653483782,0.6525609385749236,0.9806920865959361,-0.9576420519417402
507,2019-05-23,1,5,143,0,3,1,2,4494,0.0,1.0,0.0,0.0,0.6890660285152722,0.6758091189757275,1.0434544668557773,-1.1848593084749452
508,2019-05-24,1,5,144,0,4,1,1,5711,0.0,1.0,0.0,0.0,0.8712479133273427,0.8114061109728133,0.6280320651267544,-0.1884595670771529
509,2019-05-25,1,5,145,0,5,0,1,5317,0.0,1.0,0.0,0.0,1.0078856933141953,0.9392741726491667,0.8462012717534195,-0.6430627327741315
510,2019-05-26,1,5,146,0,6,0,1,3681,0.0,1.0,0.0,0.0,1.0762045833076215,1.0323835341857386,0.7415996956015042,0.17830368686547823
511,2019-05-27,1,5,147,0,0,1,1,3308,0.0,1.0,0.0,0.0,1.0625408053089365,1.024580936538677,0.4875590988400418,0.40568959602925153
512,2019-05-28,1,5,148,0,1,1,1,3486,0.0,1.0,0.0,0.0,1.1855148072971038,1.2570934352660237,0.3381272510739543,0.14357529935427957
513,2019-05-29,1,5,149,1,2,0,1,4863,0.0,1.0,0.0,0.0,1.240169919291845,1.2183689773921724,0.3978985556116974,1.5332589208515752
514,2019-05-30,1,5,150,0,3,1,2,6110,0.0,1.0,0.0,0.0,0.8803589204968659,0.8385954933322436,0.29329697945978206,-0.7304950673379387
515,2019-05-31,1,5,151,0,4,1,1,6238,0.0,1.0,0.0,0.0,1.0078856933141953,0.9626021593201612,-0.9768916586606112,0.1261197520904557
516,2019-06-01,1,6,152,0,5,0,2,3594,0.0,1.0,0.0,0.0,0.8666951424981808,0.8191534581251276,0.9059797491346221,0.7203954046697868
517,2019-06-02,1,6,153,0,6,0,1,5325,0.0,1.0,0.0,0.0,0.47955112219463164,0.5633191116706479,-0.5734192141330613,0.0036076703684323874
518,2019-06-03,1,6,154,0,0,1,1,5147,0.0,1.0,0.0,0.0,0.584308575354952,0.617618070119318,-0.9739077557819718,-0.031176934686289095
519,2019-06-04,1,6,155,0,1,1,1,5927,0.0,1.0,0.0,0.0,0.5569810193575812,0.6369557432808002,-1.018738027396144,1.3847462252502658
520,2019-06-05,1,6,156,0,2,1,2,6033,0.0,1.0,0.0,0.0,0.24726689621698197,0.3153303354702552,-0.11316654078986528,0.32704125264087935
521,2019-06-06,1,6,157,0,3,1,1,6028,0.0,1.0,0.0,0.0,0.32014402255076957,0.41600901478717867,-0.1281075737134367,-1.5344621572572472
522,2019-06-07,1,6,158,0,4,1,1,6456,0.0,1.0,0.0,0.0,0.584308575354952,0.5826813406075735,-0.4449105507347396,-0.40694904997844605
523,2019-06-08,1,6,159,0,5,0,1,6248,0.0,1.0,0.0,0.0,0.83936758650081,0.7571501251311689,-1.1562127451173,-0.15350630939186335
524,2019-06-09,1,6,160,0,6,0,1,4790,0.0,1.0,0.0,0.0,1.1764038001275805,1.0671974848202672,-1.3773802003095217,-0.5905414927379721
525,2019-06-10,1,6,161,0,0,1,1,4374,0.0,1.0,0.0,0.0,1.2629447044600537,1.1602024843112055,-0.6511298001599318,-0.7390401339534013
526,2019-06-11,1,6,162,0,1,1,2,5647,0.0,1.0,0.0,0.0,1.2310589121223217,1.1368990534156544,-0.2954715301251936,0.30087198613102434
527,2019-06-12,1,6,163,0,2,1,2,4495,0.0,1.0,0.0,0.0,0.8621369061578195,0.7572299314013591,1.464859020028996,0.396905604853817
528,2019-06-13,1,6,164,0,3,1,1,6248,0.0,1.0,0.0,0.0,0.8758006841565046,0.8385218260059139,-0.33731789886072633,2.2061688624333984
529,2019-06-14,1,6,165,0,4,1,1,6183,0.0,1.0,0.0,0.0,0.8348093501604487,0.9199610552631277,-0.42697844208907076,0.9476548243606339
530,2019-06-15,1,6,166,0,5,0,1,6102,0.0,1.0,0.0,0.0,0.7847124745060688,0.7687650069157798,-0.28352157292371966,-0.13616319721508474
531,2019-06-16,1,6,167,0,6,0,1,4739,0.0,1.0,0.0,0.0,0.7437211405100134,0.7377878961942432,-0.8961971697551012,-0.2760043367280057
532,2019-06-17,1,6,168,0,0,1,1,4344,0.0,1.0,0.0,0.0,0.5296534633602108,0.5982312854069493,-0.2177681169417811,-0.5818699366495831
533,2019-06-18,1,6,169,0,1,1,2,4446,0.0,1.0,0.0,0.0,0.3975684542025202,0.4316633216321883,1.067368726945642,-0.16245895319786635
534,2019-06-19,1,6,170,0,2,1,1,5857,0.0,1.0,0.0,0.0,1.0534297981394132,1.1060263047397518,0.43675384862513317,-0.5381186334029777
535,2019-06-20,1,6,171,0,3,1,1,5339,0.0,1.0,0.0,0.0,1.568100591260292,1.5129339206643635,-0.2655894642780508,-1.0188489024521694
536,2019-06-21,1,6,172,0,4,1,1,5127,0.0,0.0,1.0,0.0,1.695627364077621,1.7067219615178588,-0.43892839929054467,-0.948928332695709
537,2019-06-22,1,6,173,0,5,0,1,4859,0.0,0.0,1.0,0.0,1.5407730352629212,1.5322470380504025,-0.3970892033984699,-0.04867464510775516
538,2019-06-23,1,6,174,0,6,0,1,4801,0.0,0.0,1.0,0.0,1.2902722604574242,1.0943623114042547,-0.6780279631284352,-0.09253838344140589
539,2019-06-24,1,6,175,0,0,1,1,4340,0.0,0.0,1.0,0.0,1.354032914110489,1.2261163245444866,-1.07551825621179,-0.5731421630176711
540,2019-06-25,1,6,176,0,1,1,1,5640,0.0,0.0,1.0,0.0,1.2037313561249514,1.1020359912302398,-0.8961971697551012,1.6032919256950817
541,2019-06-26,1,6,177,0,2,1,1,6365,0.0,0.0,1.0,0.0,0.739162904169652,0.7377633404188001,-1.834648970774078,2.267488148030873
542,2019-06-27,1,6,178,0,3,1,1,6258,0.0,0.0,1.0,0.0,1.1035321393049924,1.0206949850747984,-1.9302844926031595,1.2012240544201431
543,2019-06-28,1,6,179,0,4,1,1,5958,0.0,0.0,1.0,0.0,1.3859187064482212,1.233839115921358,-1.4819817764614374,-0.20597133188449956
544,2019-06-29,1,6,180,0,5,0,1,4634,0.0,0.0,1.0,0.0,1.850487158403521,1.9158819177987674,-1.006780897351212,-0.29357231907887515
545,2019-06-30,1,6,181,0,6,0,1,4232,0.0,0.0,1.0,0.0,1.4724541452694946,1.3074818864753712,-0.19983600829611223,-0.3546526801163779
546,2019-07-01,1,7,182,0,0,1,1,4110,0.0,0.0,1.0,0.0,1.7502824760723625,1.6949781619121715,-0.7915955936031854,-0.24983507021815068
547,2019-07-02,1,7,183,0,1,1,1,5323,0.0,0.0,1.0,0.0,1.5635478204311297,1.3966807407726212,-1.305651765726846,0.12595109945988725
548,2019-07-03,1,7,184,0,2,1,1,5608,0.0,0.0,1.0,0.0,1.5589895840907684,1.4004377744154235,-0.9828738101048061,-0.844223157884527
549,2019-07-04,1,7,185,1,3,0,1,4841,0.0,0.0,1.0,0.0,1.6045391544271852,1.5826846008106372,-0.6481387244378343,-0.7217672937060265
550,2019-07-05,1,7,186,1,4,0,1,4836,0.0,0.0,1.0,0.0,1.814048595236627,1.7608981410893136,-1.2279411796999755,0.1085517697395862
551,2019-07-06,1,7,187,0,5,0,1,4841,0.0,0.0,1.0,0.0,1.8186013660657883,1.7066667110231117,-1.2787536027583428,-0.5644706069292821
552,2019-07-07,1,7,188,0,6,0,1,3392,0.0,0.0,1.0,0.0,2.0007887163890588,2.0282245904511877,-0.9828738101048061,-0.31975563997461076
553,2019-07-08,1,7,189,0,0,1,1,3469,0.0,0.0,1.0,0.0,1.7867210392392556,1.9391055424241281,-0.3970892033984699,-0.85276822449999
554,2019-07-09,1,7,190,0,1,1,2,5571,0.0,0.0,1.0,0.0,1.1764038001275805,1.102109658556569,0.3889325012888629,-0.07491418354701358
555,2019-07-10,1,7,191,0,2,1,2,5336,0.0,0.0,1.0,0.0,1.2310589121223217,1.1680541935091542,0.2753648708141132,-0.4858363179267905
556,2019-07-11,1,7,192,0,3,1,1,6289,0.0,0.0,1.0,0.0,1.2082895924653128,1.078886033931208,0.030290328375485783,-0.4858925354703129
557,2019-07-12,1,7,193,0,4,1,1,6414,0.0,0.0,1.0,0.0,1.2037313561249514,1.1059710542450045,-0.7138921804197729,-0.5555741806668015
558,2019-07-13,1,7,194,0,5,0,2,5988,0.0,0.0,1.0,0.0,1.2902722604574242,1.187312060400446,-1.0277040817189784,-1.4821095698516562
559,2019-07-14,1,7,195,0,6,0,2,4614,0.0,0.0,1.0,0.0,1.1354124661315246,1.175703317559696,0.5025073046070723,-0.5990865593534351
560,2019-07-15,1,7,196,0,0,1,1,4111,0.0,0.0,1.0,0.0,1.3676966921091747,1.4160675254849895,0.6369981194495888,-0.2760043367280057
561,2019-07-16,1,7,197,0,1,1,1,5742,0.0,0.0,1.0,0.0,1.4633431380999713,1.5322715938258458,0.11397589300309324,-0.3108592137121306
562,2019-07-17,1,7,198,0,2,1,1,5865,0.0,0.0,1.0,0.0,1.7639462540710478,1.7260043841845938,-0.8842472125536273,-1.0101773463637802
563,2019-07-18,1,7,199,0,3,1,1,4914,0.0,0.0,1.0,0.0,1.6273084740841952,1.6640010511906353,-0.3731821161520641,-0.6867437640913332
564,2019-07-19,1,7,200,0,4,1,1,5703,0.0,0.0,1.0,0.0,1.4997817012668653,1.4740559891939935,-0.20581098689684918,-0.29340366644830673
565,2019-07-20,1,7,201,0,5,0,2,5123,0.0,0.0,1.0,0.0,0.9304557961512457,0.8502349308922976,1.5425696060558676,0.3184961860254163
566,2019-07-21,1,7,202,0,6,0,3,3195,0.0,0.0,1.0,0.0,0.5478700121880579,0.46278776700638335,1.6949925295440529,0.3793938400464703
567,2019-07-22,1,7,203,0,0,1,2,4866,0.0,0.0,1.0,0.0,0.939566803320769,0.9122382638862564,0.9567849993495308,-1.2984075028822608
568,2019-07-23,1,7,204,0,1,1,1,5831,0.0,0.0,1.0,0.0,1.3449273724521653,1.3228844966220883,0.46664308731573445,-0.6693022712133903
569,2019-07-24,1,7,205,0,2,1,1,6452,0.0,0.0,1.0,0.0,1.3950242481065451,1.4237657610864176,0.18570432758576877,0.3534494437107062
570,2019-07-25,1,7,206,0,3,1,1,6790,0.0,0.0,1.0,0.0,1.2492809264613687,1.102109658556569,-1.2847285813590796,-0.3022438751672641
571,2019-07-26,1,7,207,0,4,1,1,5825,0.0,0.0,1.0,0.0,1.5362202644337595,1.6252029259904548,-0.23270914986535252,1.384465137532652
572,2019-07-27,1,7,208,0,5,0,1,5645,0.0,0.0,1.0,0.0,1.5635478204311297,1.5942258152689188,-0.24765735563238192,-0.46819806364651756
573,2019-07-28,1,7,209,1,6,0,1,4451,0.0,0.0,1.0,0.0,1.4223518041039158,1.3694606636938873,-0.11316654078986528,-0.40694904997844605
574,2019-07-29,1,7,210,0,0,1,1,4444,0.0,0.0,1.0,0.0,1.235617148462683,1.187312060400446,-0.03844703048509227,-0.22359553177889188
575,2019-07-30,1,7,211,0,1,1,1,6065,0.0,0.0,1.0,0.0,1.2857140241170628,1.2920056090023246,0.28433092513694763,-0.4594140724710826
576,2019-07-31,1,7,212,0,2,1,1,6248,0.0,0.0,1.0,0.0,1.1900675781262657,1.1563902001736561,0.53837152189841,-0.29345988399182954
577,2019-08-01,1,8,213,0,3,1,1,6506,0.0,0.0,1.0,0.0,1.2128423632944745,1.1834752204874535,0.34709330539678873,-0.6342225240551741
578,2019-08-02,1,8,214,0,4,1,1,6278,0.0,0.0,1.0,0.0,1.4041352552760682,1.4276824072696004,0.21857746915500856,-0.8004156370943991
579,2019-08-03,1,8,215,0,5,0,2,5847,0.0,0.0,1.0,0.0,1.4770069160986565,1.5245488024489744,0.09604378435742435,0.41441736966116366
580,2019-08-04,1,8,216,0,6,0,1,4479,0.0,0.0,1.0,0.0,1.6273084740841952,1.6988948080953543,-0.11316654078986528,1.0000074117662248
581,2019-08-05,1,8,217,0,0,1,1,3757,0.0,0.0,1.0,0.0,1.4952289304377033,1.5749618094337658,0.1677722189400999,1.4632821335515926
582,2019-08-06,1,8,218,0,1,1,2,5780,0.0,0.0,1.0,0.0,1.4041352552760682,1.4470691919819696,0.17972934898503232,-0.8004156370943991
583,2019-08-07,1,8,219,0,2,1,2,5995,0.0,0.0,1.0,0.0,1.3130415801144335,1.3695650257395207,0.535380446176312,-0.9753365237655358
584,2019-08-08,1,8,220,0,3,1,2,6271,0.0,0.0,1.0,0.0,1.3904714772773832,1.431543802958036,0.31422016382754897,-1.0625861513128938
585,2019-08-09,1,8,221,0,4,1,1,6090,0.0,0.0,1.0,0.0,1.4223518041039158,1.3811492128048275,-0.06235411773149812,-0.42451703232931554
586,2019-08-10,1,8,222,0,5,0,2,4721,0.0,0.0,1.0,0.0,1.2037313561249514,1.1873673108951932,0.6220499136825585,0.7379633870206562
587,2019-08-11,1,8,223,0,6,0,2,4052,0.0,0.0,1.0,0.0,1.0762045833076215,1.0051941518263088,0.7445907713236022,0.28352887395424575
588,2019-08-12,1,8,224,0,0,1,1,4362,0.0,0.0,1.0,0.0,1.1217486881328393,1.0439431654756022,-0.707910028975578,-0.896575745290118
589,2019-08-13,1,8,225,0,1,1,1,5676,0.0,0.0,1.0,0.0,1.2310589121223217,1.1524489982150303,-0.6003173771015646,-0.7040306587245889
590,2019-08-14,1,8,226,0,2,1,1,5656,0.0,0.0,1.0,0.0,1.2629447044600537,1.2416171577929762,0.4128467613787278,-0.24099486149919294
591,2019-08-15,1,8,227,0,3,1,1,6149,0.0,0.0,1.0,0.0,1.1536344804705716,1.1020052965109357,-0.06833626917569308,-0.23237952295432682
592,2019-08-16,1,8,228,0,4,1,1,6267,0.0,0.0,1.0,0.0,1.2219533704639978,1.1060017489643086,-0.7886045178810879,-0.6255509679667848
593,2019-08-17,1,8,229,0,5,0,1,5665,0.0,0.0,1.0,0.0,1.244722690121007,-1.425011137512261,-0.4180123877662363,0.633131722736548
594,2019-08-18,1,8,230,0,6,0,1,5038,0.0,0.0,1.0,0.0,0.998774686144672,0.8812120416138337,-0.18489497537254082,-0.11859521486421525
595,2019-08-19,1,8,231,0,0,1,2,3341,0.0,0.0,1.0,0.0,0.7664904601670224,0.7920929935867743,0.5921678478354166,-1.4034050089197612
596,2019-08-20,1,8,232,0,1,1,2,5504,0.0,0.0,1.0,0.0,0.7664904601670224,0.7455168265149754,0.7535568256464366,-0.7916316459189642
597,2019-08-21,1,8,233,0,2,1,1,5925,0.0,0.0,1.0,0.0,0.83936758650081,0.7765676045628412,0.3201951424282854,-1.5956577642589718
598,2019-08-22,1,8,234,0,3,1,1,6281,0.0,0.0,1.0,0.0,0.939566803320769,0.9044356662391949,0.34410222967469073,-1.630618049137202
599,2019-08-23,1,8,235,0,4,1,1,6402,0.0,0.0,1.0,0.0,1.094421132135469,0.9974652215055765,0.04822243702115467,-1.4294646512197469
600,2019-08-24,1,8,236,0,5,0,2,6257,0.0,0.0,1.0,0.0,1.1308596953023626,1.0594194429486488,-0.10120941074493336,-1.6044417554344066
601,2019-08-25,1,8,237,0,6,0,2,4224,0.0,0.0,1.0,0.0,0.9076864764942367,0.8850488815268263,0.6011339021582511,0.8165976760231478
602,2019-08-26,1,8,238,0,0,1,2,3772,0.0,0.0,1.0,0.0,0.8621369061578195,0.7456948558869385,1.5545195632573403,0.5980519755783319
603,2019-08-27,1,8,239,0,1,1,1,5928,0.0,0.0,1.0,0.0,1.1354124661315246,1.1060017489643086,0.7266586626779332,-0.8091434107263108
604,2019-08-28,1,8,240,0,2,1,1,6105,0.0,0.0,1.0,0.0,1.2720502461183776,1.1757524291105823,-0.0653451934535956,0.06492695596590735
605,2019-08-29,1,8,241,0,3,1,1,6520,0.0,0.0,1.0,0.0,1.035213249311566,0.989638068083072,-0.552503202608753,-1.0364168848030386
606,2019-08-30,1,8,242,0,4,1,1,6541,0.0,0.0,1.0,0.0,1.1536344804705716,1.0942825051340643,-0.2775394214795247,-1.534578808660057
607,2019-08-31,1,8,243,0,5,0,1,5917,0.0,0.0,1.0,0.0,1.4679013744403326,1.3190967682599821,-0.29846260584729106,-0.24977885267462785
608,2019-09-01,1,9,244,0,6,0,2,3788,0.0,0.0,1.0,0.0,1.4086880261052301,1.4004623301908665,0.06615454566682355,-1.027632893627604
609,2019-09-02,1,9,245,0,0,1,2,3197,0.0,0.0,1.0,0.0,1.0989793684758304,1.0710834362841466,1.3333592809085772,-1.7179309214210232
610,2019-09-03,1,9,246,0,1,1,1,4069,0.0,0.0,1.0,0.0,1.1581872512997335,1.1486121583020379,1.1600131730526249,-0.49449381962929884
611,2019-09-04,1,9,247,1,2,0,1,5997,0.0,0.0,1.0,0.0,1.2583864681196923,1.3036757412816826,0.9029886734125241,0.7029398574059629
612,2019-09-05,1,9,248,0,3,1,1,6280,0.0,0.0,1.0,0.0,1.3175998164547948,1.4393157058857942,0.8043620758613452,0.021119435175779064
613,2019-09-06,1,9,249,0,4,1,2,5592,0.0,0.0,1.0,0.0,1.0989793684758304,1.1099368119790736,1.3004861393393374,-0.6167669767913503
614,2019-09-07,1,9,250,0,5,0,1,6459,0.0,0.0,1.0,0.0,1.1354124661315246,1.121447331718051,0.7684978585700075,-0.2060275494280224
615,2019-09-08,1,9,251,0,6,0,2,4419,0.0,0.0,1.0,0.0,0.8940226984955512,0.838546381781357,1.2197916504338275,1.3323374203011515
616,2019-09-09,1,9,252,0,0,1,1,5657,0.0,0.0,1.0,0.0,0.6252999093510079,0.640896945239426,-0.5853763441779932,0.536746744366738
617,2019-09-10,1,9,253,0,1,1,1,6407,0.0,0.0,1.0,0.0,0.47955112219463164,0.5594270212629082,-0.8991882454771987,1.0176456660464974
618,2019-09-11,1,9,254,0,2,1,1,6697,0.0,0.0,1.0,0.0,0.4476707953680989,0.48967634111663505,-0.782629539280351,-1.324641419567167
619,2019-09-12,1,9,255,0,3,1,1,6820,0.0,0.0,1.0,0.0,0.5660920265271049,0.5865672920714522,-0.3731821161520641,-0.7653921074797058
620,2019-09-13,1,9,256,0,4,1,1,6750,0.0,0.0,1.0,0.0,0.6389636873496931,0.6447828967033051,0.05718849134398911,-1.4558166247460511
621,2019-09-14,1,9,257,0,5,0,1,6630,0.0,0.0,1.0,0.0,0.7528266821683373,0.7339510562812507,0.31122908810545097,-1.1586759875792094
622,2019-09-15,1,9,258,0,6,0,1,5554,0.0,0.0,1.0,0.0,0.6161889021814841,0.6835134935210165,-0.9141292784007701,0.860348979269753
623,2019-09-16,1,9,259,0,0,1,1,5167,0.0,0.0,1.0,0.0,0.4613345733667845,0.5439016322389755,-0.42398736636697326,-1.3509357701113605
624,2019-09-17,1,9,260,0,1,1,2,5847,0.0,0.0,1.0,0.0,0.46588734419594646,0.4820517728415362,0.756540728525075,-0.4857660459973867
625,2019-09-18,1,9,261,0,2,1,2,3702,0.0,0.0,1.0,0.0,0.6981715701735961,0.555823461216626,1.7457977797589617,2.40725901561439
626,2019-09-19,1,9,262,0,3,1,1,6803,0.0,0.0,1.0,0.0,0.31103301538124634,0.40441868877801085,-0.6630797573614057,0.40574581357277434
627,2019-09-20,1,9,263,0,4,1,1,6781,0.0,0.0,1.0,0.0,0.2791526885547141,0.35400568179321984,-0.07730232349852752,-0.9576420519417402
628,2019-09-21,1,9,264,0,5,0,1,6917,0.0,0.0,1.0,0.0,0.5660920265271049,0.5982067296315062,0.28433092513694763,-0.45081278831209715
629,2019-09-22,1,9,265,0,6,0,1,5883,0.0,0.0,1.0,0.0,0.843920357329972,0.8346604303174783,0.12593302304802567,1.367178242899396
630,2019-09-23,1,9,266,0,0,1,1,5453,1.0,0.0,0.0,0.0,0.18350624256391704,0.2726094251430317,-1.162194896561495,0.5193474146464365
631,2019-09-24,1,9,267,0,1,1,1,6435,1.0,0.0,0.0,0.0,0.10152357457180511,0.1718079669488923,-0.9768916586606112,-0.6170059013513222
632,2019-09-25,1,9,268,0,2,1,1,6693,1.0,0.0,0.0,0.0,0.2973692373825612,0.4275932018524859,-0.42398736636697326,0.7029398574059629
633,2019-09-26,1,9,269,0,3,1,1,6946,1.0,0.0,0.0,0.0,0.7619376893378604,0.7494825842490443,0.012358219729816898,0.8164852409361022
634,2019-09-27,1,9,270,0,4,1,2,6642,1.0,0.0,0.0,0.0,0.843920357329972,0.819233264395318,0.4427288272258696,-0.7303123603214896
635,2019-09-28,1,9,271,0,5,0,2,6370,1.0,0.0,0.0,0.0,0.6754022505165866,0.6834889377455735,0.43675384862513317,-0.3109716487991762
636,2019-09-29,1,9,272,0,6,0,1,5966,1.0,0.0,0.0,0.0,0.25637790338650523,0.34236624423316586,-0.6182494857472335,0.5804277756839396
637,2019-09-30,1,9,273,0,0,1,1,4874,1.0,0.0,0.0,0.0,0.16984246456523186,0.26481296643983077,-0.3283518445378919,-0.7216548586189813
638,2019-10-01,1,10,274,0,1,1,2,6015,1.0,0.0,0.0,0.0,0.13795667222749974,0.23004812735618835,0.14386513169369455,-1.3422094019180366
639,2019-10-02,1,10,275,0,2,1,3,4324,1.0,0.0,0.0,0.0,0.5205424561906876,0.41626071148547106,1.7398228011582253,-1.1500747034202237
640,2019-10-03,1,10,276,0,3,1,2,6844,1.0,0.0,0.0,0.0,0.8849116913260279,0.7649527227782303,1.1809363574203917,-1.6831463163663014
641,2019-10-04,1,10,277,0,4,1,2,6437,1.0,0.0,0.0,0.0,0.8849116913260279,0.819233264395318,0.6728623367409267,-0.9663698255736521
642,2019-10-05,1,10,278,0,5,0,1,6640,1.0,0.0,0.0,0.0,0.6526274653483782,0.6486442923917408,-0.011548867516588948,-1.1237227298939196
643,2019-10-06,1,10,279,0,6,0,1,4934,1.0,0.0,0.0,0.0,0.32014402255076957,0.39285905748814715,0.25145778356770787,1.1485201073675344
644,2019-10-07,1,10,280,0,0,1,2,2729,1.0,0.0,0.0,0.0,-0.4359220037172818,-0.3358826903382768,0.5682535877455518,-0.634461448615146
645,2019-10-08,1,10,281,0,1,1,2,4604,1.0,0.0,0.0,0.0,-0.6135511177001903,-0.5335873773749545,0.5772196420683863,0.047415191158560674
646,2019-10-09,1,10,282,0,2,1,2,5791,1.0,0.0,0.0,0.0,-0.2673984313926971,-0.22354615662971677,0.9508100207487943,0.05614296479047241
647,2019-10-10,1,10,283,0,3,1,1,6911,1.0,0.0,0.0,0.0,0.10152357457180511,0.1756693626373279,0.012358219729816898,0.02130214219222812
648,2019-10-11,1,10,284,0,4,1,1,6736,1.0,0.0,0.0,0.0,-0.3311645505569614,-0.26618112174288944,-1.1890930595299982,-0.06618640991510184
649,2019-10-12,1,10,285,0,5,0,1,6222,1.0,0.0,0.0,0.0,-0.3175007725582763,-0.25449257263194924,-0.6451476487157368,0.6856670171585877
650,2019-10-13,1,10,286,0,6,0,1,4857,1.0,0.0,0.0,0.0,-0.5588960057054492,-0.5103330580302896,-0.9649417014591373,-0.5644706069292821
651,2019-10-14,1,10,287,0,0,1,1,4559,1.0,0.0,0.0,0.0,0.14251490856786106,0.2067446964606368,0.08110275143385345,1.2973138906864583
652,2019-10-15,1,10,288,0,1,1,2,5115,1.0,0.0,0.0,0.0,0.36113535654682555,0.3967204531765827,0.5622786091448153,1.542211564657579
653,2019-10-16,1,10,289,0,2,1,1,6612,1.0,0.0,0.0,0.0,-0.14898266574489102,-0.08398340689856189,-0.5076729309945808,-0.0574024187396669
654,2019-10-17,1,10,290,0,3,1,1,6482,1.0,0.0,0.0,0.0,-0.2173015557383173,-0.1499033860757035,0.4576770329929,-1.1936995171939027
655,2019-10-18,1,10,291,0,4,1,2,6501,1.0,0.0,0.0,0.0,0.14706767939702298,0.23388496726918084,0.7117104569109028,0.7115973591084712
656,2019-10-19,1,10,292,0,5,0,2,4671,1.0,0.0,0.0,0.0,0.3702408982051494,0.38902221757515465,1.3333592809085772,-0.7217110761625037
657,2019-10-20,1,10,293,0,6,0,1,5284,1.0,0.0,0.0,0.0,-0.06244176141241777,-0.010340636344549048,-0.4030641819992069,-0.9664963150465784
658,2019-10-21,1,10,294,0,0,1,1,4692,1.0,0.0,0.0,0.0,-0.1717519854019,-0.11109912193166283,-0.8543579738630265,-0.2846196752728722
659,2019-10-22,1,10,295,0,1,1,1,6228,1.0,0.0,0.0,0.0,-0.04422521258457069,0.05166269664940979,-0.4359444964119052,-1.473208927273412
660,2019-10-23,1,10,296,0,2,1,1,6625,1.0,0.0,0.0,0.0,0.26548891055602847,0.342415355784052,0.0900688057566879,-1.2896235117068262
661,2019-10-24,1,10,297,0,3,1,1,6898,1.0,0.0,0.0,0.0,0.50232590736284,0.5168657234760653,0.05121351274325214,-1.595539707417574
662,2019-10-25,1,10,298,0,4,1,2,6484,1.0,0.0,0.0,0.0,0.2973692373825612,0.3386337663658067,1.228757704756662,-0.870392424394382
663,2019-10-26,1,10,299,0,5,0,2,6262,1.0,0.0,0.0,0.0,0.2745944522143523,0.29604177385965924,1.2765718792494727,-0.7566643338477936
664,2019-10-27,1,10,300,0,6,0,2,5209,1.0,0.0,0.0,0.0,0.18805901339307896,0.2492814384720371,0.6519391523731597,0.6940996486870051
665,2019-10-28,1,10,301,0,0,1,2,3461,1.0,0.0,0.0,0.0,-0.09888032457931181,-0.041471220662605154,0.46962699019437293,-0.07491418354701358
666,2019-10-29,1,10,302,0,1,1,3,20,1.0,0.0,0.0,0.0,-0.3038369945595911,-0.2156391969370219,1.7995941056959683,2.4158743541592567
667,2019-10-30,1,10,303,0,2,1,2,1009,1.0,0.0,0.0,0.0,-0.9696346378571281,-1.0105771764143228,1.408351359264765,0.375304013755188
668,2019-10-31,1,10,304,0,3,1,2,5147,1.0,0.0,0.0,0.0,-0.754741668516205,-0.6963185012367235,0.2693898922133767,-0.2760043367280057
669,2019-11-01,1,11,305,0,4,1,2,5520,1.0,0.0,0.0,0.0,-0.7091975636909874,-0.6420379596196358,-0.3403018017393658,-0.40700526752196886
670,2019-11-02,1,11,306,0,5,0,1,5229,1.0,0.0,0.0,0.0,-0.7684054465148904,-0.7273692792845893,-0.7676885063567795,1.122519493488248
671,2019-11-03,1,11,307,0,6,0,2,4109,1.0,0.0,0.0,0.0,-0.8321715656791547,-0.9250187158265202,-0.988848788705543,1.1837122896127965
672,2019-11-04,1,11,308,0,0,1,1,3906,1.0,0.0,0.0,0.0,-0.9278180116699518,-0.8900758473709147,-0.689977920329909,-0.10115372198627237
673,2019-11-05,1,11,309,0,1,1,1,4881,1.0,0.0,0.0,0.0,-0.9642511093256463,-1.021835999455008,-0.9679256043377767,0.7029960749494854
674,2019-11-06,1,11,310,0,2,1,1,5220,1.0,0.0,0.0,0.0,-1.1737660156462866,-1.1845671233167767,-0.4449105507347396,-0.17978801098876399
675,2019-11-07,1,11,311,0,3,1,2,4709,1.0,0.0,0.0,0.0,-1.091783347654175,-1.2272082273738103,-0.5853763441779932,1.6556445131006727
676,2019-11-08,1,11,312,0,4,1,1,4975,1.0,0.0,0.0,0.0,-0.7838509811646043,-0.8142414738586002,-2.1205226468033316,2.270200644505847
677,2019-11-09,1,11,313,0,5,0,1,5283,1.0,0.0,0.0,0.0,-0.7319668833479963,-0.7312306749730249,-0.6331976915142629,0.39707425748438546
678,2019-11-10,1,11,314,1,6,0,1,4446,1.0,0.0,0.0,0.0,-0.5816653253624584,-0.4947340016800272,0.11696696872519123,-1.8054194735283533
679,2019-11-11,1,11,315,0,0,1,1,4562,1.0,0.0,0.0,0.0,-0.40859444771991144,-0.3242186970027793,0.21559356627637008,-0.8264724685172085
680,2019-11-12,1,11,316,0,1,1,1,5172,1.0,0.0,0.0,0.0,-0.057888990583255855,0.005258420005713368,0.8073531515834432,-0.17973179344524115
681,2019-11-13,1,11,317,0,2,1,2,3767,1.0,0.0,0.0,0.0,-0.8321715656791547,-0.9288309999640696,0.24249172924487342,2.188839804642501
682,2019-11-14,1,11,318,0,3,1,1,5122,1.0,0.0,0.0,0.0,-1.1282164453098693,-1.1845916790922197,-0.552503202608753,0.18720011312795842
683,2019-11-15,1,11,319,0,4,1,2,5125,1.0,0.0,0.0,0.0,-0.9505873313269608,-0.9210529580924512,-0.06235411773149812,-0.468268335575921
684,2019-11-16,1,11,320,0,5,0,1,5214,1.0,0.0,0.0,0.0,-0.8230605585096316,-0.7816252651262338,-0.7497563977111107,-0.2147553230599345
685,2019-11-17,1,11,321,0,6,0,1,4316,1.0,0.0,0.0,0.0,-0.9323707824991138,-0.9094442152517009,-0.6003173771015646,-0.09242594835436026
686,2019-11-18,1,11,322,0,0,1,1,3747,1.0,0.0,0.0,0.0,-0.8367243365083167,-0.8396873961615667,0.4576770329929,0.5805402107709852
687,2019-11-19,1,11,323,0,1,1,2,5050,1.0,0.0,0.0,0.0,-0.6272148956988757,-0.6071748974342206,-0.041438106207189754,0.6853156575115706
688,2019-11-20,1,11,324,0,2,1,2,5100,1.0,0.0,0.0,0.0,-0.66364799335457,-0.5761977867126845,0.40088963133379535,-1.4557575963253522
689,2019-11-21,1,11,325,0,3,1,1,4531,1.0,0.0,0.0,0.0,-0.7775164536844137,-0.6730396261166155,-0.1101754650677678,-1.1673475436675986
690,2019-11-22,1,11,326,0,4,1,1,1470,1.0,0.0,0.0,0.0,-0.8503881145070021,-0.7621832299191179,-0.34926785606220023,-1.8753400432848133
691,2019-11-23,1,11,327,1,5,0,1,2307,1.0,0.0,0.0,0.0,-0.695533785692302,-0.5877881127218523,-0.4329534206898077,-0.5380624158594548
692,2019-11-24,1,11,328,1,6,0,1,1745,1.0,0.0,0.0,0.0,-1.187429793644972,-1.3860779555471434,-1.6104976127032171,2.6782837929377235
693,2019-11-25,1,11,329,0,0,1,1,2115,1.0,0.0,0.0,0.0,-1.3650589076278805,-1.3318035528739165,-1.1532288422386605,-0.5032215932612105
694,2019-11-26,1,11,330,0,1,1,1,4750,1.0,0.0,0.0,0.0,-0.9961369016633781,-0.8319646047846956,-0.6720458116842402,-1.9627695669714442
695,2019-11-27,1,11,331,0,2,1,2,3836,1.0,0.0,0.0,0.0,-1.1145526673111843,-1.1846223738115238,1.1301311072054832,0.7203813502839058
696,2019-11-28,1,11,332,0,3,1,1,5062,1.0,0.0,0.0,0.0,-1.0872251113138136,-1.134258478377619,-0.8812561368315298,0.34455301744822603
697,2019-11-29,1,11,333,0,4,1,1,5080,1.0,0.0,0.0,0.0,-1.1735637917319062,-1.0810952245431948,-0.5269033243061964,-0.9948159025961799
698,2019-11-30,1,11,334,0,5,0,1,5306,1.0,0.0,0.0,0.0,-1.0781195696554897,-0.9248897980054438,0.146849034572333,-1.7966354823529183
699,2019-12-01,1,12,335,0,6,0,2,4240,1.0,0.0,0.0,0.0,-1.0781195696554897,-0.9676352641081105,1.2735879763708342,-1.7793008028076682
700,2019-12-02,1,12,336,0,0,1,2,3757,1.0,0.0,0.0,0.0,-0.8093967805109461,-0.7079333830213344,1.3931305854463205,-0.8703362068508596
701,2019-12-03,1,12,337,0,1,1,1,5679,1.0,0.0,0.0,0.0,-0.23551810456616484,-0.11498507339554152,0.9926492166408686,-1.4558166247460511
702,2019-12-04,1,12,338,0,2,1,1,6055,1.0,0.0,0.0,0.0,-0.10799133174883506,-0.033594955689213946,0.7505657499243386,-0.17113050928625528
703,2019-12-05,1,12,339,0,3,1,1,5398,1.0,0.0,0.0,0.0,-0.31294800172911436,-0.2855494896236756,-1.0336790603197152,1.9355094991429629
704,2019-12-06,1,12,340,0,4,1,1,5035,1.0,0.0,0.0,0.0,-1.3104037956331394,-1.327991268736367,-0.863324028185861,-0.1623465181108207
705,2019-12-07,1,12,341,0,5,0,2,4659,1.0,0.0,0.0,0.0,-0.9551455676673222,-0.936609041835688,0.9687421293944632,-0.7829038722870524
706,2019-12-08,1,12,342,0,6,0,2,4429,1.0,0.0,0.0,0.0,-0.6226566593585143,-0.5219233840394574,2.0237454637668293,-1.1935870821068573
707,2019-12-09,1,12,343,0,0,1,2,2787,1.0,0.0,0.0,0.0,-0.608992881359829,-0.5180067378562746,1.9819062678747552,-0.39816505880301145
708,2019-12-10,1,12,344,0,1,1,2,4841,1.0,0.0,0.0,0.0,-0.32661177972779953,-0.2391206572045361,2.1223720613180084,0.05625539987751805
709,2019-12-11,1,12,345,0,2,1,2,5219,1.0,0.0,0.0,0.0,-0.7775164536844137,-0.8358996677994605,-0.23270914986535252,1.542211564657579
710,2019-12-12,1,12,346,0,3,1,2,5009,1.0,0.0,0.0,0.0,-1.0826723404846517,-1.087749839688289,-0.6511298001599318,-0.3284271960630001
711,2019-12-13,1,12,347,0,4,1,1,5107,1.0,0.0,0.0,0.0,-1.091783347654175,-1.107087512849771,-1.0277040817189784,-0.17113050928625528
712,2019-12-14,1,12,348,0,5,0,1,5182,1.0,0.0,0.0,0.0,-1.1692077793059252,-1.107062957074328,0.09903486007952235,-0.7740636635680946
713,2019-12-15,1,12,349,0,6,0,1,4280,1.0,0.0,0.0,0.0,-0.9369235533282757,-0.835776888922245,0.15283118601652898,-1.1237227298939196
714,2019-12-16,1,12,350,0,0,1,2,3248,1.0,0.0,0.0,0.0,-0.7274141125188345,-0.642062515395079,1.5037143130424317,-1.2025397259128603
715,2019-12-17,1,12,351,0,1,1,2,4373,1.0,0.0,0.0,0.0,-0.5588960057054492,-0.44830516926088765,1.993856225076228,-1.2374466041247438
716,2019-12-18,1,12,352,0,2,1,1,5124,1.0,0.0,0.0,0.0,-0.4632495597146526,-0.3979167180515397,0.2663988164912787,0.4932905832236271
717,2019-12-19,1,12,353,0,3,1,1,4934,1.0,0.0,0.0,0.0,-0.8913794485030578,-0.8125778200723268,-0.026489900440160353,-0.03110666275688567
718,2019-12-20,1,12,354,0,4,1,2,3814,1.0,0.0,0.0,0.0,-0.9050432265017432,-0.8552127851854995,0.27835594653621115,-0.7567205513913164
719,2019-12-21,1,12,355,0,5,0,2,3402,0.0,0.0,0.0,1.0,-0.9232597753295902,-1.0605604573288587,-0.5196228881960546,2.643316480866553
720,2019-12-22,1,12,356,0,6,0,1,1544,0.0,0.0,0.0,1.0,-1.2557486836383984,-1.4636066775650352,-1.3474909616189208,-0.07491418354701358
721,2019-12-23,1,12,357,0,0,1,1,1379,0.0,0.0,0.0,1.0,-1.3650589076278805,-1.3202132268647488,-0.8155026808495912,-0.7480068321452853
722,2019-12-24,1,12,358,1,1,0,2,746,0.0,0.0,0.0,1.0,-1.44446731984504,-1.3237185638092586,1.1633915823214689,-1.532980824985422
723,2019-12-25,1,12,359,1,2,0,2,573,0.0,0.0,0.0,1.0,-1.1165366478765932,-1.1053870254003328,0.7579752972167293,-0.24706635619965361
724,2019-12-26,1,12,360,0,3,1,3,432,0.0,0.0,0.0,1.0,-1.3787226856265657,-1.56047921168827,1.3931305854463205,1.8304529646847638
725,2019-12-27,1,12,361,0,4,1,2,1867,0.0,0.0,0.0,1.0,-1.3195093372914632,-1.5217486148705583,0.1707632946621979,2.3024976232596854
726,2019-12-28,1,12,362,0,5,0,2,2451,0.0,0.0,0.0,1.0,-1.3240675736318246,-1.3473780534487356,-0.2805304972016222,-0.4333572410482733
727,2019-12-29,1,12,363,0,6,0,2,1182,0.0,0.0,0.0,1.0,-1.3240675736318246,-1.425011137512261,0.8880476404889532,-0.8702799893073367
728,2019-12-30,1,12,364,0,0,1,1,1432,0.0,0.0,0.0,1.0,-1.3104037956331394,-1.4906978368226926,-1.0456361903646472,2.3112253968915972
729,2019-12-31,1,12,365,1,1,0,2,2290,0.0,0.0,0.0,1.0,-1.529024243612104,-1.5411169827513447,-0.37019104042996664,-0.4421412322237078
